ticker,model_version,qv_policy_version,watch_observed_at,qv_status,qv_reason,qv_event,trend_status,trend_reason,trend_event,price,price_asof,financial_asof,fundamentals_asof,entry_status,qv_price_limit,qv_pe,qv_normalized_owner_yield,roe,trend_asof,trend_adjusted_close,trend_ma50,trend_ma200,trend_momentum_6m,trend_benchmark_momentum_6m,trend_relative_6m,trend_benchmark,trend_benchmark_close,trend_observations
AAPL,MOS_Radar_V6.8.0,1,2026-09-07T18:46:16.323253+00:00,QUALITY_PRICE_WAIT,质量通过，但价格超过20倍盈利或5%正常化Owner FCF收益率约束,FIRST_OBSERVATION,NOT_ELIGIBLE,先满足质量与合理估值条件,FIRST_OBSERVATION,319.97,2026-09-04T20:00:01+00:00,2026-06-30,2026-09-07T17:48:07.318683+00:00,WAIT_PRICE,124.14720523896844,36.21887685112201,0.0193998195516717,1.199125744047619,,,,,,,,,,
JNJ,MOS_Radar_V6.8.0,1,2026-09-07T18:46:16.323253+00:00,QUALITY_PRICE_WAIT,质量通过，但价格超过20倍盈利或5%正常化Owner FCF收益率约束,FIRST_OBSERVATION,NOT_ELIGIBLE,先满足质量与合理估值条件,FIRST_OBSERVATION,275.23,2026-09-04T20:00:02+00:00,2026-06-30,2026-09-07T17:48:39.240861+00:00,WAIT_PRICE,140.0577546902689,31.529040135392247,0.0254437660666113,0.247578585635099,,,,,,,,,,
NFLX,MOS_Radar_V6.8.0,1,2026-09-07T18:46:16.323253+00:00,QUALITY_PRICE_WAIT,质量通过，但价格超过20倍盈利或5%正常化Owner FCF收益率约束,FIRST_OBSERVATION,NOT_ELIGIBLE,先满足质量与合理估值条件,FIRST_OBSERVATION,78.25,2026-09-04T20:00:00+00:00,2026-06-30,2026-09-07T17:48:52.292755+00:00,WAIT_PRICE,28.063926015435385,23.870829699929125,0.0179322210961248,0.4526936342508297,,,,,,,,,,
NVS,MOS_Radar_V6.8.0,1,2026-09-07T18:46:16.323253+00:00,QUALITY_PRICE_WAIT,质量通过，但价格超过20倍盈利或5%正常化Owner FCF收益率约束,FIRST_OBSERVATION,NOT_ELIGIBLE,先满足质量与合理估值条件,FIRST_OBSERVATION,159.99,2026-09-04T20:00:02+00:00,2026-06-30,2026-09-07T17:49:12.351960+00:00,WAIT_PRICE,128.78049165743994,23.83753058654373,0.0402464190441402,0.3070868037167204,,,,,,,,,,
KLAC,MOS_Radar_V6.8.0,1,2026-09-07T18:46:16.323253+00:00,QUALITY_PRICE_WAIT,质量通过，但价格超过20倍盈利或5%正常化Owner FCF收益率约束,FIRST_OBSERVATION,NOT_ELIGIBLE,先满足质量与合理估值条件,FIRST_OBSERVATION,185.6,2026-09-04T20:00:01+00:00,2026-06-30,2026-09-07T17:49:24.096286+00:00,WAIT_PRICE,49.41989733299452,50.198009986258654,0.0133135499280696,0.7607729037988479,,,,,,,,,,
QCOM,MOS_Radar_V6.8.0,1,2026-09-07T18:46:16.323253+00:00,QUALITY_PRICE_WAIT,质量通过，但价格超过20倍盈利或5%正常化Owner FCF收益率约束,FIRST_OBSERVATION,NOT_ELIGIBLE,先满足质量与合理估值条件,FIRST_OBSERVATION,168.74,2026-09-04T20:00:00+00:00,2026-06-30,2026-09-07T17:49:33.994326+00:00,WAIT_PRICE,134.33695663825304,19.46479451813495,0.039805901575872,0.3347675175356135,,,,,,,,,,
ADI,MOS_Radar_V6.8.0,1,2026-09-07T18:46:16.323253+00:00,QUALITY_PRICE_WAIT,质量通过，但价格超过20倍盈利或5%正常化Owner FCF收益率约束,FIRST_OBSERVATION,NOT_ELIGIBLE,先满足质量与合理估值条件,FIRST_OBSERVATION,362.25,2026-09-04T20:00:01+00:00,2026-07-31,2026-09-07T17:49:41.545570+00:00,WAIT_PRICE,138.5818116443771,42.45070614109442,0.0191279243125434,0.1232457063666584,,,,,,,,,,
TJX,MOS_Radar_V6.8.0,1,2026-09-07T18:46:16.323253+00:00,QUALITY_PRICE_WAIT,质量通过，但价格超过20倍盈利或5%正常化Owner FCF收益率约束,FIRST_OBSERVATION,NOT_ELIGIBLE,先满足质量与合理估值条件,FIRST_OBSERVATION,132.08,2026-09-04T20:02:40+00:00,2026-07-31,2026-09-07T17:50:16.956694+00:00,WAIT_PRICE,69.99255860877102,23.94669127921422,0.0264962744581961,0.5696178762557507,,,,,,,,,,
LMT,MOS_Radar_V6.8.0,1,2026-09-07T18:46:16.323253+00:00,QUALITY_PRICE_WAIT,质量通过，但价格超过20倍盈利或5%正常化Owner FCF收益率约束,FIRST_OBSERVATION,NOT_ELIGIBLE,先满足质量与合理估值条件,FIRST_OBSERVATION,525.28,2026-09-04T20:00:02+00:00,2026-06-30,2026-09-07T17:51:20.275211+00:00,WAIT_PRICE,507.76150520518615,19.282610704197207,0.0483324612782883,0.7170392335766423,,,,,,,,,,
SYK,MOS_Radar_V6.8.0,1,2026-09-07T18:46:16.323253+00:00,QUALITY_PRICE_WAIT,质量通过，但价格超过20倍盈利或5%正常化Owner FCF收益率约束,FIRST_OBSERVATION,NOT_ELIGIBLE,先满足质量与合理估值条件,FIRST_OBSERVATION,303.13,2026-09-04T20:00:02+00:00,2026-06-30,2026-09-07T17:51:21.903157+00:00,WAIT_PRICE,157.68834556145725,31.18061123810546,0.0260100197211521,0.1554527263631815,,,,,,,,,,
BMY,MOS_Radar_V6.8.0,1,2026-09-07T18:46:16.323253+00:00,QUALITY_WATCH,通过质量门槛及合理估值初始规则；不等于厚安全边际或买入指令,FIRST_OBSERVATION,TREND_WATCH,完整交易日趋势通过，需复核当前报价,FIRST_OBSERVATION,66.82,2026-09-04T20:00:02+00:00,2026-06-30,2026-09-07T17:51:29.754431+00:00,WAIT_PRICE,90.879066394598,14.70525670012206,0.079761635168491,0.4158788476186209,2026-09-04T00:00:00+00:00,66.81999969482422,62.84862228393555,57.3030002784729,0.1375054375768878,0.1201908141361998,0.017314623440688,^GSPC,7718.60009765625,378.0
ACN,MOS_Radar_V6.8.0,1,2026-09-07T18:46:16.323253+00:00,QUALITY_WATCH,通过质量门槛及合理估值初始规则；不等于厚安全边际或买入指令,FIRST_OBSERVATION,TREND_WAIT,长均线或相对强度未同时通过；若此前持有，应复核趋势理由,FIRST_OBSERVATION,186.72,2026-09-04T20:00:03+00:00,2026-05-31,2026-09-07T17:51:36.657469+00:00,WAIT_PRICE,242.5049393517465,14.668224526208236,0.064938126433094,0.2442650908108686,2026-09-04T00:00:00+00:00,186.72000122070312,161.45261901855469,199.947373085022,-0.2773184828893069,0.1201908141361998,-0.3975092970255067,^GSPC,7718.60009765625,378.0
PH,MOS_Radar_V6.8.0,1,2026-09-07T18:46:16.323253+00:00,QUALITY_PRICE_WAIT,质量通过，但价格超过20倍盈利或5%正常化Owner FCF收益率约束,FIRST_OBSERVATION,NOT_ELIGIBLE,先满足质量与合理估值条件,FIRST_OBSERVATION,962.59,2026-09-04T20:00:02+00:00,2026-06-30,2026-09-07T17:51:42.775060+00:00,WAIT_PRICE,483.6669770745394,33.2598784456617,0.0251232080675333,0.2368216047779797,,,,,,,,,,
INTU,MOS_Radar_V6.8.0,1,2026-09-07T18:46:16.323253+00:00,QUALITY_PRICE_WAIT,质量通过，但价格超过20倍盈利或5%正常化Owner FCF收益率约束,FIRST_OBSERVATION,NOT_ELIGIBLE,先满足质量与合理估值条件,FIRST_OBSERVATION,332.7,2026-09-04T20:00:01+00:00,2025-07-31,2026-09-07T17:51:44.677123+00:00,WAIT_PRICE,223.64432510205205,23.521779074457147,0.0336105087318984,0.1875515051626351,,,,,,,,,,
TT,MOS_Radar_V6.8.0,1,2026-09-07T18:46:16.323253+00:00,QUALITY_PRICE_WAIT,质量通过，但价格超过20倍盈利或5%正常化Owner FCF收益率约束,FIRST_OBSERVATION,NOT_ELIGIBLE,先满足质量与合理估值条件,FIRST_OBSERVATION,447.9,2026-09-04T20:00:02+00:00,2026-06-30,2026-09-07T17:51:51.604092+00:00,WAIT_PRICE,195.3771469529729,33.4175583707647,0.0218103535334865,0.3419963121455658,,,,,,,,,,
ADBE,MOS_Radar_V6.8.0,1,2026-09-07T18:46:16.323253+00:00,QUALITY_WATCH,通过质量门槛及合理估值初始规则；不等于厚安全边际或买入指令,FIRST_OBSERVATION,TREND_WAIT,长均线或相对强度未同时通过；若此前持有，应复核趋势理由,FIRST_OBSERVATION,266.51,2026-09-04T20:00:01+00:00,2026-05-31,2026-09-07T17:51:54.781667+00:00,WAIT_PRICE,316.1006173480624,14.654548192258394,0.0593037066804364,0.6276263240145858,2026-09-04T00:00:00+00:00,266.510009765625,248.8477981567383,267.93474983215333,-0.0696078145775855,0.1201908141361998,-0.1897986287137854,^GSPC,7718.60009765625,378.0
CDNS,MOS_Radar_V6.8.0,1,2026-09-07T18:46:16.323253+00:00,QUALITY_PRICE_WAIT,质量通过，但价格超过20倍盈利或5%正常化Owner FCF收益率约束,FIRST_OBSERVATION,NOT_ELIGIBLE,先满足质量与合理估值条件,FIRST_OBSERVATION,292.7,2026-09-04T20:00:01+00:00,2026-06-30,2026-09-07T17:52:07.585230+00:00,WAIT_PRICE,65.84820327211406,58.49628841760629,0.0112484119016252,0.200933425858378,,,,,,,,,,
FTNT,MOS_Radar_V6.8.0,1,2026-09-07T18:46:16.323253+00:00,QUALITY_PRICE_WAIT,质量通过，但价格超过20倍盈利或5%正常化Owner FCF收益率约束,FIRST_OBSERVATION,NOT_ELIGIBLE,先满足质量与合理估值条件,FIRST_OBSERVATION,156.29,2026-09-04T20:00:00+00:00,2026-06-30,2026-09-07T17:52:29.419821+00:00,WAIT_PRICE,42.81029965967466,54.07275989122176,0.013695789768915,1.367223260911611,,,,,,,,,,
ADP,MOS_Radar_V6.8.0,1,2026-09-07T18:46:16.323253+00:00,QUALITY_PRICE_WAIT,质量通过，但价格超过20倍盈利或5%正常化Owner FCF收益率约束,FIRST_OBSERVATION,NOT_ELIGIBLE,先满足质量与合理估值条件,FIRST_OBSERVATION,277.62,2026-09-04T20:00:01+00:00,2026-06-30,2026-09-07T17:52:48.133011+00:00,WAIT_PRICE,194.158661693474,24.98936853812945,0.0349684211680487,0.7317615068311447,,,,,,,,,,
MNST,MOS_Radar_V6.8.0,1,2026-09-07T18:46:16.323253+00:00,QUALITY_PRICE_WAIT,质量通过，但价格超过20倍盈利或5%正常化Owner FCF收益率约束,FIRST_OBSERVATION,NOT_ELIGIBLE,先满足质量与合理估值条件,FIRST_OBSERVATION,43.82,2026-09-04T20:00:01+00:00,2026-06-30,2026-09-07T17:52:55.074243+00:00,WAIT_PRICE,13.709961972730662,40.34725671773576,0.0156434983714407,0.2272144780283267,,,,,,,,,,
ITW,MOS_Radar_V6.8.0,1,2026-09-07T18:46:16.323253+00:00,QUALITY_PRICE_WAIT,质量通过，但价格超过20倍盈利或5%正常化Owner FCF收益率约束,FIRST_OBSERVATION,NOT_ELIGIBLE,先满足质量与合理估值条件,FIRST_OBSERVATION,270.12,2026-09-04T20:00:03+00:00,2026-06-30,2026-09-07T17:54:12.927574+00:00,WAIT_PRICE,180.9866605749683,24.085840516397933,0.0335011588506901,1.103662750518314,,,,,,,,,,
CL,MOS_Radar_V6.8.0,1,2026-09-07T18:46:16.323253+00:00,QUALITY_PRICE_WAIT,质量通过，但价格超过20倍盈利或5%正常化Owner FCF收益率约束,FIRST_OBSERVATION,NOT_ELIGIBLE,先满足质量与合理估值条件,FIRST_OBSERVATION,88.77,2026-09-04T20:00:02+00:00,2026-06-30,2026-09-07T17:54:20.504867+00:00,WAIT_PRICE,51.1056072893664,34.7398278616955,0.0407793231534315,8.63135593220339,,,,,,,,,,
ROST,MOS_Radar_V6.8.0,1,2026-09-07T18:46:16.323253+00:00,QUALITY_PRICE_WAIT,质量通过，但价格超过20倍盈利或5%正常化Owner FCF收益率约束,FIRST_OBSERVATION,NOT_ELIGIBLE,先满足质量与合理估值条件,FIRST_OBSERVATION,230.69,2026-09-04T20:00:00+00:00,2026-07-31,2026-09-07T17:54:38.047698+00:00,WAIT_PRICE,94.4175333925971,27.71451399452169,0.0204641582627329,0.3943334484125007,,,,,,,,,,
CTAS,MOS_Radar_V6.8.0,1,2026-09-07T18:46:16.323253+00:00,QUALITY_PRICE_WAIT,质量通过，但价格超过20倍盈利或5%正常化Owner FCF收益率约束,FIRST_OBSERVATION,NOT_ELIGIBLE,先满足质量与合理估值条件,FIRST_OBSERVATION,200.47,2026-09-04T20:00:01+00:00,2026-05-31,2026-09-07T17:54:53.006273+00:00,WAIT_PRICE,75.90949631231496,40.2415599322794,0.018932881805835,0.3878511336922388,,,,,,,,,,
TEL,MOS_Radar_V6.8.0,1,2026-09-07T18:46:16.323253+00:00,QUALITY_PRICE_WAIT,质量通过，但价格超过20倍盈利或5%正常化Owner FCF收益率约束,FIRST_OBSERVATION,NOT_ELIGIBLE,先满足质量与合理估值条件,FIRST_OBSERVATION,208.65,2026-09-04T20:02:03+00:00,2026-06-30,2026-09-07T17:55:20.355459+00:00,WAIT_PRICE,165.48467139982654,20.028824023591344,0.0396560439491556,0.2276913785293673,,,,,,,,,,
AME,MOS_Radar_V6.8.0,1,2026-09-07T18:46:16.323253+00:00,QUALITY_PRICE_WAIT,质量通过，但价格超过20倍盈利或5%正常化Owner FCF收益率约束,FIRST_OBSERVATION,NOT_ELIGIBLE,先满足质量与合理估值条件,FIRST_OBSERVATION,237.72,2026-09-04T20:00:03+00:00,2026-06-30,2026-09-07T17:56:17.554582+00:00,WAIT_PRICE,126.35146850747518,34.57528418579299,0.0265756916766521,0.1399789694534908,,,,,,,,,,
ADSK,MOS_Radar_V6.8.0,1,2026-09-07T18:46:16.323253+00:00,QUALITY_PRICE_WAIT,质量通过，但价格超过20倍盈利或5%正常化Owner FCF收益率约束,FIRST_OBSERVATION,NOT_ELIGIBLE,先满足质量与合理估值条件,FIRST_OBSERVATION,217.9,2026-09-04T20:00:01+00:00,2026-07-31,2026-09-07T17:56:45.295003+00:00,WAIT_PRICE,94.38596755609085,27.735139296202945,0.021658092601214,0.485368016553355,,,,,,,,,,
ROK,MOS_Radar_V6.8.0,1,2026-09-07T18:46:16.323253+00:00,QUALITY_PRICE_WAIT,质量通过，但价格超过20倍盈利或5%正常化Owner FCF收益率约束,FIRST_OBSERVATION,NOT_ELIGIBLE,先满足质量与合理估值条件,FIRST_OBSERVATION,433.81,2026-09-04T20:00:02+00:00,2026-06-30,2026-09-07T17:56:47.704768+00:00,WAIT_PRICE,159.88034022052813,40.1115952243506,0.018427461356415,0.3437321121923297,,,,,,,,,,
GRMN,MOS_Radar_V6.8.0,1,2026-09-07T18:46:16.323253+00:00,QUALITY_PRICE_WAIT,质量通过，但价格超过20倍盈利或5%正常化Owner FCF收益率约束,FIRST_OBSERVATION,NOT_ELIGIBLE,先满足质量与合理估值条件,FIRST_OBSERVATION,277.03,2026-09-04T20:02:18+00:00,2026-06-30,2026-09-07T17:57:29.429992+00:00,WAIT_PRICE,99.74302378248235,28.45901484405975,0.018002206219991,0.2079179640122347,,,,,,,,,,
IDXX,MOS_Radar_V6.8.0,1,2026-09-07T18:46:16.323253+00:00,QUALITY_PRICE_WAIT,质量通过，但价格超过20倍盈利或5%正常化Owner FCF收益率约束,FIRST_OBSERVATION,NOT_ELIGIBLE,先满足质量与合理估值条件,FIRST_OBSERVATION,535.38,2026-09-04T20:00:01+00:00,2026-06-30,2026-09-07T17:57:50.755555+00:00,WAIT_PRICE,175.73157853889646,37.00926794467227,0.0164118549944802,0.7067305396648218,,,,,,,,,,
EME,MOS_Radar_V6.8.0,1,2026-09-07T18:46:16.323253+00:00,QUALITY_PRICE_WAIT,质量通过，但价格超过20倍盈利或5%正常化Owner FCF收益率约束,FIRST_OBSERVATION,NOT_ELIGIBLE,先满足质量与合理估值条件,FIRST_OBSERVATION,754.16,2026-09-04T20:00:03+00:00,2026-06-30,2026-09-07T17:58:04.902776+00:00,WAIT_PRICE,422.32186518304377,23.11485031773296,0.0279994871899228,0.3528293241302143,,,,,,,,,,
KVUE,MOS_Radar_V6.8.0,1,2026-09-07T18:46:16.323253+00:00,QUALITY_PRICE_WAIT,质量通过，但价格超过20倍盈利或5%正常化Owner FCF收益率约束,FIRST_OBSERVATION,NOT_ELIGIBLE,先满足质量与合理估值条件,FIRST_OBSERVATION,18.74,2026-09-04T20:00:02+00:00,2026-06-30,2026-09-07T17:59:29.058110+00:00,WAIT_PRICE,17.263878835640515,21.71006895775021,0.0479507122259584,0.1571117217852743,,,,,,,,,,
A,MOS_Radar_V6.8.0,1,2026-09-07T18:46:16.323253+00:00,QUALITY_PRICE_WAIT,质量通过，但价格超过20倍盈利或5%正常化Owner FCF收益率约束,FIRST_OBSERVATION,NOT_ELIGIBLE,先满足质量与合理估值条件,FIRST_OBSERVATION,150.86,2026-09-04T20:04:11+00:00,2026-07-31,2026-09-07T17:59:46.086589+00:00,WAIT_PRICE,80.27568898369603,29.539835223109915,0.0266060218028954,0.1955724568789895,,,,,,,,,,
RMD,MOS_Radar_V6.8.0,1,2026-09-07T18:46:16.323253+00:00,QUALITY_PRICE_WAIT,质量通过，但价格超过20倍盈利或5%正常化Owner FCF收益率约束,FIRST_OBSERVATION,NOT_ELIGIBLE,先满足质量与合理估值条件,FIRST_OBSERVATION,228.35,2026-09-04T20:00:02+00:00,2026-06-30,2026-09-07T18:00:24.025878+00:00,WAIT_PRICE,165.61155952303184,21.624214747619927,0.0362626580956934,0.2313139094356252,,,,,,,,,,
DOV,MOS_Radar_V6.8.0,1,2026-09-07T18:46:16.323253+00:00,QUALITY_PRICE_WAIT,质量通过，但价格超过20倍盈利或5%正常化Owner FCF收益率约束,FIRST_OBSERVATION,NOT_ELIGIBLE,先满足质量与合理估值条件,FIRST_OBSERVATION,192.88,2026-09-04T20:00:02+00:00,2026-06-30,2026-09-07T18:00:42.448090+00:00,WAIT_PRICE,122.3846677025772,22.892374933349448,0.0317255982223603,0.1472935372307698,,,,,,,,,,
EXPE,MOS_Radar_V6.8.0,1,2026-09-07T18:46:16.323253+00:00,QUALITY_WATCH,通过质量门槛及合理估值初始规则；不等于厚安全边际或买入指令,FIRST_OBSERVATION,TREND_WATCH,完整交易日趋势通过，需复核当前报价,FIRST_OBSERVATION,298.04,2026-09-04T20:00:01+00:00,2026-06-30,2026-09-07T18:01:19.251874+00:00,WAIT_PRICE,334.04964474862425,17.56944049835917,0.0560410758201288,1.684036393713813,2026-09-04T00:00:00+00:00,298.0400085449219,294.3656707763672,257.792446975708,0.3019595927843126,0.1201908141361998,0.1817687786481128,^GSPC,7718.60009765625,378.0
TPR,MOS_Radar_V6.8.0,1,2026-09-07T18:46:16.323253+00:00,QUALITY_PRICE_WAIT,质量通过，但价格超过20倍盈利或5%正常化Owner FCF收益率约束,FIRST_OBSERVATION,NOT_ELIGIBLE,先满足质量与合理估值条件,FIRST_OBSERVATION,122.14,2026-09-04T20:00:02+00:00,2026-06-30,2026-09-07T18:01:21.202694+00:00,WAIT_PRICE,112.53227986840048,15.941414825699402,0.0460669231490095,2.2073399797717093,,,,,,,,,,
STRL,MOS_Radar_V6.8.0,1,2026-09-07T18:46:16.323253+00:00,QUALITY_PRICE_WAIT,质量通过，但价格超过20倍盈利或5%正常化Owner FCF收益率约束,FIRST_OBSERVATION,NOT_ELIGIBLE,先满足质量与合理估值条件,FIRST_OBSERVATION,486.49,2026-09-04T20:00:00+00:00,2026-06-30,2026-09-07T18:01:23.121377+00:00,WAIT_PRICE,209.3442424553604,34.48829105196997,0.0215157806383852,0.3178923094491698,,,,,,,,,,
ROL,MOS_Radar_V6.8.0,1,2026-09-07T18:46:16.323253+00:00,QUALITY_PRICE_WAIT,质量通过，但价格超过20倍盈利或5%正常化Owner FCF收益率约束,FIRST_OBSERVATION,NOT_ELIGIBLE,先满足质量与合理估值条件,FIRST_OBSERVATION,35.86,2026-09-04T20:00:02+00:00,2026-06-30,2026-09-07T18:01:33.696362+00:00,WAIT_PRICE,21.25962285176237,32.44941751067835,0.0296425304681572,0.3719341884461145,,,,,,,,,,
NTAP,MOS_Radar_V6.8.0,1,2026-09-07T18:46:16.323253+00:00,QUALITY_PRICE_WAIT,质量通过，但价格超过20倍盈利或5%正常化Owner FCF收益率约束,FIRST_OBSERVATION,NOT_ELIGIBLE,先满足质量与合理估值条件,FIRST_OBSERVATION,185.59,2026-09-04T20:00:00+00:00,2026-04-30,2026-09-07T18:02:15.740696+00:00,WAIT_PRICE,106.0997147970494,28.5684971932932,0.0285844374150141,0.9444855662472242,,,,,,,,,,
CHD,MOS_Radar_V6.8.0,1,2026-09-07T18:46:16.323253+00:00,QUALITY_PRICE_WAIT,质量通过，但价格超过20倍盈利或5%正常化Owner FCF收益率约束,FIRST_OBSERVATION,NOT_ELIGIBLE,先满足质量与合理估值条件,FIRST_OBSERVATION,98.55,2026-09-04T20:00:02+00:00,2025-12-31,2026-09-07T18:02:37.352755+00:00,WAIT_PRICE,62.12376402247156,31.726989357680345,0.0360384127122945,0.1760152890587673,,,,,,,,,,
WST,MOS_Radar_V6.8.0,1,2026-09-07T18:46:16.323253+00:00,QUALITY_PRICE_WAIT,质量通过，但价格超过20倍盈利或5%正常化Owner FCF收益率约束,FIRST_OBSERVATION,NOT_ELIGIBLE,先满足质量与合理估值条件,FIRST_OBSERVATION,339.97,2026-09-04T20:01:53+00:00,2026-06-30,2026-09-07T18:03:01.974762+00:00,WAIT_PRICE,103.63416465949946,42.35377570020873,0.0152416631849132,0.1889171292890107,,,,,,,,,,
MTD,MOS_Radar_V6.8.0,1,2026-09-07T18:46:16.323253+00:00,QUALITY_PRICE_WAIT,质量通过，但价格超过20倍盈利或5%正常化Owner FCF收益率约束,FIRST_OBSERVATION,NOT_ELIGIBLE,先满足质量与合理估值条件,FIRST_OBSERVATION,1345.26,2026-09-04T20:00:02+00:00,2026-06-30,2026-09-07T18:03:12.940467+00:00,WAIT_PRICE,806.3742323575617,29.76375237934336,0.0299709436227034,70.62395695235125,,,,,,,,,,
VLTO,MOS_Radar_V6.8.0,1,2026-09-07T18:46:16.323253+00:00,QUALITY_PRICE_WAIT,质量通过，但价格超过20倍盈利或5%正常化Owner FCF收益率约束,FIRST_OBSERVATION,NOT_ELIGIBLE,先满足质量与合理估值条件,FIRST_OBSERVATION,96.31,2026-09-04T20:00:02+00:00,2026-06-30,2026-09-07T18:03:14.730646+00:00,WAIT_PRICE,68.58267805639082,23.76491534963705,0.0356051697935784,0.3190184049079754,,,,,,,,,,
FFIV,MOS_Radar_V6.8.0,1,2026-09-07T18:46:16.323253+00:00,QUALITY_PRICE_WAIT,质量通过，但价格超过20倍盈利或5%正常化Owner FCF收益率约束,FIRST_OBSERVATION,NOT_ELIGIBLE,先满足质量与合理估值条件,FIRST_OBSERVATION,390.47,2026-09-04T20:00:01+00:00,2026-06-30,2026-09-07T18:03:28.839367+00:00,WAIT_PRICE,153.6523567921655,30.434840297676534,0.0196753088319417,0.1884235121296128,,,,,,,,,,
SNA,MOS_Radar_V6.8.0,1,2026-09-07T18:46:16.323253+00:00,QUALITY_PRICE_WAIT,质量通过，但价格超过20倍盈利或5%正常化Owner FCF收益率约束,FIRST_OBSERVATION,NOT_ELIGIBLE,先满足质量与合理估值条件,FIRST_OBSERVATION,383.0,2026-09-04T20:00:02+00:00,2026-06-30,2026-09-07T18:04:31.477372+00:00,WAIT_PRICE,353.1706112251669,19.165607518622423,0.0461058239197345,0.1711055567510304,,,,,,,,,,
BR,MOS_Radar_V6.8.0,1,2026-09-07T18:46:16.323253+00:00,QUALITY_PRICE_WAIT,质量通过，但价格超过20倍盈利或5%正常化Owner FCF收益率约束,FIRST_OBSERVATION,NOT_ELIGIBLE,先满足质量与合理估值条件,FIRST_OBSERVATION,172.88,2026-09-04T20:00:02+00:00,2026-06-30,2026-09-07T18:05:26.961854+00:00,WAIT_PRICE,160.92098005476166,17.5312068614257,0.0465412367118121,0.3958318665070759,,,,,,,,,,
NBIX,MOS_Radar_V6.8.0,1,2026-09-07T18:46:16.323253+00:00,QUALITY_PRICE_WAIT,质量通过，但价格超过20倍盈利或5%正常化Owner FCF收益率约束,FIRST_OBSERVATION,NOT_ELIGIBLE,先满足质量与合理估值条件,FIRST_OBSERVATION,155.64,2026-09-04T20:00:00+00:00,2025-12-31,2026-09-07T18:06:02.916427+00:00,WAIT_PRICE,59.498758024598274,33.05616061178074,0.0191142245003207,0.1295754819146632,,,,,,,,,,
NDSN,MOS_Radar_V6.8.0,1,2026-09-07T18:46:16.323253+00:00,QUALITY_PRICE_WAIT,质量通过，但价格超过20倍盈利或5%正常化Owner FCF收益率约束,FIRST_OBSERVATION,NOT_ELIGIBLE,先满足质量与合理估值条件,FIRST_OBSERVATION,318.36,2026-09-04T20:00:00+00:00,2026-07-31,2026-09-07T18:06:19.830544+00:00,WAIT_PRICE,191.19976141229617,31.94011532130473,0.0300288606314072,0.1698280759080824,,,,,,,,,,
LOGI,MOS_Radar_V6.8.0,1,2026-09-07T18:46:16.323253+00:00,QUALITY_WATCH,通过质量门槛及合理估值初始规则；不等于厚安全边际或买入指令,FIRST_OBSERVATION,TREND_WATCH,完整交易日趋势通过，需复核当前报价,FIRST_OBSERVATION,102.05,2026-09-04T20:00:00+00:00,2026-06-30,2026-09-07T18:06:28.501343+00:00,WAIT_PRICE,102.55632812913696,18.24564281745967,0.050248078456216,0.3405424482671378,2026-09-04T00:00:00+00:00,102.0500030517578,101.12600006103516,100.7161500930786,0.1278203480708495,0.1201908141361998,0.0076295339346497,^GSPC,7718.60009765625,378.0
MLI,MOS_Radar_V6.8.0,1,2026-09-07T18:46:16.323253+00:00,QUALITY_PRICE_WAIT,质量通过，但价格超过20倍盈利或5%正常化Owner FCF收益率约束,FIRST_OBSERVATION,NOT_ELIGIBLE,先满足质量与合理估值条件,FIRST_OBSERVATION,63.74,2026-09-04T20:00:02+00:00,2026-06-30,2026-09-07T18:06:30.157136+00:00,WAIT_PRICE,54.085411344163326,16.57609574791256,0.0424265856166954,0.2397316609118455,,,,,,,,,,
LECO,MOS_Radar_V6.8.0,1,2026-09-07T18:46:16.323253+00:00,QUALITY_PRICE_WAIT,质量通过，但价格超过20倍盈利或5%正常化Owner FCF收益率约束,FIRST_OBSERVATION,NOT_ELIGIBLE,先满足质量与合理估值条件,FIRST_OBSERVATION,276.44,2026-09-04T20:00:01+00:00,2026-06-30,2026-09-07T18:06:50.456297+00:00,WAIT_PRICE,165.92127910690257,27.21984351604585,0.0300103601336461,0.3561691695942555,,,,,,,,,,
RMBS,MOS_Radar_V6.8.0,1,2026-09-07T18:46:16.323253+00:00,QUALITY_PRICE_WAIT,质量通过，但价格超过20倍盈利或5%正常化Owner FCF收益率约束,FIRST_OBSERVATION,NOT_ELIGIBLE,先满足质量与合理估值条件,FIRST_OBSERVATION,85.46,2026-09-04T20:00:00+00:00,2026-06-30,2026-09-07T18:07:10.061527+00:00,WAIT_PRICE,33.92122131381823,38.67293263134361,0.0198462563268302,0.1634190360540521,,,,,,,,,,
CSL,MOS_Radar_V6.8.0,1,2026-09-07T18:46:16.323253+00:00,QUALITY_WATCH,通过质量门槛及合理估值初始规则；不等于厚安全边际或买入指令,FIRST_OBSERVATION,TREND_WAIT,长均线或相对强度未同时通过；若此前持有，应复核趋势理由,FIRST_OBSERVATION,352.14,2026-09-04T20:00:02+00:00,2026-06-30,2026-09-07T18:07:23.012935+00:00,WAIT_PRICE,363.95102465758725,19.35095527379272,0.0595926958238345,0.4468835023497403,2026-09-04T00:00:00+00:00,352.1400146484375,355.79146850585937,349.2659550476074,-0.0258425161665739,0.1201908141361998,-0.1460333303027737,^GSPC,7718.60009765625,378.0
DECK,MOS_Radar_V6.8.0,1,2026-09-07T18:46:16.323253+00:00,QUALITY_WATCH,通过质量门槛及合理估值初始规则；不等于厚安全边际或买入指令,FIRST_OBSERVATION,TREND_WAIT,长均线或相对强度未同时通过；若此前持有，应复核趋势理由,FIRST_OBSERVATION,85.81,2026-09-04T20:00:03+00:00,2026-06-30,2026-09-07T18:07:30.707861+00:00,WAIT_PRICE,121.48964506129364,11.514883939039418,0.070789910885266,0.4409123414963491,2026-09-04T00:00:00+00:00,85.80999755859375,97.18780029296876,102.55145000457765,-0.128106879763189,0.1201908141361998,-0.2482976938993888,^GSPC,7718.60009765625,378.0
GGG,MOS_Radar_V6.8.0,1,2026-09-07T18:46:16.323253+00:00,QUALITY_PRICE_WAIT,质量通过，但价格超过20倍盈利或5%正常化Owner FCF收益率约束,FIRST_OBSERVATION,NOT_ELIGIBLE,先满足质量与合理估值条件,FIRST_OBSERVATION,77.88,2026-09-04T20:00:03+00:00,2026-06-30,2026-09-07T18:08:28.651800+00:00,WAIT_PRICE,51.68791380449729,23.639835606423684,0.0331843308965699,0.211499400639318,,,,,,,,,,
RPM,MOS_Radar_V6.8.0,1,2026-09-07T18:46:16.323253+00:00,QUALITY_PRICE_WAIT,质量通过，但价格超过20倍盈利或5%正常化Owner FCF收益率约束,FIRST_OBSERVATION,NOT_ELIGIBLE,先满足质量与合理估值条件,FIRST_OBSERVATION,105.52,2026-09-04T20:00:02+00:00,2026-05-31,2026-09-07T18:08:51.763421+00:00,WAIT_PRICE,91.26932437047716,20.44814885948659,0.043247405406784,0.1989063675343111,,,,,,,,,,
NYT,MOS_Radar_V6.8.0,1,2026-09-07T18:46:16.323253+00:00,QUALITY_PRICE_WAIT,质量通过，但价格超过20倍盈利或5%正常化Owner FCF收益率约束,FIRST_OBSERVATION,NOT_ELIGIBLE,先满足质量与合理估值条件,FIRST_OBSERVATION,67.28,2026-09-04T20:00:02+00:00,2026-06-30,2026-09-07T18:08:56.770754+00:00,WAIT_PRICE,35.705896968864884,27.623393290143504,0.0265352979851849,0.1918525486242976,,,,,,,,,,
MEDP,MOS_Radar_V6.8.0,1,2026-09-07T18:46:16.323253+00:00,QUALITY_PRICE_WAIT,质量通过，但价格超过20倍盈利或5%正常化Owner FCF收益率约束,FIRST_OBSERVATION,NOT_ELIGIBLE,先满足质量与合理估值条件,FIRST_OBSERVATION,591.29,2026-09-04T20:00:01+00:00,2026-06-30,2026-09-07T18:09:13.647272+00:00,WAIT_PRICE,340.32433236182334,33.57859994233326,0.0287781234556497,1.1328513049110198,,,,,,,,,,
PNR,MOS_Radar_V6.8.0,1,2026-09-07T18:46:16.323253+00:00,QUALITY_WATCH,通过质量门槛及合理估值初始规则；不等于厚安全边际或买入指令,FIRST_OBSERVATION,TREND_WAIT,长均线或相对强度未同时通过；若此前持有，应复核趋势理由,FIRST_OBSERVATION,60.21,2026-09-04T20:00:02+00:00,2026-06-30,2026-09-07T18:09:26.451443+00:00,WAIT_PRICE,66.69486316952185,14.752096797485164,0.0553852044257779,0.1737390979649534,2026-09-04T00:00:00+00:00,60.209999084472656,66.93230117797852,85.18090732574463,-0.276113800925731,0.1201908141361998,-0.3963046150619308,^GSPC,7718.60009765625,378.0
GDDY,MOS_Radar_V6.8.0,1,2026-09-07T18:46:16.323253+00:00,QUALITY_WATCH,通过质量门槛及合理估值初始规则；不等于厚安全边际或买入指令,FIRST_OBSERVATION,TREND_WAIT,长均线或相对强度未同时通过；若此前持有，应复核趋势理由,FIRST_OBSERVATION,101.31,2026-09-04T20:00:02+00:00,2026-06-30,2026-09-07T18:09:39.295122+00:00,WAIT_PRICE,140.07360470984267,14.095000091224328,0.0691311838465317,135.86567164179104,2026-09-04T00:00:00+00:00,101.30999755859376,93.451199798584,96.17694984436037,-0.0560025144877588,0.1201908141361998,-0.1761933286239586,^GSPC,7718.60009765625,378.0
AIT,MOS_Radar_V6.8.0,1,2026-09-07T18:46:16.323253+00:00,QUALITY_PRICE_WAIT,质量通过，但价格超过20倍盈利或5%正常化Owner FCF收益率约束,FIRST_OBSERVATION,NOT_ELIGIBLE,先满足质量与合理估值条件,FIRST_OBSERVATION,325.57,2026-09-04T20:00:03+00:00,2026-06-30,2026-09-07T18:09:50.196140+00:00,WAIT_PRICE,211.99406937856017,28.82346497005114,0.0325573715911417,0.2226535370772322,,,,,,,,,,
ALLE,MOS_Radar_V6.8.0,1,2026-09-07T18:46:16.323253+00:00,QUALITY_PRICE_WAIT,质量通过，但价格超过20倍盈利或5%正常化Owner FCF收益率约束,FIRST_OBSERVATION,NOT_ELIGIBLE,先满足质量与合理估值条件,FIRST_OBSERVATION,157.12,2026-09-04T20:00:03+00:00,2025-12-31,2026-09-07T18:10:31.130159+00:00,WAIT_PRICE,121.80611249695156,20.75330755063889,0.0387621284677162,0.3038799207023506,,,,,,,,,,
WTS,MOS_Radar_V6.8.0,1,2026-09-07T18:46:16.323253+00:00,QUALITY_PRICE_WAIT,质量通过，但价格超过20倍盈利或5%正常化Owner FCF收益率约束,FIRST_OBSERVATION,NOT_ELIGIBLE,先满足质量与合理估值条件,FIRST_OBSERVATION,363.13,2026-09-04T20:00:03+00:00,2026-06-30,2026-09-07T18:11:57.456900+00:00,WAIT_PRICE,161.72877934768005,31.585167038830573,0.0222687163478203,0.1752991687220243,,,,,,,,,,
BSY,MOS_Radar_V6.8.0,1,2026-09-07T18:46:16.323253+00:00,QUALITY_PRICE_WAIT,质量通过，但价格超过20倍盈利或5%正常化Owner FCF收益率约束,FIRST_OBSERVATION,NOT_ELIGIBLE,先满足质量与合理估值条件,FIRST_OBSERVATION,33.71,2026-09-04T20:00:01+00:00,2026-06-30,2026-09-07T18:12:18.527980+00:00,WAIT_PRICE,19.195487112209776,35.12283882450464,0.0317609250084842,0.2412070460100396,,,,,,,,,,
JKHY,MOS_Radar_V6.8.0,1,2026-09-07T18:46:16.323253+00:00,QUALITY_PRICE_WAIT,质量通过，但价格超过20倍盈利或5%正常化Owner FCF收益率约束,FIRST_OBSERVATION,NOT_ELIGIBLE,先满足质量与合理估值条件,FIRST_OBSERVATION,165.64,2026-09-04T20:00:01+00:00,2026-06-30,2026-09-07T18:12:20.470505+00:00,WAIT_PRICE,93.32850696570232,23.098706869527444,0.0281720921775242,0.2450231462867741,,,,,,,,,,
DCI,MOS_Radar_V6.8.0,1,2026-09-07T18:46:16.323253+00:00,QUALITY_PRICE_WAIT,质量通过，但价格超过20倍盈利或5%正常化Owner FCF收益率约束,FIRST_OBSERVATION,NOT_ELIGIBLE,先满足质量与合理估值条件,FIRST_OBSERVATION,91.03,2026-09-04T20:00:02+00:00,2025-07-31,2026-09-07T18:12:39.387834+00:00,WAIT_PRICE,54.063005724260975,28.750363177621285,0.0296951585874222,0.2164808588450421,,,,,,,,,,
AYI,MOS_Radar_V6.8.0,1,2026-09-07T18:46:16.323253+00:00,QUALITY_PRICE_WAIT,质量通过，但价格超过20倍盈利或5%正常化Owner FCF收益率约束,FIRST_OBSERVATION,NOT_ELIGIBLE,先满足质量与合理估值条件,FIRST_OBSERVATION,334.05,2026-09-04T20:00:03+00:00,2026-05-31,2026-09-07T18:14:10.888318+00:00,WAIT_PRICE,281.9891785666637,21.17291786984087,0.0422076303796832,0.1656321234438015,,,,,,,,,,
CRUS,MOS_Radar_V6.8.0,1,2026-09-07T18:46:16.323253+00:00,QUALITY_WATCH,通过质量门槛及合理估值初始规则；不等于厚安全边际或买入指令,FIRST_OBSERVATION,TREND_WAIT,长均线或相对强度未同时通过；若此前持有，应复核趋势理由,FIRST_OBSERVATION,113.21,2026-09-04T20:00:01+00:00,2026-06-30,2026-09-07T18:15:05.638112+00:00,WAIT_PRICE,139.74034084852494,13.177681808719772,0.0617173133329763,0.1966816969838717,2026-09-04T00:00:00+00:00,113.20999908447266,129.3880000305176,140.0026998901367,-0.0845007873132294,0.1201908141361998,-0.2046916014494292,^GSPC,7718.60009765625,378.0
ZWS,MOS_Radar_V6.8.0,1,2026-09-07T18:46:16.323253+00:00,QUALITY_PRICE_WAIT,质量通过，但价格超过20倍盈利或5%正常化Owner FCF收益率约束,FIRST_OBSERVATION,NOT_ELIGIBLE,先满足质量与合理估值条件,FIRST_OBSERVATION,47.61,2026-09-04T20:00:03+00:00,2026-06-30,2026-09-07T18:15:26.274458+00:00,WAIT_PRICE,23.115309582934128,28.601194347719705,0.0242756874426949,0.1664155264902658,,,,,,,,,,
WFRD,MOS_Radar_V6.8.0,1,2026-09-07T18:46:16.323253+00:00,QUALITY_WATCH,通过质量门槛及合理估值初始规则；不等于厚安全边际或买入指令,FIRST_OBSERVATION,TREND_WAIT,长均线或相对强度未同时通过；若此前持有，应复核趋势理由,FIRST_OBSERVATION,95.88,2026-09-04T20:00:00+00:00,2026-06-30,2026-09-07T18:15:52.702203+00:00,WAIT_PRICE,102.36029707207324,18.73382605220257,0.0597965720463848,0.2046979865771812,2026-09-04T00:00:00+00:00,95.87999725341795,87.45533203125,91.88368061065674,-0.1026182320305499,0.1201908141361998,-0.2228090461667498,^GSPC,7718.60009765625,378.0
MANH,MOS_Radar_V6.8.0,1,2026-09-07T18:46:16.323253+00:00,QUALITY_PRICE_WAIT,质量通过，但价格超过20倍盈利或5%正常化Owner FCF收益率约束,FIRST_OBSERVATION,NOT_ELIGIBLE,先满足质量与合理估值条件,FIRST_OBSERVATION,213.77,2026-09-04T20:00:01+00:00,2026-06-30,2026-09-07T18:15:59.747877+00:00,WAIT_PRICE,63.414058857686015,59.28590712945025,0.0148323101599115,1.33475337604043,,,,,,,,,,
AOS,MOS_Radar_V6.8.0,1,2026-09-07T18:46:16.323253+00:00,QUALITY_WATCH,通过质量门槛及合理估值初始规则；不等于厚安全边际或买入指令,FIRST_OBSERVATION,TREND_WAIT,长均线或相对强度未同时通过；若此前持有，应复核趋势理由,FIRST_OBSERVATION,60.48,2026-09-04T20:00:03+00:00,2026-06-30,2026-09-07T18:16:07.066149+00:00,WAIT_PRICE,69.43270658447274,16.4296430798041,0.0574013777980098,0.2716216949888702,2026-09-04T00:00:00+00:00,60.47999954223633,61.14792572021484,64.55721347808839,-0.1867841955982745,0.1201908141361998,-0.3069750097344743,^GSPC,7718.60009765625,378.0
QGEN,MOS_Radar_V6.8.0,1,2026-09-07T18:46:16.323253+00:00,QUALITY_PRICE_WAIT,质量通过，但价格超过20倍盈利或5%正常化Owner FCF收益率约束,FIRST_OBSERVATION,NOT_ELIGIBLE,先满足质量与合理估值条件,FIRST_OBSERVATION,43.47,2026-09-04T20:00:03+00:00,2026-06-30,2026-09-07T18:17:33.941209+00:00,WAIT_PRICE,35.675923354688244,21.930092891724467,0.0410351085285119,0.1219022318583332,,,,,,,,,,
IDCC,MOS_Radar_V6.8.0,1,2026-09-07T18:46:16.323253+00:00,QUALITY_PRICE_WAIT,质量通过，但价格超过20倍盈利或5%正常化Owner FCF收益率约束,FIRST_OBSERVATION,NOT_ELIGIBLE,先满足质量与合理估值条件,FIRST_OBSERVATION,337.94,2026-09-04T20:00:00+00:00,2026-06-30,2026-09-07T18:17:46.499663+00:00,WAIT_PRICE,184.4781707455672,28.86036921844278,0.0272945154088842,0.2513581701075306,,,,,,,,,,
AWI,MOS_Radar_V6.8.0,1,2026-09-07T18:46:16.323253+00:00,QUALITY_PRICE_WAIT,质量通过，但价格超过20倍盈利或5%正常化Owner FCF收益率约束,FIRST_OBSERVATION,NOT_ELIGIBLE,先满足质量与合理估值条件,FIRST_OBSERVATION,173.33,2026-09-04T20:00:02+00:00,2026-06-30,2026-09-07T18:18:07.794087+00:00,WAIT_PRICE,72.65250003781809,23.233161141660467,0.0209578549696584,0.3565532059255908,,,,,,,,,,
DOX,MOS_Radar_V6.8.0,1,2026-09-07T18:46:16.323253+00:00,QUALITY_WATCH,通过质量门槛及合理估值初始规则；不等于厚安全边际或买入指令,FIRST_OBSERVATION,TREND_WAIT,长均线或相对强度未同时通过；若此前持有，应复核趋势理由,FIRST_OBSERVATION,62.21,2026-09-04T20:00:00+00:00,2026-06-30,2026-09-07T18:18:23.943355+00:00,WAIT_PRICE,86.58756053301234,14.36926958492654,0.0813497380748629,0.1375475655968603,2026-09-04T00:00:00+00:00,62.209999084472656,56.198524932861325,65.37519353866577,-0.1744997633430975,0.1201908141361998,-0.2946905774792974,^GSPC,7718.60009765625,378.0
PAYC,MOS_Radar_V6.8.0,1,2026-09-07T18:46:16.323253+00:00,QUALITY_PRICE_WAIT,质量通过，但价格超过20倍盈利或5%正常化Owner FCF收益率约束,FIRST_OBSERVATION,NOT_ELIGIBLE,先满足质量与合理估值条件,FIRST_OBSERVATION,231.67,2026-09-04T20:00:03+00:00,2026-06-30,2026-09-07T18:18:36.105828+00:00,WAIT_PRICE,98.7650351584532,21.41456499426046,0.0213158879350915,0.8531933508311461,,,,,,,,,,
LNTH,MOS_Radar_V6.8.0,1,2026-09-07T18:46:16.323253+00:00,QUALITY_PRICE_WAIT,质量通过，但价格超过20倍盈利或5%正常化Owner FCF收益率约束,FIRST_OBSERVATION,NOT_ELIGIBLE,先满足质量与合理估值条件,FIRST_OBSERVATION,100.97,2026-09-04T20:00:01+00:00,2026-06-30,2026-09-07T18:19:24.615496+00:00,WAIT_PRICE,83.81632255232302,23.93909001873625,0.0415055573696756,0.2098716398658919,,,,,,,,,,
PCTY,MOS_Radar_V6.8.0,1,2026-09-07T18:46:16.323253+00:00,QUALITY_PRICE_WAIT,质量通过，但价格超过20倍盈利或5%正常化Owner FCF收益率约束,FIRST_OBSERVATION,NOT_ELIGIBLE,先满足质量与合理估值条件,FIRST_OBSERVATION,152.25,2026-09-04T20:00:00+00:00,2026-06-30,2026-09-07T18:20:39.448526+00:00,WAIT_PRICE,64.79292345482787,31.2502493132301,0.0212784641887776,0.2208426769891036,,,,,,,,,,
BCPC,MOS_Radar_V6.8.0,1,2026-09-07T18:46:16.323253+00:00,QUALITY_PRICE_WAIT,质量通过，但价格超过20倍盈利或5%正常化Owner FCF收益率约束,FIRST_OBSERVATION,NOT_ELIGIBLE,先满足质量与合理估值条件,FIRST_OBSERVATION,171.61,2026-09-04T20:00:00+00:00,2025-12-31,2026-09-07T18:22:41.369311+00:00,WAIT_PRICE,76.8330314886493,35.32944042924731,0.0223859423951545,0.1204910685105469,,,,,,,,,,
G,MOS_Radar_V6.8.0,1,2026-09-07T18:46:16.323253+00:00,QUALITY_WATCH,通过质量门槛及合理估值初始规则；不等于厚安全边际或买入指令,FIRST_OBSERVATION,TREND_WAIT,长均线或相对强度未同时通过；若此前持有，应复核趋势理由,FIRST_OBSERVATION,37.32,2026-09-04T20:00:02+00:00,2026-06-30,2026-09-07T18:23:08.420400+00:00,WAIT_PRICE,52.18824066019961,10.762895334040389,0.0699199365758301,0.2236849934946946,2026-09-04T00:00:00+00:00,37.31999969482422,33.37040016174316,37.359063987731936,-0.0467148709984861,0.1201908141361998,-0.1669056851346859,^GSPC,7718.60009765625,378.0
LAUR,MOS_Radar_V6.8.0,1,2026-09-07T18:46:16.323253+00:00,QUALITY_PRICE_WAIT,质量通过，但价格超过20倍盈利或5%正常化Owner FCF收益率约束,FIRST_OBSERVATION,NOT_ELIGIBLE,先满足质量与合理估值条件,FIRST_OBSERVATION,36.76,2026-09-04T20:00:01+00:00,2026-06-30,2026-09-07T18:24:48.930385+00:00,WAIT_PRICE,25.65304231793739,15.747581238469277,0.0348926038056819,0.2817216321967579,,,,,,,,,,
EXLS,MOS_Radar_V6.8.0,1,2026-09-07T18:46:16.323253+00:00,QUALITY_PRICE_WAIT,质量通过，但价格超过20倍盈利或5%正常化Owner FCF收益率约束,FIRST_OBSERVATION,NOT_ELIGIBLE,先满足质量与合理估值条件,FIRST_OBSERVATION,36.63,2026-09-04T20:00:01+00:00,2026-06-30,2026-09-07T18:26:18.491221+00:00,WAIT_PRICE,17.813570378831287,22.21435285864992,0.0243155478826525,0.2886017994971382,,,,,,,,,,
LOPE,MOS_Radar_V6.8.0,1,2026-09-07T18:46:16.323253+00:00,QUALITY_WATCH,通过质量门槛及合理估值初始规则；不等于厚安全边际或买入指令,FIRST_OBSERVATION,TREND_WAIT,长均线或相对强度未同时通过；若此前持有，应复核趋势理由,FIRST_OBSERVATION,152.67,2026-09-04T20:00:01+00:00,2026-06-30,2026-09-07T18:26:23.215682+00:00,WAIT_PRICE,157.41278438274074,17.74862916721003,0.0515532797480647,0.3348812338594403,2026-09-04T00:00:00+00:00,152.6699981689453,147.32580078125,159.14999984741212,-0.1092345831900556,0.1201908141361998,-0.2294253973262554,^GSPC,7718.60009765625,378.0
CVSA,MOS_Radar_V6.8.0,1,2026-09-07T18:46:16.323253+00:00,QUALITY_WATCH,通过质量门槛及合理估值初始规则；不等于厚安全边际或买入指令,FIRST_OBSERVATION,TREND_WATCH,完整交易日趋势通过，需复核当前报价,FIRST_OBSERVATION,128.09,2026-09-04T20:00:03+00:00,2026-06-30,2026-09-07T18:26:24.845811+00:00,WAIT_PRICE,142.48849221759517,17.33156439720041,0.0556204591371672,0.1739514654072611,2026-09-04T00:00:00+00:00,128.08999633789062,128.12640029907226,114.61064998626708,0.237033408774085,0.1201908141361998,0.1168425946378852,^GSPC,7718.60009765625,378.0
CAAP,MOS_Radar_V6.8.0,1,2026-09-07T18:46:16.323253+00:00,QUALITY_WATCH,通过质量门槛及合理估值初始规则；不等于厚安全边际或买入指令,FIRST_OBSERVATION,TREND_WAIT,长均线或相对强度未同时通过；若此前持有，应复核趋势理由,FIRST_OBSERVATION,24.41,2026-09-04T20:00:03+00:00,2025-12-31,2026-09-07T18:27:31.002084+00:00,WAIT_PRICE,30.326477713824588,16.098143826885963,0.0923133893992286,0.1372534027456886,2026-09-04T00:00:00+00:00,24.40999984741211,23.986747207641603,24.898070831298828,-0.0853744031649137,0.1201908141361998,-0.2055652173011135,^GSPC,7718.60009765625,378.0
LRN,MOS_Radar_V6.8.0,1,2026-09-07T18:46:16.323253+00:00,QUALITY_WATCH,通过质量门槛及合理估值初始规则；不等于厚安全边际或买入指令,FIRST_OBSERVATION,TREND_WAIT,长均线或相对强度未同时通过；若此前持有，应复核趋势理由,FIRST_OBSERVATION,84.68,2026-09-04T20:00:03+00:00,2026-06-30,2026-09-07T18:28:12.802356+00:00,WAIT_PRICE,114.62422400353049,10.406182545072202,0.0676808124725616,0.2071837233792942,2026-09-04T00:00:00+00:00,84.68000030517578,85.82199966430665,83.02634994506836,-0.0746095682583287,0.1201908141361998,-0.1948003823945285,^GSPC,7718.60009765625,378.0
KTB,MOS_Radar_V6.8.0,1,2026-09-07T18:46:16.323253+00:00,QUALITY_WATCH,通过质量门槛及合理估值初始规则；不等于厚安全边际或买入指令,FIRST_OBSERVATION,TREND_WATCH,完整交易日趋势通过，需复核当前报价,FIRST_OBSERVATION,73.59,2026-09-04T20:00:03+00:00,2026-06-30,2026-09-07T18:30:10.206642+00:00,WAIT_PRICE,95.76987325764672,15.010560851424808,0.0650698962207139,0.4331817946661838,2026-09-04T00:00:00+00:00,73.58999633789062,82.06600006103515,71.57037858963012,0.2205350562161296,0.1201908141361998,0.1003442420799298,^GSPC,7718.60009765625,378.0
BRC,MOS_Radar_V6.8.0,1,2026-09-07T18:46:16.323253+00:00,QUALITY_PRICE_WAIT,质量通过，但价格超过20倍盈利或5%正常化Owner FCF收益率约束,FIRST_OBSERVATION,NOT_ELIGIBLE,先满足质量与合理估值条件,FIRST_OBSERVATION,90.21,2026-09-04T20:00:02+00:00,2026-04-30,2026-09-07T18:30:28.409882+00:00,WAIT_PRICE,59.35920436221748,20.25003016365758,0.032900567765335,0.1554533718754301,,,,,,,,,,
BMI,MOS_Radar_V6.8.0,1,2026-09-07T18:46:16.323253+00:00,QUALITY_PRICE_WAIT,质量通过，但价格超过20倍盈利或5%正常化Owner FCF收益率约束,FIRST_OBSERVATION,NOT_ELIGIBLE,先满足质量与合理估值条件,FIRST_OBSERVATION,132.49,2026-09-04T20:00:03+00:00,2026-06-30,2026-09-07T18:30:39.316511+00:00,WAIT_PRICE,79.83862142881985,30.550944006773737,0.0301300556377159,0.1840835871602624,,,,,,,,,,
KFY,MOS_Radar_V6.8.0,1,2026-09-07T18:46:16.323253+00:00,QUALITY_WATCH,通过质量门槛及合理估值初始规则；不等于厚安全边际或买入指令,FIRST_OBSERVATION,TREND_WATCH,完整交易日趋势通过，需复核当前报价,FIRST_OBSERVATION,85.35,2026-09-04T20:00:02+00:00,2026-04-30,2026-09-07T18:30:56.311704+00:00,WAIT_PRICE,93.13386359346634,15.994971055896276,0.0545599669557506,0.1389223190033894,2026-09-04T00:00:00+00:00,85.3499984741211,79.89306854248046,68.88586507797241,0.253532243941597,0.1201908141361998,0.1333414298053972,^GSPC,7718.60009765625,378.0
FIZZ,MOS_Radar_V6.8.0,1,2026-09-07T18:46:16.323253+00:00,QUALITY_WATCH,通过质量门槛及合理估值初始规则；不等于厚安全边际或买入指令,FIRST_OBSERVATION,TREND_WAIT,长均线或相对强度未同时通过；若此前持有，应复核趋势理由,FIRST_OBSERVATION,32.24,2026-09-04T20:00:01+00:00,2026-04-30,2026-09-07T18:31:50.265783+00:00,WAIT_PRICE,33.2580226885154,16.434469711677643,0.0515788193060102,0.2888846242178086,2026-09-04T00:00:00+00:00,32.2400016784668,31.242552795410155,31.251419229507448,-0.002882766999304,0.1201908141361998,-0.1230735811355038,^GSPC,7718.60009765625,378.0
QLYS,MOS_Radar_V6.8.0,1,2026-09-07T18:46:16.323253+00:00,QUALITY_PRICE_WAIT,质量通过，但价格超过20倍盈利或5%正常化Owner FCF收益率约束,FIRST_OBSERVATION,NOT_ELIGIBLE,先满足质量与合理估值条件,FIRST_OBSERVATION,171.65,2026-09-04T20:00:00+00:00,2026-06-30,2026-09-07T18:32:07.810272+00:00,WAIT_PRICE,96.87469351910352,28.750444024028152,0.0282186698278775,0.3673702427684389,,,,,,,,,,
PRDO,MOS_Radar_V6.8.0,1,2026-09-07T18:46:16.323253+00:00,QUALITY_WATCH,通过质量门槛及合理估值初始规则；不等于厚安全边际或买入指令,FIRST_OBSERVATION,TREND_WAIT,长均线或相对强度未同时通过；若此前持有，应复核趋势理由,FIRST_OBSERVATION,33.2,2026-09-04T20:00:00+00:00,2026-06-30,2026-09-07T18:40:15.484986+00:00,WAIT_PRICE,46.02853128530447,11.729665050488393,0.0693200772369043,0.1713939011562701,2026-09-04T00:00:00+00:00,33.20000076293945,32.7369316482544,32.46227453231811,0.0416131766762,0.1201908141361998,-0.0785776374599998,^GSPC,7718.60009765625,378.0
MCRI,MOS_Radar_V6.8.0,1,2026-09-07T18:46:16.323253+00:00,QUALITY_PRICE_WAIT,质量通过，但价格超过20倍盈利或5%正常化Owner FCF收益率约束,FIRST_OBSERVATION,NOT_ELIGIBLE,先满足质量与合理估值条件,FIRST_OBSERVATION,121.52,2026-09-04T20:00:01+00:00,2026-06-30,2026-09-07T18:40:38.020086+00:00,WAIT_PRICE,116.3689559975644,18.99895051036147,0.0478805776816838,0.1987537471674101,,,,,,,,,,
MD,MOS_Radar_V6.8.0,1,2026-09-07T18:46:16.323253+00:00,QUALITY_WATCH,通过质量门槛及合理估值初始规则；不等于厚安全边际或买入指令,FIRST_OBSERVATION,TREND_WATCH,完整交易日趋势通过，需复核当前报价,FIRST_OBSERVATION,27.03,2026-09-04T20:00:02+00:00,2026-06-30,2026-09-07T18:42:57.141408+00:00,WAIT_PRICE,38.15544756646101,12.564076581594415,0.0705798142183888,0.198422887317149,2026-09-04T00:00:00+00:00,27.030000686645508,26.284599914550785,22.98119996070862,0.2708532815539093,0.1201908141361998,0.1506624674177095,^GSPC,7718.60009765625,378.0
EPAC,MOS_Radar_V6.8.0,1,2026-09-07T18:46:16.323253+00:00,QUALITY_PRICE_WAIT,质量通过，但价格超过20倍盈利或5%正常化Owner FCF收益率约束,FIRST_OBSERVATION,NOT_ELIGIBLE,先满足质量与合理估值条件,FIRST_OBSERVATION,37.34,2026-09-04T20:00:03+00:00,2026-05-31,2026-09-07T18:44:23.541608+00:00,WAIT_PRICE,22.21787829962104,20.46207279884894,0.0297507743701406,0.2200750893808899,,,,,,,,,,
CTS,MOS_Radar_V6.8.0,1,2026-09-07T18:46:16.323253+00:00,QUALITY_PRICE_WAIT,质量通过，但价格超过20倍盈利或5%正常化Owner FCF收益率约束,FIRST_OBSERVATION,NOT_ELIGIBLE,先满足质量与合理估值条件,FIRST_OBSERVATION,57.18,2026-09-04T20:00:02+00:00,2026-06-30,2026-09-07T18:45:20.395701+00:00,WAIT_PRICE,48.874858592018526,23.398533171137498,0.0457943532009122,0.1218264186517462,,,,,,,,,,
TILE,MOS_Radar_V6.8.0,1,2026-09-07T18:46:16.323253+00:00,QUALITY_PRICE_WAIT,质量通过，但价格超过20倍盈利或5%正常化Owner FCF收益率约束,FIRST_OBSERVATION,NOT_ELIGIBLE,先满足质量与合理估值条件,FIRST_OBSERVATION,37.24,2026-09-04T20:00:00+00:00,2026-06-30,2026-09-07T18:45:52.707868+00:00,WAIT_PRICE,28.61767753139638,14.788353571662231,0.038423304956225,0.2145644306531144,,,,,,,,,,
AAPL,MOS_Radar_V6.8.0,1,2026-09-08T17:40:13.663562+00:00,QUALITY_PRICE_WAIT,质量通过，但价格超过20倍盈利或5%正常化Owner FCF收益率约束,UNCHANGED,NOT_ELIGIBLE,先满足质量与合理估值条件,UNCHANGED,316.08,2026-09-08T16:45:50+00:00,2026-06-30,2026-09-08T16:45:53.010272+00:00,WAIT_PRICE,124.147210986628,35.77854819229991,0.0196385742512382,1.199125744047619,,,,,,,,,,
JNJ,MOS_Radar_V6.8.0,1,2026-09-08T17:40:13.663562+00:00,QUALITY_PRICE_WAIT,质量通过，但价格超过20倍盈利或5%正常化Owner FCF收益率约束,UNCHANGED,NOT_ELIGIBLE,先满足质量与合理估值条件,UNCHANGED,269.18,2026-09-08T16:46:19+00:00,2026-06-30,2026-09-08T16:46:25.906036+00:00,WAIT_PRICE,140.05776409182397,30.83597883204998,0.0260156334222126,0.247578585635099,,,,,,,,,,
NFLX,MOS_Radar_V6.8.0,1,2026-09-08T17:40:13.663562+00:00,QUALITY_PRICE_WAIT,质量通过，但价格超过20倍盈利或5%正常化Owner FCF收益率约束,UNCHANGED,NOT_ELIGIBLE,先满足质量与合理估值条件,UNCHANGED,76.455,2026-09-08T16:46:35+00:00,2026-06-30,2026-09-08T16:46:38.694266+00:00,WAIT_PRICE,28.06392534332,23.32325020341056,0.0183532308830815,0.4526936342508297,,,,,,,,,,
NVS,MOS_Radar_V6.8.0,1,2026-09-08T17:40:13.663562+00:00,QUALITY_PRICE_WAIT,质量通过，但价格超过20倍盈利或5%正常化Owner FCF收益率约束,UNCHANGED,NOT_ELIGIBLE,先满足质量与合理估值条件,UNCHANGED,137.525,2026-09-08T16:46:56+00:00,2026-06-30,2026-09-08T16:47:00.321323+00:00,WAIT_PRICE,128.78050179446848,20.49038149799775,0.0468207605142586,0.3070868037167204,,,,,,,,,,
KLAC,MOS_Radar_V6.8.0,1,2026-09-08T17:40:13.663562+00:00,QUALITY_PRICE_WAIT,质量通过，但价格超过20倍盈利或5%正常化Owner FCF收益率约束,UNCHANGED,NOT_ELIGIBLE,先满足质量与合理估值条件,UNCHANGED,187.22,2026-09-08T16:47:04+00:00,2026-06-30,2026-09-08T16:47:10.574242+00:00,WAIT_PRICE,49.4198986359584,50.63615938494409,0.0131983491710176,0.7607729037988479,,,,,,,,,,
QCOM,MOS_Radar_V6.8.0,1,2026-09-08T17:40:13.663562+00:00,QUALITY_PRICE_WAIT,质量通过，但价格超过20倍盈利或5%正常化Owner FCF收益率约束,UNCHANGED,NOT_ELIGIBLE,先满足质量与合理估值条件,UNCHANGED,174.835,2026-09-08T16:47:17+00:00,2026-06-30,2026-09-08T16:47:19.834672+00:00,WAIT_PRICE,134.3369558527648,20.16787584139337,0.0384182102704735,0.3347675175356135,,,,,,,,,,
ADI,MOS_Radar_V6.8.0,1,2026-09-08T17:40:13.663562+00:00,QUALITY_PRICE_WAIT,质量通过，但价格超过20倍盈利或5%正常化Owner FCF收益率约束,UNCHANGED,NOT_ELIGIBLE,先满足质量与合理估值条件,UNCHANGED,362.385,2026-09-08T16:47:20+00:00,2026-07-31,2026-09-08T16:47:27.391581+00:00,WAIT_PRICE,138.58180790984622,42.466527424425614,0.0191207980338378,0.1232457063666584,,,,,,,,,,
TJX,MOS_Radar_V6.8.0,1,2026-09-08T17:40:13.663562+00:00,QUALITY_PRICE_WAIT,质量通过，但价格超过20倍盈利或5%正常化Owner FCF收益率约束,UNCHANGED,NOT_ELIGIBLE,先满足质量与合理估值条件,UNCHANGED,129.73,2026-09-08T16:47:37+00:00,2026-07-31,2026-09-08T16:48:01.513361+00:00,WAIT_PRICE,69.99256188419251,23.52062472950944,0.0269762436923581,0.5696178762557507,,,,,,,,,,
LMT,MOS_Radar_V6.8.0,1,2026-09-08T17:40:13.663562+00:00,QUALITY_PRICE_WAIT,质量通过，但价格超过20倍盈利或5%正常化Owner FCF收益率约束,UNCHANGED,NOT_ELIGIBLE,先满足质量与合理估值条件,UNCHANGED,538.37,2026-09-08T16:48:55+00:00,2026-06-30,2026-09-08T16:49:02.848482+00:00,WAIT_PRICE,507.76153813019306,19.763132903722287,0.0471573024249301,0.7170392335766423,,,,,,,,,,
SYK,MOS_Radar_V6.8.0,1,2026-09-08T17:40:13.663562+00:00,QUALITY_PRICE_WAIT,质量通过，但价格超过20倍盈利或5%正常化Owner FCF收益率约束,UNCHANGED,NOT_ELIGIBLE,先满足质量与合理估值条件,UNCHANGED,280.725,2026-09-08T16:48:59+00:00,2026-06-30,2026-09-08T16:49:04.758773+00:00,WAIT_PRICE,157.6883446730424,28.875984360282672,0.0280859105304198,0.1554527263631815,,,,,,,,,,
BMY,MOS_Radar_V6.8.0,1,2026-09-08T17:40:13.663562+00:00,QUALITY_WATCH,通过质量门槛及合理估值初始规则；不等于厚安全边际或买入指令,UNCHANGED,TREND_WATCH,完整交易日趋势通过，需复核当前报价,UNCHANGED,65.13,2026-09-08T16:48:50+00:00,2026-06-30,2026-09-08T16:49:11.761794+00:00,WAIT_PRICE,90.87906981198134,14.333333326308622,0.0818313014336501,0.4158788476186209,2026-09-04T00:00:00+00:00,66.81999969482422,62.84862228393555,57.30300022125244,0.1375054375768878,0.1201908141361998,0.017314623440688,^GSPC,7718.60009765625,377.0
ACN,MOS_Radar_V6.8.0,1,2026-09-08T17:40:13.663562+00:00,QUALITY_WATCH,通过质量门槛及合理估值初始规则；不等于厚安全边际或买入指令,UNCHANGED,TREND_WAIT,长均线或相对强度未同时通过；若此前持有，应复核趋势理由,UNCHANGED,178.245,2026-09-08T16:49:16+00:00,2026-05-31,2026-09-08T16:49:18.391822+00:00,WAIT_PRICE,242.49813855451487,14.002843855523256,0.0680238263498316,0.2442650908108686,2026-09-04T00:00:00+00:00,186.72000122070312,161.45261901855469,199.947373085022,-0.2773184828893069,0.1201908141361998,-0.3975092970255067,^GSPC,7718.60009765625,377.0
PH,MOS_Radar_V6.8.0,1,2026-09-08T17:40:13.663562+00:00,QUALITY_PRICE_WAIT,质量通过，但价格超过20倍盈利或5%正常化Owner FCF收益率约束,UNCHANGED,NOT_ELIGIBLE,先满足质量与合理估值条件,UNCHANGED,959.825,2026-09-08T16:49:03+00:00,2026-06-30,2026-09-08T16:49:24.259614+00:00,WAIT_PRICE,483.66698441718495,33.164340315677194,0.025195581716312,0.2368216047779797,,,,,,,,,,
INTU,MOS_Radar_V6.8.0,1,2026-09-08T17:40:13.663562+00:00,QUALITY_PRICE_WAIT,质量通过，但价格超过20倍盈利或5%正常化Owner FCF收益率约束,UNCHANGED,NOT_ELIGIBLE,先满足质量与合理估值条件,UNCHANGED,313.735,2026-09-08T16:49:18+00:00,2025-07-31,2026-09-08T16:49:26.619937+00:00,WAIT_PRICE,223.64434374980425,22.18095804810296,0.0356422368798196,0.1875515051626351,,,,,,,,,,
TT,MOS_Radar_V6.8.0,1,2026-09-08T17:40:13.663562+00:00,QUALITY_PRICE_WAIT,质量通过，但价格超过20倍盈利或5%正常化Owner FCF收益率约束,UNCHANGED,NOT_ELIGIBLE,先满足质量与合理估值条件,UNCHANGED,447.42,2026-09-08T16:48:42+00:00,2026-06-30,2026-09-08T16:49:32.780798+00:00,WAIT_PRICE,195.37713842702004,33.38174730679986,0.0218337511093625,0.3419963121455658,,,,,,,,,,
ADBE,MOS_Radar_V6.8.0,1,2026-09-08T17:40:13.663562+00:00,QUALITY_WATCH,通过质量门槛及合理估值初始规则；不等于厚安全边际或买入指令,UNCHANGED,TREND_WAIT,长均线或相对强度未同时通过；若此前持有，应复核趋势理由,UNCHANGED,257.56,2026-09-08T16:49:32+00:00,2026-05-31,2026-09-08T16:49:35.906043+00:00,WAIT_PRICE,316.10063192712937,14.162415137576568,0.0613644649648876,0.6276263240145858,2026-09-04T00:00:00+00:00,266.510009765625,248.8477981567383,267.93474983215333,-0.0696078145775855,0.1201908141361998,-0.1897986287137854,^GSPC,7718.60009765625,377.0
CDNS,MOS_Radar_V6.8.0,1,2026-09-08T17:40:13.663562+00:00,QUALITY_PRICE_WAIT,质量通过，但价格超过20倍盈利或5%正常化Owner FCF收益率约束,UNCHANGED,NOT_ELIGIBLE,先满足质量与合理估值条件,UNCHANGED,289.54,2026-09-08T16:49:46+00:00,2026-06-30,2026-09-08T16:49:48.176898+00:00,WAIT_PRICE,65.84820407499222,57.86475962392555,0.0113711756708904,0.200933425858378,,,,,,,,,,
FTNT,MOS_Radar_V6.8.0,1,2026-09-08T17:40:13.663562+00:00,QUALITY_PRICE_WAIT,质量通过，但价格超过20倍盈利或5%正常化Owner FCF收益率约束,UNCHANGED,NOT_ELIGIBLE,先满足质量与合理估值条件,UNCHANGED,155.52,2026-09-08T16:50:03+00:00,2026-06-30,2026-09-08T16:50:07.129169+00:00,WAIT_PRICE,42.810296644551656,53.80636131905641,0.0137635984582534,1.367223260911611,,,,,,,,,,
ADP,MOS_Radar_V6.8.0,1,2026-09-08T17:40:13.663562+00:00,QUALITY_PRICE_WAIT,质量通过，但价格超过20倍盈利或5%正常化Owner FCF收益率约束,UNCHANGED,NOT_ELIGIBLE,先满足质量与合理估值条件,UNCHANGED,268.83,2026-09-08T16:50:16+00:00,2026-06-30,2026-09-08T16:50:22.089296+00:00,WAIT_PRICE,194.1586679765804,24.19815476806351,0.0361117933222818,0.7317615068311447,,,,,,,,,,
MNST,MOS_Radar_V6.8.0,1,2026-09-08T17:40:13.663562+00:00,QUALITY_PRICE_WAIT,质量通过，但价格超过20倍盈利或5%正常化Owner FCF收益率约束,UNCHANGED,NOT_ELIGIBLE,先满足质量与合理估值条件,UNCHANGED,43.0601,2026-09-08T16:50:25+00:00,2026-06-30,2026-09-08T16:50:28.139467+00:00,WAIT_PRICE,13.709961700409448,39.64757972388236,0.0159195655611685,0.2272144780283267,,,,,,,,,,
ITW,MOS_Radar_V6.8.0,1,2026-09-08T17:40:13.663562+00:00,QUALITY_PRICE_WAIT,质量通过，但价格超过20倍盈利或5%正常化Owner FCF收益率约束,UNCHANGED,NOT_ELIGIBLE,先满足质量与合理估值条件,UNCHANGED,268.055,2026-09-08T16:51:29+00:00,2026-06-30,2026-09-08T16:51:34.599272+00:00,WAIT_PRICE,180.986662248572,23.901710054496714,0.0337592401276924,1.103662750518314,,,,,,,,,,
CL,MOS_Radar_V6.8.0,1,2026-09-08T17:40:13.663562+00:00,QUALITY_PRICE_WAIT,质量通过，但价格超过20倍盈利或5%正常化Owner FCF收益率约束,UNCHANGED,NOT_ELIGIBLE,先满足质量与合理估值条件,UNCHANGED,88.38,2026-09-08T16:51:31+00:00,2026-06-30,2026-09-08T16:51:40.457800+00:00,WAIT_PRICE,51.105606944959646,34.58720296392707,0.0409592723685748,8.63135593220339,,,,,,,,,,
ROST,MOS_Radar_V6.8.0,1,2026-09-08T17:40:13.663562+00:00,QUALITY_PRICE_WAIT,质量通过，但价格超过20倍盈利或5%正常化Owner FCF收益率约束,UNCHANGED,NOT_ELIGIBLE,先满足质量与合理估值条件,UNCHANGED,227.42,2026-09-08T16:51:22+00:00,2026-07-31,2026-09-08T16:51:54.758469+00:00,WAIT_PRICE,94.41753515201913,27.32166394375157,0.0207584062861707,0.3943334484125007,,,,,,,,,,
CTAS,MOS_Radar_V6.8.0,1,2026-09-08T17:40:13.663562+00:00,QUALITY_PRICE_WAIT,质量通过，但价格超过20倍盈利或5%正常化Owner FCF收益率约束,UNCHANGED,NOT_ELIGIBLE,先满足质量与合理估值条件,UNCHANGED,200.265,2026-09-08T16:51:52+00:00,2026-05-31,2026-09-08T16:52:08.665911+00:00,WAIT_PRICE,75.90949700589438,40.20040867064234,0.0189522625036562,0.3878511336922388,,,,,,,,,,
TEL,MOS_Radar_V6.8.0,1,2026-09-08T17:40:13.663562+00:00,QUALITY_PRICE_WAIT,质量通过，但价格超过20倍盈利或5%正常化Owner FCF收益率约束,UNCHANGED,NOT_ELIGIBLE,先满足质量与合理估值条件,UNCHANGED,208.2779,2026-09-08T16:52:12+00:00,2026-06-30,2026-09-08T16:52:31.090771+00:00,WAIT_PRICE,165.48467206800345,19.99310515341316,0.0397268918276983,0.2276913785293673,,,,,,,,,,
AME,MOS_Radar_V6.8.0,1,2026-09-08T17:40:13.663562+00:00,QUALITY_PRICE_WAIT,质量通过，但价格超过20倍盈利或5%正常化Owner FCF收益率约束,UNCHANGED,NOT_ELIGIBLE,先满足质量与合理估值条件,UNCHANGED,239.46,2026-09-08T16:53:09+00:00,2026-06-30,2026-09-08T16:53:16.448086+00:00,WAIT_PRICE,126.35146561371262,34.82836000651509,0.0263825828141887,0.1399789694534908,,,,,,,,,,
ADSK,MOS_Radar_V6.8.0,1,2026-09-08T17:40:13.663562+00:00,QUALITY_PRICE_WAIT,质量通过，但价格超过20倍盈利或5%正常化Owner FCF收益率约束,UNCHANGED,NOT_ELIGIBLE,先满足质量与合理估值条件,UNCHANGED,212.23,2026-09-08T16:53:10+00:00,2026-07-31,2026-09-08T16:53:37.684661+00:00,WAIT_PRICE,94.38596681239076,27.0134403818853,0.0222367164897495,0.485368016553355,,,,,,,,,,
ROK,MOS_Radar_V6.8.0,1,2026-09-08T17:40:13.663562+00:00,QUALITY_PRICE_WAIT,质量通过，但价格超过20倍盈利或5%正常化Owner FCF收益率约束,UNCHANGED,NOT_ELIGIBLE,先满足质量与合理估值条件,UNCHANGED,430.61,2026-09-08T16:53:34+00:00,2026-06-30,2026-09-08T16:53:39.662258+00:00,WAIT_PRICE,159.88034475953947,39.81571086234006,0.0185644022154083,0.3437321121923297,,,,,,,,,,
GRMN,MOS_Radar_V6.8.0,1,2026-09-08T17:40:13.663562+00:00,QUALITY_PRICE_WAIT,质量通过，但价格超过20倍盈利或5%正常化Owner FCF收益率约束,UNCHANGED,NOT_ELIGIBLE,先满足质量与合理估值条件,UNCHANGED,279.43,2026-09-08T16:53:30+00:00,2026-06-30,2026-09-08T16:54:12.527817+00:00,WAIT_PRICE,99.74302595736803,28.70556381791336,0.0178475872235207,0.2079179640122347,,,,,,,,,,
IDXX,MOS_Radar_V6.8.0,1,2026-09-08T17:40:13.663562+00:00,QUALITY_PRICE_WAIT,质量通过，但价格超过20倍盈利或5%正常化Owner FCF收益率约束,UNCHANGED,NOT_ELIGIBLE,先满足质量与合理估值条件,UNCHANGED,527.27,2026-09-08T16:53:38+00:00,2026-06-30,2026-09-08T16:54:28.740448+00:00,WAIT_PRICE,175.73157363212948,36.44864816401938,0.016664287142463,0.7067305396648218,,,,,,,,,,
EME,MOS_Radar_V6.8.0,1,2026-09-08T17:40:13.663562+00:00,QUALITY_PRICE_WAIT,质量通过，但价格超过20倍盈利或5%正常化Owner FCF收益率约束,UNCHANGED,NOT_ELIGIBLE,先满足质量与合理估值条件,UNCHANGED,770.17,2026-09-08T16:54:01+00:00,2026-06-30,2026-09-08T16:54:39.825246+00:00,WAIT_PRICE,422.3218595154535,23.60555387201314,0.0274174441691739,0.3528293241302143,,,,,,,,,,
KVUE,MOS_Radar_V6.8.0,1,2026-09-08T17:40:13.663562+00:00,QUALITY_PRICE_WAIT,质量通过，但价格超过20倍盈利或5%正常化Owner FCF收益率约束,UNCHANGED,NOT_ELIGIBLE,先满足质量与合理估值条件,UNCHANGED,18.405,2026-09-08T16:55:59+00:00,2026-06-30,2026-09-08T16:56:02.004867+00:00,WAIT_PRICE,17.263877980714316,21.32197646503346,0.0488234883246392,0.1571117217852743,,,,,,,,,,
A,MOS_Radar_V6.8.0,1,2026-09-08T17:40:13.663562+00:00,QUALITY_PRICE_WAIT,质量通过，但价格超过20倍盈利或5%正常化Owner FCF收益率约束,UNCHANGED,NOT_ELIGIBLE,先满足质量与合理估值条件,UNCHANGED,147.72,2026-09-08T16:56:04+00:00,2026-07-31,2026-09-08T16:56:19.911161+00:00,WAIT_PRICE,80.27568864510813,28.92499322260872,0.0271715707572123,0.1955724568789895,,,,,,,,,,
RMD,MOS_Radar_V6.8.0,1,2026-09-08T17:40:13.663562+00:00,QUALITY_PRICE_WAIT,质量通过，但价格超过20倍盈利或5%正常化Owner FCF收益率约束,UNCHANGED,NOT_ELIGIBLE,先满足质量与合理估值条件,UNCHANGED,221.53,2026-09-08T16:56:19+00:00,2026-06-30,2026-09-08T16:56:55.086753+00:00,WAIT_PRICE,165.61156486220003,20.97837590804314,0.0373790377967318,0.2313139094356252,,,,,,,,,,
DOV,MOS_Radar_V6.8.0,1,2026-09-08T17:40:13.663562+00:00,QUALITY_PRICE_WAIT,质量通过，但价格超过20倍盈利或5%正常化Owner FCF收益率约束,UNCHANGED,NOT_ELIGIBLE,先满足质量与合理估值条件,UNCHANGED,194.73,2026-09-08T16:56:45+00:00,2026-06-30,2026-09-08T16:57:14.763887+00:00,WAIT_PRICE,122.38467348595314,23.1119450441366,0.0314241959343586,0.1472935372307698,,,,,,,,,,
EXPE,MOS_Radar_V6.8.0,1,2026-09-08T17:40:13.663562+00:00,QUALITY_WATCH,通过质量门槛及合理估值初始规则；不等于厚安全边际或买入指令,UNCHANGED,TREND_WATCH,完整交易日趋势通过，需复核当前报价,UNCHANGED,278.37,2026-09-08T16:57:49+00:00,2026-06-30,2026-09-08T16:57:51.701949+00:00,WAIT_PRICE,334.04966018543075,16.409894395110364,0.0600010166658459,1.684036393713813,2026-09-04T00:00:00+00:00,298.0400085449219,294.3656707763672,257.7924478912353,0.3019595082932025,0.1201908141361998,0.1817686941570027,^GSPC,7718.60009765625,377.0
TPR,MOS_Radar_V6.8.0,1,2026-09-08T17:40:13.663562+00:00,QUALITY_PRICE_WAIT,质量通过，但价格超过20倍盈利或5%正常化Owner FCF收益率约束,UNCHANGED,NOT_ELIGIBLE,先满足质量与合理估值条件,UNCHANGED,118.36,2026-09-08T16:57:38+00:00,2026-06-30,2026-09-08T16:57:53.519685+00:00,WAIT_PRICE,112.53227872576058,15.448058604293395,0.0475381373461306,2.2073399797717093,,,,,,,,,,
STRL,MOS_Radar_V6.8.0,1,2026-09-08T17:40:13.663562+00:00,QUALITY_PRICE_WAIT,质量通过，但价格超过20倍盈利或5%正常化Owner FCF收益率约束,UNCHANGED,NOT_ELIGIBLE,先满足质量与合理估值条件,UNCHANGED,499.45,2026-09-08T16:56:21+00:00,2026-06-30,2026-09-08T16:57:54.980458+00:00,WAIT_PRICE,209.3442331364881,35.40705406622554,0.0209574765378404,0.3178923094491698,,,,,,,,,,
ROL,MOS_Radar_V6.8.0,1,2026-09-08T17:40:13.663562+00:00,QUALITY_PRICE_WAIT,质量通过，但价格超过20倍盈利或5%正常化Owner FCF收益率约束,UNCHANGED,NOT_ELIGIBLE,先满足质量与合理估值条件,UNCHANGED,35.08,2026-09-08T16:58:02+00:00,2026-06-30,2026-09-08T16:58:05.011847+00:00,WAIT_PRICE,21.268718424114272,31.730026800975217,0.030314592964815,0.3719341884461145,,,,,,,,,,
NTAP,MOS_Radar_V6.8.0,1,2026-09-08T17:40:13.663562+00:00,QUALITY_PRICE_WAIT,质量通过，但价格超过20倍盈利或5%正常化Owner FCF收益率约束,UNCHANGED,NOT_ELIGIBLE,先满足质量与合理估值条件,UNCHANGED,184.785,2026-09-08T16:58:38+00:00,2026-04-30,2026-09-08T16:58:46.212550+00:00,WAIT_PRICE,106.09971060075551,28.444581942188776,0.0287089619289324,0.9444855662472242,,,,,,,,,,
CHD,MOS_Radar_V6.8.0,1,2026-09-08T17:40:13.663562+00:00,QUALITY_PRICE_WAIT,质量通过，但价格超过20倍盈利或5%正常化Owner FCF收益率约束,UNCHANGED,NOT_ELIGIBLE,先满足质量与合理估值条件,UNCHANGED,96.99,2026-09-08T16:58:29+00:00,2025-12-31,2026-09-08T16:59:07.731717+00:00,WAIT_PRICE,62.12376731452537,31.22476443160666,0.0366180612537556,0.1760152890587673,,,,,,,,,,
WST,MOS_Radar_V6.8.0,1,2026-09-08T17:40:13.663562+00:00,QUALITY_PRICE_WAIT,质量通过，但价格超过20倍盈利或5%正常化Owner FCF收益率约束,UNCHANGED,NOT_ELIGIBLE,先满足质量与合理估值条件,UNCHANGED,336.35,2026-09-08T16:58:14+00:00,2026-06-30,2026-09-08T16:59:33.075119+00:00,WAIT_PRICE,103.6341631510314,41.90279337624281,0.0154057028617558,0.1889171292890107,,,,,,,,,,
MTD,MOS_Radar_V6.8.0,1,2026-09-08T17:40:13.663562+00:00,QUALITY_PRICE_WAIT,质量通过，但价格超过20倍盈利或5%正常化Owner FCF收益率约束,UNCHANGED,NOT_ELIGIBLE,先满足质量与合理估值条件,UNCHANGED,1334.055,2026-09-08T16:59:23+00:00,2026-06-30,2026-09-08T16:59:44.864647+00:00,WAIT_PRICE,806.3742057454979,29.515843770589544,0.0302226746927787,70.62395695235125,,,,,,,,,,
VLTO,MOS_Radar_V6.8.0,1,2026-09-08T17:40:13.663562+00:00,QUALITY_PRICE_WAIT,质量通过，但价格超过20倍盈利或5%正常化Owner FCF收益率约束,UNCHANGED,NOT_ELIGIBLE,先满足质量与合理估值条件,UNCHANGED,95.785,2026-09-08T16:58:36+00:00,2026-06-30,2026-09-08T16:59:46.735899+00:00,WAIT_PRICE,68.58267369576336,23.63537079740677,0.035800320350662,0.3190184049079754,,,,,,,,,,
FFIV,MOS_Radar_V6.8.0,1,2026-09-08T17:40:13.663562+00:00,QUALITY_PRICE_WAIT,质量通过，但价格超过20倍盈利或5%正常化Owner FCF收益率约束,UNCHANGED,NOT_ELIGIBLE,先满足质量与合理估值条件,UNCHANGED,388.01,2026-09-08T16:58:09+00:00,2026-06-30,2026-09-08T17:00:01.363583+00:00,WAIT_PRICE,153.65235340532234,30.24309843060636,0.0198000506952555,0.1884235121296128,,,,,,,,,,
SNA,MOS_Radar_V6.8.0,1,2026-09-08T17:40:13.663562+00:00,QUALITY_PRICE_WAIT,质量通过，但价格超过20倍盈利或5%正常化Owner FCF收益率约束,UNCHANGED,NOT_ELIGIBLE,先满足质量与合理估值条件,UNCHANGED,379.935,2026-09-08T17:00:20+00:00,2026-06-30,2026-09-08T17:01:04.978282+00:00,WAIT_PRICE,353.17061349458913,19.012232495552944,0.0464777677095541,0.1711055567510304,,,,,,,,,,
BR,MOS_Radar_V6.8.0,1,2026-09-08T17:40:13.663562+00:00,QUALITY_PRICE_WAIT,质量通过，但价格超过20倍盈利或5%正常化Owner FCF收益率约束,UNCHANGED,NOT_ELIGIBLE,先满足质量与合理估值条件,UNCHANGED,168.87,2026-09-08T17:01:05+00:00,2026-06-30,2026-09-08T17:02:00.567752+00:00,WAIT_PRICE,160.92098925277418,17.124564631370454,0.0476464112195103,0.3958318665070759,,,,,,,,,,
NBIX,MOS_Radar_V6.8.0,1,2026-09-08T17:40:13.663562+00:00,QUALITY_PRICE_WAIT,质量通过，但价格超过20倍盈利或5%正常化Owner FCF收益率约束,UNCHANGED,NOT_ELIGIBLE,先满足质量与合理估值条件,UNCHANGED,155.97,2026-09-08T17:01:50+00:00,2025-12-31,2026-09-08T17:02:37.128117+00:00,WAIT_PRICE,59.49875732560182,33.12624923663492,0.0190737825625446,0.1295754819146632,,,,,,,,,,
NDSN,MOS_Radar_V6.8.0,1,2026-09-08T17:40:13.663562+00:00,QUALITY_PRICE_WAIT,质量通过，但价格超过20倍盈利或5%正常化Owner FCF收益率约束,UNCHANGED,NOT_ELIGIBLE,先满足质量与合理估值条件,UNCHANGED,315.7,2026-09-08T17:02:31+00:00,2026-07-31,2026-09-08T17:02:53.070628+00:00,WAIT_PRICE,191.19974522174303,31.67324808642256,0.0302818728574189,0.1698280759080824,,,,,,,,,,
LOGI,MOS_Radar_V6.8.0,1,2026-09-08T17:40:13.663562+00:00,QUALITY_WATCH,通过质量门槛及合理估值初始规则；不等于厚安全边际或买入指令,UNCHANGED,TREND_WATCH,完整交易日趋势通过，需复核当前报价,UNCHANGED,97.975,2026-09-08T17:01:52+00:00,2026-06-30,2026-09-08T17:03:02.736803+00:00,WAIT_PRICE,102.55633279326564,17.517067846566597,0.0523380111218502,0.3405424482671378,2026-09-04T00:00:00+00:00,102.0500030517578,101.12600006103516,100.7161500930786,0.1278203480708495,0.1201908141361998,0.0076295339346497,^GSPC,7718.60009765625,377.0
MLI,MOS_Radar_V6.8.0,1,2026-09-08T17:40:13.663562+00:00,QUALITY_PRICE_WAIT,质量通过，但价格超过20倍盈利或5%正常化Owner FCF收益率约束,UNCHANGED,NOT_ELIGIBLE,先满足质量与合理估值条件,UNCHANGED,63.99,2026-09-08T17:02:53+00:00,2026-06-30,2026-09-08T17:03:04.592339+00:00,WAIT_PRICE,54.08541134972759,16.64111024160339,0.0422608308717984,0.2397316609118455,,,,,,,,,,
LECO,MOS_Radar_V6.8.0,1,2026-09-08T17:40:13.663562+00:00,QUALITY_PRICE_WAIT,质量通过，但价格超过20倍盈利或5%正常化Owner FCF收益率约束,UNCHANGED,NOT_ELIGIBLE,先满足质量与合理估值条件,UNCHANGED,277.535,2026-09-08T17:02:59+00:00,2026-06-30,2026-09-08T17:03:25.646308+00:00,WAIT_PRICE,165.9212783829,27.327663518991105,0.0298919556781847,0.3561691695942555,,,,,,,,,,
RMBS,MOS_Radar_V6.8.0,1,2026-09-08T17:40:13.663562+00:00,QUALITY_PRICE_WAIT,质量通过，但价格超过20倍盈利或5%正常化Owner FCF收益率约束,UNCHANGED,NOT_ELIGIBLE,先满足质量与合理估值条件,UNCHANGED,88.445,2026-09-08T17:03:42+00:00,2026-06-30,2026-09-08T17:03:44.939967+00:00,WAIT_PRICE,33.92122106746618,40.02372515118135,0.0191764492438612,0.1634190360540521,,,,,,,,,,
CSL,MOS_Radar_V6.8.0,1,2026-09-08T17:40:13.663562+00:00,QUALITY_WATCH,通过质量门槛及合理估值初始规则；不等于厚安全边际或买入指令,UNCHANGED,TREND_WAIT,长均线或相对强度未同时通过；若此前持有，应复核趋势理由,UNCHANGED,343.72,2026-09-08T17:02:46+00:00,2026-06-30,2026-09-08T17:03:57.276847+00:00,WAIT_PRICE,363.9510385047912,18.888254937372583,0.0610525215460781,0.4468835023497403,2026-09-04T00:00:00+00:00,352.1400146484375,355.79146850585937,349.2659541320801,-0.0258425161665739,0.1201908141361998,-0.1460333303027737,^GSPC,7718.60009765625,377.0
DECK,MOS_Radar_V6.8.0,1,2026-09-08T17:40:13.663562+00:00,QUALITY_WATCH,通过质量门槛及合理估值初始规则；不等于厚安全边际或买入指令,UNCHANGED,TREND_WAIT,长均线或相对强度未同时通过；若此前持有，应复核趋势理由,UNCHANGED,83.53,2026-09-08T17:03:41+00:00,2026-06-30,2026-09-08T17:04:06.242527+00:00,WAIT_PRICE,121.48964338019842,11.208929830290865,0.0727221617264446,0.4409123414963491,2026-09-04T00:00:00+00:00,85.80999755859375,97.18780029296876,102.55145000457765,-0.128106879763189,0.1201908141361998,-0.2482976938993888,^GSPC,7718.60009765625,377.0
GGG,MOS_Radar_V6.8.0,1,2026-09-08T17:40:13.663562+00:00,QUALITY_PRICE_WAIT,质量通过，但价格超过20倍盈利或5%正常化Owner FCF收益率约束,UNCHANGED,NOT_ELIGIBLE,先满足质量与合理估值条件,UNCHANGED,76.69,2026-09-08T17:04:17+00:00,2026-06-30,2026-09-08T17:05:05.957837+00:00,WAIT_PRICE,51.68791033615634,23.27862242305753,0.0336992504473571,0.211499400639318,,,,,,,,,,
RPM,MOS_Radar_V6.8.0,1,2026-09-08T17:40:13.663562+00:00,QUALITY_PRICE_WAIT,质量通过，但价格超过20倍盈利或5%正常化Owner FCF收益率约束,UNCHANGED,NOT_ELIGIBLE,先满足质量与合理估值条件,UNCHANGED,103.09,2026-09-08T17:04:48+00:00,2026-05-31,2026-09-08T17:05:28.781266+00:00,WAIT_PRICE,91.26932470910236,19.977252256476728,0.0442668176879922,0.1989063675343111,,,,,,,,,,
NYT,MOS_Radar_V6.8.0,1,2026-09-08T17:40:13.663562+00:00,QUALITY_PRICE_WAIT,质量通过，但价格超过20倍盈利或5%正常化Owner FCF收益率约束,UNCHANGED,NOT_ELIGIBLE,先满足质量与合理估值条件,UNCHANGED,66.96,2026-09-08T17:05:20+00:00,2026-06-30,2026-09-08T17:05:33.620371+00:00,WAIT_PRICE,35.705896809228264,27.492009854007424,0.0266621093258872,0.1918525486242976,,,,,,,,,,
MEDP,MOS_Radar_V6.8.0,1,2026-09-08T17:40:13.663562+00:00,QUALITY_PRICE_WAIT,质量通过，但价格超过20倍盈利或5%正常化Owner FCF收益率约束,UNCHANGED,NOT_ELIGIBLE,先满足质量与合理估值条件,UNCHANGED,590.5,2026-09-08T17:03:30+00:00,2026-06-30,2026-09-08T17:05:51.340531+00:00,WAIT_PRICE,340.324319715187,33.533738102746696,0.0288166231765611,1.1328513049110198,,,,,,,,,,
PNR,MOS_Radar_V6.8.0,1,2026-09-08T17:40:13.663562+00:00,QUALITY_WATCH,通过质量门槛及合理估值初始规则；不等于厚安全边际或买入指令,UNCHANGED,TREND_WAIT,长均线或相对强度未同时通过；若此前持有，应复核趋势理由,UNCHANGED,59.0,2026-09-08T17:05:07+00:00,2026-06-30,2026-09-08T17:06:03.994845+00:00,WAIT_PRICE,66.69486215538846,14.455634019035925,0.0565210696232105,0.1737390979649534,2026-09-04T00:00:00+00:00,60.209999084472656,66.93230117797852,85.1809070968628,-0.276113800925731,0.1201908141361998,-0.3963046150619308,^GSPC,7718.60009765625,377.0
GDDY,MOS_Radar_V6.8.0,1,2026-09-08T17:40:13.663562+00:00,QUALITY_WATCH,通过质量门槛及合理估值初始规则；不等于厚安全边际或买入指令,UNCHANGED,TREND_WAIT,长均线或相对强度未同时通过；若此前持有，应复核趋势理由,UNCHANGED,93.86,2026-09-08T17:06:00+00:00,2026-06-30,2026-09-08T17:06:17.906243+00:00,WAIT_PRICE,140.07360042342782,13.058501125716385,0.0746183680073662,135.86567164179104,2026-09-04T00:00:00+00:00,101.30999755859376,93.451199798584,96.17694984436037,-0.0560025144877588,0.1201908141361998,-0.1761933286239586,^GSPC,7718.60009765625,377.0
AIT,MOS_Radar_V6.8.0,1,2026-09-08T17:40:13.663562+00:00,QUALITY_PRICE_WAIT,质量通过，但价格超过20倍盈利或5%正常化Owner FCF收益率约束,UNCHANGED,NOT_ELIGIBLE,先满足质量与合理估值条件,UNCHANGED,325.78,2026-09-08T17:06:12+00:00,2026-06-30,2026-09-08T17:06:29.010726+00:00,WAIT_PRICE,211.9940749420517,28.84205599874939,0.0325363857422266,0.2226535370772322,,,,,,,,,,
ALLE,MOS_Radar_V6.8.0,1,2026-09-08T17:40:13.663562+00:00,QUALITY_PRICE_WAIT,质量通过，但价格超过20倍盈利或5%正常化Owner FCF收益率约束,UNCHANGED,NOT_ELIGIBLE,先满足质量与合理估值条件,UNCHANGED,156.47,2026-09-08T17:03:21+00:00,2025-12-31,2026-09-08T17:07:10.178286+00:00,WAIT_PRICE,121.80610776131525,20.667452639367305,0.0389231506874529,0.3038799207023506,,,,,,,,,,
WTS,MOS_Radar_V6.8.0,1,2026-09-08T17:40:13.663562+00:00,QUALITY_PRICE_WAIT,质量通过，但价格超过20倍盈利或5%正常化Owner FCF收益率约束,UNCHANGED,NOT_ELIGIBLE,先满足质量与合理估值条件,UNCHANGED,363.37,2026-09-08T17:04:07+00:00,2026-06-30,2026-09-08T17:08:32.969122+00:00,WAIT_PRICE,161.72878369560243,31.606041468204342,0.0222540088196056,0.1752991687220243,,,,,,,,,,
BSY,MOS_Radar_V6.8.0,1,2026-09-08T17:40:13.663562+00:00,QUALITY_PRICE_WAIT,质量通过，但价格超过20倍盈利或5%正常化Owner FCF收益率约束,UNCHANGED,NOT_ELIGIBLE,先满足质量与合理估值条件,UNCHANGED,32.72,2026-09-08T17:08:47+00:00,2026-06-30,2026-09-08T17:08:52.406937+00:00,WAIT_PRICE,19.195485874744392,34.091348573833066,0.0327219044319766,0.2412070460100396,,,,,,,,,,
JKHY,MOS_Radar_V6.8.0,1,2026-09-08T17:40:13.663562+00:00,QUALITY_PRICE_WAIT,质量通过，但价格超过20倍盈利或5%正常化Owner FCF收益率约束,UNCHANGED,NOT_ELIGIBLE,先满足质量与合理估值条件,UNCHANGED,160.52,2026-09-08T17:08:16+00:00,2026-06-30,2026-09-08T17:08:54.165637+00:00,WAIT_PRICE,93.32850413773802,22.38471709156856,0.0290706778400629,0.2450231462867741,,,,,,,,,,
DCI,MOS_Radar_V6.8.0,1,2026-09-08T17:40:13.663562+00:00,QUALITY_PRICE_WAIT,质量通过，但价格超过20倍盈利或5%正常化Owner FCF收益率约束,UNCHANGED,NOT_ELIGIBLE,先满足质量与合理估值条件,UNCHANGED,91.66,2026-09-08T17:05:34+00:00,2025-07-31,2026-09-08T17:09:11.896200+00:00,WAIT_PRICE,54.0630028392921,28.94934010201353,0.0294910554436461,0.2164808588450421,,,,,,,,,,
AYI,MOS_Radar_V6.8.0,1,2026-09-08T17:40:13.663562+00:00,QUALITY_PRICE_WAIT,质量通过，但价格超过20倍盈利或5%正常化Owner FCF收益率约束,UNCHANGED,NOT_ELIGIBLE,先满足质量与合理估值条件,UNCHANGED,327.42,2026-09-08T17:08:05+00:00,2026-05-31,2026-09-08T17:10:28.740379+00:00,WAIT_PRICE,281.9891566974843,20.752693628428062,0.0430622986832637,0.1656321234438015,,,,,,,,,,
CRUS,MOS_Radar_V6.8.0,1,2026-09-08T17:40:13.663562+00:00,QUALITY_WATCH,通过质量门槛及合理估值初始规则；不等于厚安全边际或买入指令,UNCHANGED,TREND_WAIT,长均线或相对强度未同时通过；若此前持有，应复核趋势理由,UNCHANGED,111.53,2026-09-08T17:10:01+00:00,2026-06-30,2026-09-08T17:11:10.868051+00:00,WAIT_PRICE,139.74034124791433,12.982129210546534,0.0626469744678177,0.1966816969838717,2026-09-04T00:00:00+00:00,113.20999908447266,129.3880000305176,140.0026998901367,-0.0845007873132294,0.1201908141361998,-0.2046916014494292,^GSPC,7718.60009765625,377.0
ZWS,MOS_Radar_V6.8.0,1,2026-09-08T17:40:13.663562+00:00,QUALITY_PRICE_WAIT,质量通过，但价格超过20倍盈利或5%正常化Owner FCF收益率约束,UNCHANGED,NOT_ELIGIBLE,先满足质量与合理估值条件,UNCHANGED,47.57,2026-09-08T17:07:59+00:00,2026-06-30,2026-09-08T17:11:26.430456+00:00,WAIT_PRICE,23.11531002755984,28.577164229164413,0.0242961005124656,0.1664155264902658,,,,,,,,,,
WFRD,MOS_Radar_V6.8.0,1,2026-09-08T17:40:13.663562+00:00,QUALITY_WATCH,通过质量门槛及合理估值初始规则；不等于厚安全边际或买入指令,UNCHANGED,TREND_WAIT,长均线或相对强度未同时通过；若此前持有，应复核趋势理由,UNCHANGED,94.42,2026-09-08T17:11:18+00:00,2026-06-30,2026-09-08T17:11:50.730249+00:00,WAIT_PRICE,102.36029612489452,18.448559368135047,0.0607211954538765,0.2046979865771812,2026-09-04T00:00:00+00:00,95.87999725341795,87.45533203125,91.883680267334,-0.1026181629668532,0.1201908141361998,-0.222808977103053,^GSPC,7718.60009765625,377.0
MANH,MOS_Radar_V6.8.0,1,2026-09-08T17:40:13.663562+00:00,QUALITY_PRICE_WAIT,质量通过，但价格超过20倍盈利或5%正常化Owner FCF收益率约束,UNCHANGED,NOT_ELIGIBLE,先满足质量与合理估值条件,UNCHANGED,205.475,2026-09-08T17:10:29+00:00,2026-06-30,2026-09-08T17:11:57.382073+00:00,WAIT_PRICE,63.414058241417536,56.985413696067255,0.0154310885123293,1.33475337604043,,,,,,,,,,
AOS,MOS_Radar_V6.8.0,1,2026-09-08T17:40:13.663562+00:00,QUALITY_WATCH,通过质量门槛及合理估值初始规则；不等于厚安全边际或买入指令,UNCHANGED,TREND_WAIT,长均线或相对强度未同时通过；若此前持有，应复核趋势理由,UNCHANGED,59.18,2026-09-08T17:11:46+00:00,2026-06-30,2026-09-08T17:12:04.144082+00:00,WAIT_PRICE,69.43270570090112,16.07649288749951,0.0586623062697711,0.2716216949888702,2026-09-04T00:00:00+00:00,60.47999954223633,61.14792572021484,64.55721347808839,-0.1867841955982745,0.1201908141361998,-0.3069750097344743,^GSPC,7718.60009765625,377.0
QGEN,MOS_Radar_V6.8.0,1,2026-09-08T17:40:13.663562+00:00,QUALITY_PRICE_WAIT,质量通过，但价格超过20倍盈利或5%正常化Owner FCF收益率约束,UNCHANGED,NOT_ELIGIBLE,先满足质量与合理估值条件,UNCHANGED,42.53,2026-09-08T17:12:29+00:00,2026-06-30,2026-09-08T17:13:30.898764+00:00,WAIT_PRICE,35.675925380498285,21.45587296350719,0.0419420707506445,0.1219022318583332,,,,,,,,,,
IDCC,MOS_Radar_V6.8.0,1,2026-09-08T17:40:13.663562+00:00,QUALITY_PRICE_WAIT,质量通过，但价格超过20倍盈利或5%正常化Owner FCF收益率约束,UNCHANGED,NOT_ELIGIBLE,先满足质量与合理估值条件,UNCHANGED,343.2884,2026-09-08T17:08:20+00:00,2026-06-30,2026-09-08T17:13:43.654625+00:00,WAIT_PRICE,184.4781768539002,29.317126248326545,0.0268692703939166,0.2513581701075306,,,,,,,,,,
AWI,MOS_Radar_V6.8.0,1,2026-09-08T17:40:13.663562+00:00,QUALITY_PRICE_WAIT,质量通过，但价格超过20倍盈利或5%正常化Owner FCF收益率约束,UNCHANGED,NOT_ELIGIBLE,先满足质量与合理估值条件,UNCHANGED,171.35,2026-09-08T17:08:02+00:00,2026-06-30,2026-09-08T17:14:07.753174+00:00,WAIT_PRICE,72.65249821742353,22.96776242642505,0.0212000286598843,0.3565532059255908,,,,,,,,,,
DOX,MOS_Radar_V6.8.0,1,2026-09-08T17:40:13.663562+00:00,QUALITY_WATCH,通过质量门槛及合理估值初始规则；不等于厚安全边际或买入指令,UNCHANGED,TREND_WAIT,长均线或相对强度未同时通过；若此前持有，应复核趋势理由,UNCHANGED,60.15,2026-09-08T17:14:07+00:00,2026-06-30,2026-09-08T17:14:25.398851+00:00,WAIT_PRICE,86.5875570621831,13.893451216507495,0.0841357772697973,0.1375475655968603,2026-09-04T00:00:00+00:00,62.209999084472656,56.198524932861325,65.3751933479309,-0.1744997633430975,0.1201908141361998,-0.2946905774792974,^GSPC,7718.60009765625,377.0
PAYC,MOS_Radar_V6.8.0,1,2026-09-08T17:40:13.663562+00:00,QUALITY_PRICE_WAIT,质量通过，但价格超过20倍盈利或5%正常化Owner FCF收益率约束,UNCHANGED,NOT_ELIGIBLE,先满足质量与合理估值条件,UNCHANGED,219.365,2026-09-08T17:14:12+00:00,2026-06-30,2026-09-08T17:14:38.076009+00:00,WAIT_PRICE,98.7650319046466,20.27714509745857,0.0225115747509052,0.8531933508311461,,,,,,,,,,
LNTH,MOS_Radar_V6.8.0,1,2026-09-08T17:40:13.663562+00:00,QUALITY_PRICE_WAIT,质量通过，但价格超过20倍盈利或5%正常化Owner FCF收益率约束,UNCHANGED,NOT_ELIGIBLE,先满足质量与合理估值条件,UNCHANGED,100.59,2026-09-08T17:15:26+00:00,2026-06-30,2026-09-08T17:15:31.881298+00:00,WAIT_PRICE,83.81632661708434,23.848994237937724,0.0416623554116136,0.2098716398658919,,,,,,,,,,
PCTY,MOS_Radar_V6.8.0,1,2026-09-08T17:40:13.663562+00:00,QUALITY_PRICE_WAIT,质量通过，但价格超过20倍盈利或5%正常化Owner FCF收益率约束,UNCHANGED,NOT_ELIGIBLE,先满足质量与合理估值条件,UNCHANGED,144.67,2026-09-08T17:16:39+00:00,2026-06-30,2026-09-08T17:16:47.533326+00:00,WAIT_PRICE,64.79292427489689,29.694407296709905,0.0223933518610966,0.2208426769891036,,,,,,,,,,
BCPC,MOS_Radar_V6.8.0,1,2026-09-08T17:40:13.663562+00:00,QUALITY_PRICE_WAIT,质量通过，但价格超过20倍盈利或5%正常化Owner FCF收益率约束,UNCHANGED,NOT_ELIGIBLE,先满足质量与合理估值条件,UNCHANGED,169.75,2026-09-08T17:10:46+00:00,2025-12-31,2026-09-08T17:18:50.182443+00:00,WAIT_PRICE,76.8330317619152,34.946521132422745,0.0226312317413594,0.1204910685105469,,,,,,,,,,
G,MOS_Radar_V6.8.0,1,2026-09-08T17:40:13.663562+00:00,QUALITY_WATCH,通过质量门槛及合理估值初始规则；不等于厚安全边际或买入指令,UNCHANGED,TREND_WAIT,长均线或相对强度未同时通过；若此前持有，应复核趋势理由,UNCHANGED,35.68,2026-09-08T17:18:54+00:00,2026-06-30,2026-09-08T17:19:16.060971+00:00,WAIT_PRICE,52.18823978706924,10.289927972759187,0.0731337440962293,0.2236849934946946,2026-09-04T00:00:00+00:00,37.31999969482422,33.37040016174316,37.35906393051148,-0.0467149668672772,0.1201908141361998,-0.166905781003477,^GSPC,7718.60009765625,377.0
LAUR,MOS_Radar_V6.8.0,1,2026-09-08T17:40:13.663562+00:00,QUALITY_PRICE_WAIT,质量通过，但价格超过20倍盈利或5%正常化Owner FCF收益率约束,UNCHANGED,NOT_ELIGIBLE,先满足质量与合理估值条件,UNCHANGED,36.47,2026-09-08T17:19:59+00:00,2026-06-30,2026-09-08T17:20:58.884563+00:00,WAIT_PRICE,25.653040287971866,15.623349652159137,0.0351700579763804,0.2817216321967579,,,,,,,,,,
EXLS,MOS_Radar_V6.8.0,1,2026-09-08T17:40:13.663562+00:00,QUALITY_PRICE_WAIT,质量通过，但价格超过20倍盈利或5%正常化Owner FCF收益率约束,UNCHANGED,NOT_ELIGIBLE,先满足质量与合理估值条件,UNCHANGED,35.34,2026-09-08T17:20:19+00:00,2026-06-30,2026-09-08T17:22:27.761280+00:00,WAIT_PRICE,17.813570821353586,21.432028679291644,0.0252031279306077,0.2886017994971382,,,,,,,,,,
LOPE,MOS_Radar_V6.8.0,1,2026-09-08T17:40:13.663562+00:00,QUALITY_WATCH,通过质量门槛及合理估值初始规则；不等于厚安全边际或买入指令,UNCHANGED,TREND_WAIT,长均线或相对强度未同时通过；若此前持有，应复核趋势理由,UNCHANGED,151.045,2026-09-08T17:21:40+00:00,2026-06-30,2026-09-08T17:22:32.680287+00:00,WAIT_PRICE,157.4127844030519,17.55971502073313,0.0521079096967962,0.3348812338594403,2026-09-04T00:00:00+00:00,152.6699981689453,147.32580078125,159.14999984741212,-0.1092345831900556,0.1201908141361998,-0.2294253973262554,^GSPC,7718.60009765625,377.0
CVSA,MOS_Radar_V6.8.0,1,2026-09-08T17:40:13.663562+00:00,QUALITY_WATCH,通过质量门槛及合理估值初始规则；不等于厚安全边际或买入指令,UNCHANGED,TREND_WATCH,完整交易日趋势通过，需复核当前报价,UNCHANGED,125.67,2026-09-08T17:21:54+00:00,2026-06-30,2026-09-08T17:22:34.425932+00:00,WAIT_PRICE,142.48849021993686,17.004119980732924,0.0566915294899088,0.1739514654072611,2026-09-04T00:00:00+00:00,128.08999633789062,128.12640029907226,114.61064998626708,0.237033408774085,0.1201908141361998,0.1168425946378852,^GSPC,7718.60009765625,377.0
CAAP,MOS_Radar_V6.8.0,1,2026-09-08T17:40:13.663562+00:00,QUALITY_WATCH,通过质量门槛及合理估值初始规则；不等于厚安全边际或买入指令,UNCHANGED,TREND_WAIT,长均线或相对强度未同时通过；若此前持有，应复核趋势理由,UNCHANGED,24.155,2026-09-08T17:19:59+00:00,2025-12-31,2026-09-08T17:23:39.793088+00:00,WAIT_PRICE,30.326476662172706,15.929974503190076,0.0932879220489975,0.1372534027456886,2026-09-04T00:00:00+00:00,24.40999984741211,23.986747207641603,24.898070831298828,-0.0853744031649137,0.1201908141361998,-0.2055652173011135,^GSPC,7718.60009765625,377.0
LRN,MOS_Radar_V6.8.0,1,2026-09-08T17:40:13.663562+00:00,QUALITY_WATCH,通过质量门槛及合理估值初始规则；不等于厚安全边际或买入指令,UNCHANGED,TREND_WAIT,长均线或相对强度未同时通过；若此前持有，应复核趋势理由,UNCHANGED,83.04,2026-09-08T17:23:39+00:00,2026-06-30,2026-09-08T17:24:18.414149+00:00,WAIT_PRICE,114.62422315287364,10.204645783605686,0.0690174754051503,0.2071837233792942,2026-09-04T00:00:00+00:00,84.68000030517578,85.82199966430665,83.02634994506836,-0.0746095682583287,0.1201908141361998,-0.1948003823945285,^GSPC,7718.60009765625,377.0
KTB,MOS_Radar_V6.8.0,1,2026-09-08T17:40:13.663562+00:00,QUALITY_WATCH,通过质量门槛及合理估值初始规则；不等于厚安全边际或买入指令,UNCHANGED,TREND_WATCH,完整交易日趋势通过，需复核当前报价,UNCHANGED,71.0808,2026-09-08T17:25:45+00:00,2026-06-30,2026-09-08T17:25:57.306910+00:00,WAIT_PRICE,95.7698645609528,14.49874671364276,0.0673669011610398,0.4331817946661838,2026-09-04T00:00:00+00:00,73.58999633789062,82.06600006103515,71.57037858963012,0.2205350562161296,0.1201908141361998,0.1003442420799298,^GSPC,7718.60009765625,377.0
BRC,MOS_Radar_V6.8.0,1,2026-09-08T17:40:13.663562+00:00,QUALITY_PRICE_WAIT,质量通过，但价格超过20倍盈利或5%正常化Owner FCF收益率约束,UNCHANGED,NOT_ELIGIBLE,先满足质量与合理估值条件,UNCHANGED,88.76,2026-09-08T17:25:52+00:00,2026-04-30,2026-09-08T17:26:10.728502+00:00,WAIT_PRICE,59.35920233116304,19.9245398384485,0.0334380364641522,0.1554533718754301,,,,,,,,,,
BMI,MOS_Radar_V6.8.0,1,2026-09-08T17:40:13.663562+00:00,QUALITY_PRICE_WAIT,质量通过，但价格超过20倍盈利或5%正常化Owner FCF收益率约束,UNCHANGED,NOT_ELIGIBLE,先满足质量与合理估值条件,UNCHANGED,129.24,2026-09-08T17:25:22+00:00,2026-06-30,2026-09-08T17:26:19.208307+00:00,WAIT_PRICE,79.83862134557855,29.801524700370752,0.0308877365156215,0.1840835871602624,,,,,,,,,,
KFY,MOS_Radar_V6.8.0,1,2026-09-08T17:40:13.663562+00:00,QUALITY_WATCH,通过质量门槛及合理估值初始规则；不等于厚安全边际或买入指令,UNCHANGED,TREND_WATCH,完整交易日趋势通过，需复核当前报价,UNCHANGED,81.82,2026-09-08T17:25:47+00:00,2026-04-30,2026-09-08T17:26:33.043815+00:00,WAIT_PRICE,93.133862275803,15.333433512702031,0.056913873304695,0.1389223190033894,2026-09-04T00:00:00+00:00,85.3499984741211,79.89306854248046,68.88586503982543,0.253532243941597,0.1201908141361998,0.1333414298053972,^GSPC,7718.60009765625,377.0
FIZZ,MOS_Radar_V6.8.0,1,2026-09-08T17:40:13.663562+00:00,QUALITY_WATCH,通过质量门槛及合理估值初始规则；不等于厚安全边际或买入指令,UNCHANGED,TREND_WAIT,长均线或相对强度未同时通过；若此前持有，应复核趋势理由,UNCHANGED,31.265,2026-09-08T17:25:26+00:00,2026-04-30,2026-09-08T17:27:14.239214+00:00,WAIT_PRICE,33.25802506924126,15.937458398086306,0.0531873102018891,0.2888846242178086,2026-09-04T00:00:00+00:00,32.2400016784668,31.242552795410155,31.251419229507448,-0.002882766999304,0.1201908141361998,-0.1230735811355038,^GSPC,7718.60009765625,377.0
QLYS,MOS_Radar_V6.8.0,1,2026-09-08T17:40:13.663562+00:00,QUALITY_PRICE_WAIT,质量通过，但价格超过20倍盈利或5%正常化Owner FCF收益率约束,UNCHANGED,NOT_ELIGIBLE,先满足质量与合理估值条件,UNCHANGED,171.8578,2026-09-08T17:26:12+00:00,2026-06-30,2026-09-08T17:27:27.973979+00:00,WAIT_PRICE,96.87468818904956,28.78525098075286,0.0281845479777611,0.3673702427684389,,,,,,,,,,
PRDO,MOS_Radar_V6.8.0,1,2026-09-08T17:40:13.663562+00:00,QUALITY_WATCH,通过质量门槛及合理估值初始规则；不等于厚安全边际或买入指令,UNCHANGED,TREND_WAIT,长均线或相对强度未同时通过；若此前持有，应复核趋势理由,UNCHANGED,33.01,2026-09-08T17:33:39+00:00,2026-06-30,2026-09-08T17:35:05.923078+00:00,WAIT_PRICE,46.02853468346802,11.662536588281904,0.0697190770728082,0.1713939011562701,2026-09-04T00:00:00+00:00,33.20000076293945,32.7369316482544,32.46227460861206,0.0416131766762,0.1201908141361998,-0.0785776374599998,^GSPC,7718.60009765625,377.0
MCRI,MOS_Radar_V6.8.0,1,2026-09-08T17:40:13.663562+00:00,QUALITY_PRICE_WAIT,质量通过，但价格超过20倍盈利或5%正常化Owner FCF收益率约束,UNCHANGED,NOT_ELIGIBLE,先满足质量与合理估值条件,UNCHANGED,119.57,2026-09-08T17:31:00+00:00,2026-06-30,2026-09-08T17:35:26.506174+00:00,WAIT_PRICE,116.36895307993184,18.69407973568701,0.0486614339215237,0.1987537471674101,,,,,,,,,,
MD,MOS_Radar_V6.8.0,1,2026-09-08T17:40:13.663562+00:00,QUALITY_WATCH,通过质量门槛及合理估值初始规则；不等于厚安全边际或买入指令,UNCHANGED,TREND_WATCH,完整交易日趋势通过，需复核当前报价,UNCHANGED,26.8,2026-09-08T17:34:03+00:00,2026-06-30,2026-09-08T17:37:19.708137+00:00,WAIT_PRICE,38.1554496219324,12.457167378743716,0.0711855403394261,0.198422887317149,2026-09-04T00:00:00+00:00,27.030000686645508,26.284599914550785,22.98119996070862,0.2708532815539093,0.1201908141361998,0.1506624674177095,^GSPC,7718.60009765625,377.0
EPAC,MOS_Radar_V6.8.0,1,2026-09-08T17:40:13.663562+00:00,QUALITY_PRICE_WAIT,质量通过，但价格超过20倍盈利或5%正常化Owner FCF收益率约束,UNCHANGED,NOT_ELIGIBLE,先满足质量与合理估值条件,UNCHANGED,37.08,2026-09-08T17:36:52+00:00,2026-05-31,2026-09-08T17:38:31.865335+00:00,WAIT_PRICE,22.217877293267883,20.31959544049193,0.029959381463414,0.2200750893808899,,,,,,,,,,
CTS,MOS_Radar_V6.8.0,1,2026-09-08T17:40:13.663562+00:00,QUALITY_PRICE_WAIT,质量通过，但价格超过20倍盈利或5%正常化Owner FCF收益率约束,UNCHANGED,NOT_ELIGIBLE,先满足质量与合理估值条件,UNCHANGED,57.2,2026-09-08T17:38:55+00:00,2026-06-30,2026-09-08T17:39:21.979889+00:00,WAIT_PRICE,48.87485820097102,23.406717525315944,0.0457783408230312,0.1218264186517462,,,,,,,,,,
TILE,MOS_Radar_V6.8.0,1,2026-09-08T17:40:13.663562+00:00,QUALITY_PRICE_WAIT,质量通过，但价格超过20倍盈利或5%正常化Owner FCF收益率约束,UNCHANGED,NOT_ELIGIBLE,先满足质量与合理估值条件,UNCHANGED,35.96,2026-09-08T17:39:48+00:00,2026-06-30,2026-09-08T17:39:51.314179+00:00,WAIT_PRICE,28.61767954983599,14.28005254912024,0.0397909893629532,0.2145644306531144,,,,,,,,,,
AAPL,MOS_Radar_V6.8.0,1,2026-09-10T17:13:57.537223+00:00,QUALITY_PRICE_WAIT,质量通过，但价格超过20倍盈利或5%正常化Owner FCF收益率约束,UNCHANGED,NOT_ELIGIBLE,先满足质量与合理估值条件,UNCHANGED,321.8,2026-09-10T16:33:50+00:00,2026-06-30,2026-09-10T16:33:51.519004+00:00,WAIT_PRICE,124.147210421947,36.42602145232598,0.0192894982010483,1.199125744047619,,,,,,,,,,
JNJ,MOS_Radar_V6.8.0,1,2026-09-10T17:13:57.537223+00:00,QUALITY_PRICE_WAIT,质量通过，但价格超过20倍盈利或5%正常化Owner FCF收益率约束,UNCHANGED,NOT_ELIGIBLE,先满足质量与合理估值条件,UNCHANGED,266.36,2026-09-10T16:34:09+00:00,2026-06-30,2026-09-10T16:34:14.277214+00:00,WAIT_PRICE,140.05776798340094,30.51293221446361,0.0262910662230441,0.247578585635099,,,,,,,,,,
NFLX,MOS_Radar_V6.8.0,1,2026-09-10T17:13:57.537223+00:00,QUALITY_PRICE_WAIT,质量通过，但价格超过20倍盈利或5%正常化Owner FCF收益率约束,UNCHANGED,NOT_ELIGIBLE,先满足质量与合理估值条件,UNCHANGED,76.24,2026-09-10T16:34:20+00:00,2026-06-30,2026-09-10T16:34:23.278527+00:00,WAIT_PRICE,28.06039149867884,23.26059162147939,0.0184026701853874,0.4526936342508297,,,,,,,,,,
NVS,MOS_Radar_V6.8.0,1,2026-09-10T17:13:57.537223+00:00,QUALITY_PRICE_WAIT,质量通过，但价格超过20倍盈利或5%正常化Owner FCF收益率约束,UNCHANGED,NOT_ELIGIBLE,先满足质量与合理估值条件,UNCHANGED,138.055,2026-09-10T16:34:00+00:00,2026-06-30,2026-09-10T16:34:37.392621+00:00,WAIT_PRICE,128.78050291122335,20.569348068899327,0.0466410136942607,0.3070868037167204,,,,,,,,,,
KLAC,MOS_Radar_V6.8.0,1,2026-09-10T17:13:57.537223+00:00,QUALITY_PRICE_WAIT,质量通过，但价格超过20倍盈利或5%正常化Owner FCF收益率约束,UNCHANGED,NOT_ELIGIBLE,先满足质量与合理估值条件,UNCHANGED,178.965,2026-09-10T16:34:43+00:00,2026-06-30,2026-09-10T16:34:44.933125+00:00,WAIT_PRICE,49.41989996944894,48.4034826397024,0.0138071410525658,0.7607729037988479,,,,,,,,,,
QCOM,MOS_Radar_V6.8.0,1,2026-09-10T17:13:57.537223+00:00,QUALITY_PRICE_WAIT,质量通过，但价格超过20倍盈利或5%正常化Owner FCF收益率约束,UNCHANGED,NOT_ELIGIBLE,先满足质量与合理估值条件,UNCHANGED,179.2152,2026-09-10T16:34:49+00:00,2026-06-30,2026-09-10T16:34:51.892071+00:00,WAIT_PRICE,134.33696498264828,20.67314700630484,0.0374792330624434,0.3347675175356135,,,,,,,,,,
ADI,MOS_Radar_V6.8.0,1,2026-09-10T17:13:57.537223+00:00,QUALITY_PRICE_WAIT,质量通过，但价格超过20倍盈利或5%正常化Owner FCF收益率约束,UNCHANGED,NOT_ELIGIBLE,先满足质量与合理估值条件,UNCHANGED,361.755,2026-09-10T16:34:42+00:00,2026-07-31,2026-09-10T16:34:57.504283+00:00,WAIT_PRICE,138.58180977385976,42.39269953719931,0.0191540973550966,0.1232457063666584,,,,,,,,,,
TJX,MOS_Radar_V6.8.0,1,2026-09-10T17:13:57.537223+00:00,QUALITY_PRICE_WAIT,质量通过，但价格超过20倍盈利或5%正常化Owner FCF收益率约束,UNCHANGED,NOT_ELIGIBLE,先满足质量与合理估值条件,UNCHANGED,127.05,2026-09-10T16:35:16+00:00,2026-07-31,2026-09-10T16:35:23.093977+00:00,WAIT_PRICE,69.6928471949773,23.133789885543173,0.0274273306552449,0.5696178762557507,,,,,,,,,,
LMT,MOS_Radar_V6.8.0,1,2026-09-10T17:13:57.537223+00:00,QUALITY_PRICE_WAIT,质量通过，但价格超过20倍盈利或5%正常化Owner FCF收益率约束,UNCHANGED,NOT_ELIGIBLE,先满足质量与合理估值条件,UNCHANGED,530.21,2026-09-10T16:35:55+00:00,2026-06-30,2026-09-10T16:36:08.317327+00:00,WAIT_PRICE,507.7615124826287,19.46358680121137,0.0478830569474952,0.7170392335766423,,,,,,,,,,
SYK,MOS_Radar_V6.8.0,1,2026-09-10T17:13:57.537223+00:00,QUALITY_PRICE_WAIT,质量通过，但价格超过20倍盈利或5%正常化Owner FCF收益率约束,UNCHANGED,NOT_ELIGIBLE,先满足质量与合理估值条件,UNCHANGED,272.84,2026-09-10T16:35:52+00:00,2026-06-30,2026-09-10T16:36:09.834731+00:00,WAIT_PRICE,157.68835021802067,28.06491511556813,0.0288975865375349,0.1554527263631815,,,,,,,,,,
BMY,MOS_Radar_V6.8.0,1,2026-09-10T17:13:57.537223+00:00,QUALITY_WATCH,通过质量门槛及合理估值初始规则；不等于厚安全边际或买入指令,UNCHANGED,TREND_WAIT,长均线或相对强度未同时通过；若此前持有，应复核趋势理由,EXIT_REVIEW,63.89,2026-09-10T16:36:09+00:00,2026-06-30,2026-09-10T16:36:15.278024+00:00,WAIT_PRICE,90.8790668477238,14.060443667858856,0.083419509915988,0.4158788476186209,2026-09-09T00:00:00+00:00,64.41000366210938,63.13493675231933,57.49942455291748,0.0686890511000306,0.1184037161864715,-0.0497146650864408,^GSPC,7636.35986328125,378.0
ACN,MOS_Radar_V6.8.0,1,2026-09-10T17:13:57.537223+00:00,QUALITY_WATCH,通过质量门槛及合理估值初始规则；不等于厚安全边际或买入指令,UNCHANGED,TREND_WAIT,长均线或相对强度未同时通过；若此前持有，应复核趋势理由,UNCHANGED,177.84,2026-09-10T16:35:53+00:00,2026-05-31,2026-09-10T16:36:20.653220+00:00,WAIT_PRICE,242.5049459308501,13.970635063036804,0.0681806528145665,0.2442650908108686,2026-09-09T00:00:00+00:00,175.8000030517578,163.53510986328126,199.36468921661373,-0.2439401683385991,0.1184037161864715,-0.3623438845250706,^GSPC,7636.35986328125,378.0
PH,MOS_Radar_V6.8.0,1,2026-09-10T17:13:57.537223+00:00,QUALITY_PRICE_WAIT,质量通过，但价格超过20倍盈利或5%正常化Owner FCF收益率约束,UNCHANGED,NOT_ELIGIBLE,先满足质量与合理估值条件,UNCHANGED,929.76,2026-09-10T16:36:10+00:00,2026-06-30,2026-09-10T16:36:25.204398+00:00,WAIT_PRICE,483.6669854883107,32.12551973913715,0.026010313709361,0.2368216047779797,,,,,,,,,,
INTU,MOS_Radar_V6.8.0,1,2026-09-10T17:13:57.537223+00:00,QUALITY_PRICE_WAIT,质量通过，但价格超过20倍盈利或5%正常化Owner FCF收益率约束,UNCHANGED,NOT_ELIGIBLE,先满足质量与合理估值条件,UNCHANGED,314.935,2026-09-10T16:36:17+00:00,2025-07-31,2026-09-10T16:36:26.368417+00:00,WAIT_PRICE,223.6443350414549,22.26579850793101,0.0355064275233706,0.1875515051626351,,,,,,,,,,
TT,MOS_Radar_V6.8.0,1,2026-09-10T17:13:57.537223+00:00,QUALITY_PRICE_WAIT,质量通过，但价格超过20倍盈利或5%正常化Owner FCF收益率约束,UNCHANGED,NOT_ELIGIBLE,先满足质量与合理估值条件,UNCHANGED,438.775,2026-09-10T16:36:20+00:00,2026-06-30,2026-09-10T16:36:31.286343+00:00,WAIT_PRICE,195.37714700834152,32.73674742124791,0.0222639333380823,0.3419963121455658,,,,,,,,,,
ADBE,MOS_Radar_V6.8.0,1,2026-09-10T17:13:57.537223+00:00,QUALITY_WATCH,通过质量门槛及合理估值初始规则；不等于厚安全边际或买入指令,UNCHANGED,TREND_WAIT,长均线或相对强度未同时通过；若此前持有，应复核趋势理由,UNCHANGED,250.0,2026-09-10T16:36:29+00:00,2026-05-31,2026-09-10T16:36:33.358097+00:00,WAIT_PRICE,316.1006289308176,13.746714621662749,0.0632201257861635,0.6276263240145858,2026-09-09T00:00:00+00:00,254.8600006103516,250.9069985961914,267.2824499511719,0.0170653047504991,0.1184037161864715,-0.1013384114359723,^GSPC,7636.35986328125,378.0
CDNS,MOS_Radar_V6.8.0,1,2026-09-10T17:13:57.537223+00:00,QUALITY_PRICE_WAIT,质量通过，但价格超过20倍盈利或5%正常化Owner FCF收益率约束,UNCHANGED,NOT_ELIGIBLE,先满足质量与合理估值条件,UNCHANGED,284.52,2026-09-10T16:36:14+00:00,2026-06-30,2026-09-10T16:36:42.771050+00:00,WAIT_PRICE,65.84820856094166,56.86150544519217,0.0115718066499616,0.200933425858378,,,,,,,,,,
FTNT,MOS_Radar_V6.8.0,1,2026-09-10T17:13:57.537223+00:00,QUALITY_PRICE_WAIT,质量通过，但价格超过20倍盈利或5%正常化Owner FCF收益率约束,UNCHANGED,NOT_ELIGIBLE,先满足质量与合理估值条件,UNCHANGED,160.019,2026-09-10T16:36:27+00:00,2026-06-30,2026-09-10T16:36:56.105765+00:00,WAIT_PRICE,42.81029857176951,55.36290987854007,0.0133766298288857,1.367223260911611,,,,,,,,,,
ADP,MOS_Radar_V6.8.0,1,2026-09-10T17:13:57.537223+00:00,QUALITY_PRICE_WAIT,质量通过，但价格超过20倍盈利或5%正常化Owner FCF收益率约束,UNCHANGED,NOT_ELIGIBLE,先满足质量与合理估值条件,UNCHANGED,267.84,2026-09-10T16:36:53+00:00,2026-06-30,2026-09-10T16:37:07.947239+00:00,WAIT_PRICE,194.15866093327188,24.10904292003,0.0362452697381406,0.7317615068311447,,,,,,,,,,
MNST,MOS_Radar_V6.8.0,1,2026-09-10T17:13:57.537223+00:00,QUALITY_PRICE_WAIT,质量通过，但价格超过20倍盈利或5%正常化Owner FCF收益率约束,UNCHANGED,NOT_ELIGIBLE,先满足质量与合理估值条件,UNCHANGED,43.425,2026-09-10T16:36:50+00:00,2026-06-30,2026-09-10T16:37:12.923225+00:00,WAIT_PRICE,13.709962118122425,39.98356011837462,0.0157857940335318,0.2272144780283267,,,,,,,,,,
ITW,MOS_Radar_V6.8.0,1,2026-09-10T17:13:57.537223+00:00,QUALITY_PRICE_WAIT,质量通过，但价格超过20倍盈利或5%正常化Owner FCF收益率约束,UNCHANGED,NOT_ELIGIBLE,先满足质量与合理估值条件,UNCHANGED,262.35,2026-09-10T16:37:43+00:00,2026-06-30,2026-09-10T16:38:01.458762+00:00,WAIT_PRICE,180.9866530927557,23.39301244154078,0.0344933586988289,1.103662750518314,,,,,,,,,,
CL,MOS_Radar_V6.8.0,1,2026-09-10T17:13:57.537223+00:00,QUALITY_PRICE_WAIT,质量通过，但价格超过20倍盈利或5%正常化Owner FCF收益率约束,UNCHANGED,NOT_ELIGIBLE,先满足质量与合理估值条件,UNCHANGED,88.375,2026-09-10T16:37:57+00:00,2026-06-30,2026-09-10T16:38:06.154229+00:00,WAIT_PRICE,51.10560535675256,34.58524730627148,0.0409615884518997,8.63135593220339,,,,,,,,,,
ROST,MOS_Radar_V6.8.0,1,2026-09-10T17:13:57.537223+00:00,QUALITY_PRICE_WAIT,质量通过，但价格超过20倍盈利或5%正常化Owner FCF收益率约束,UNCHANGED,NOT_ELIGIBLE,先满足质量与合理估值条件,UNCHANGED,225.72,2026-09-10T16:37:56+00:00,2026-07-31,2026-09-10T16:38:16.472768+00:00,WAIT_PRICE,94.41753388120962,27.117430605877864,0.020914747005407,0.3943334484125007,,,,,,,,,,
CTAS,MOS_Radar_V6.8.0,1,2026-09-10T17:13:57.537223+00:00,QUALITY_PRICE_WAIT,质量通过，但价格超过20倍盈利或5%正常化Owner FCF收益率约束,UNCHANGED,NOT_ELIGIBLE,先满足质量与合理估值条件,UNCHANGED,199.78,2026-09-10T16:38:07+00:00,2026-05-31,2026-09-10T16:38:24.990905+00:00,WAIT_PRICE,75.90949723836853,40.10305155481548,0.0189982724092423,0.3878511336922388,,,,,,,,,,
TEL,MOS_Radar_V6.8.0,1,2026-09-10T17:13:57.537223+00:00,QUALITY_PRICE_WAIT,质量通过，但价格超过20倍盈利或5%正常化Owner FCF收益率约束,UNCHANGED,NOT_ELIGIBLE,先满足质量与合理估值条件,UNCHANGED,203.25,2026-09-10T16:38:36+00:00,2026-06-30,2026-09-10T16:38:41.555361+00:00,WAIT_PRICE,165.24070138045346,19.539271082228115,0.0406496190357819,0.2276913785293673,,,,,,,,,,
AME,MOS_Radar_V6.8.0,1,2026-09-10T17:13:57.537223+00:00,QUALITY_PRICE_WAIT,质量通过，但价格超过20倍盈利或5%正常化Owner FCF收益率约束,UNCHANGED,NOT_ELIGIBLE,先满足质量与合理估值条件,UNCHANGED,233.565,2026-09-10T16:37:16+00:00,2026-06-30,2026-09-10T16:39:16.935449+00:00,WAIT_PRICE,126.35146783557022,33.97095866480986,0.0270484592801939,0.1399789694534908,,,,,,,,,,
ADSK,MOS_Radar_V6.8.0,1,2026-09-10T17:13:57.537223+00:00,QUALITY_PRICE_WAIT,质量通过，但价格超过20倍盈利或5%正常化Owner FCF收益率约束,UNCHANGED,NOT_ELIGIBLE,先满足质量与合理估值条件,UNCHANGED,213.45,2026-09-10T16:39:29+00:00,2026-07-31,2026-09-10T16:39:32.546782+00:00,WAIT_PRICE,94.3859662617448,27.16872677355824,0.0221096196443534,0.485368016553355,,,,,,,,,,
ROK,MOS_Radar_V6.8.0,1,2026-09-10T17:13:57.537223+00:00,QUALITY_PRICE_WAIT,质量通过，但价格超过20倍盈利或5%正常化Owner FCF收益率约束,UNCHANGED,NOT_ELIGIBLE,先满足质量与合理估值条件,UNCHANGED,420.14,2026-09-10T16:39:15+00:00,2026-06-30,2026-09-10T16:39:33.896522+00:00,WAIT_PRICE,159.88033374642436,38.84762061726028,0.0190270307214766,0.3437321121923297,,,,,,,,,,
GRMN,MOS_Radar_V6.8.0,1,2026-09-10T17:13:57.537223+00:00,QUALITY_PRICE_WAIT,质量通过，但价格超过20倍盈利或5%正常化Owner FCF收益率约束,UNCHANGED,NOT_ELIGIBLE,先满足质量与合理估值条件,UNCHANGED,272.04,2026-09-10T16:35:16+00:00,2026-06-30,2026-09-10T16:39:59.174915+00:00,WAIT_PRICE,99.7430202099938,27.946398135481097,0.0183324180653568,0.2079179640122347,,,,,,,,,,
IDXX,MOS_Radar_V6.8.0,1,2026-09-10T17:13:57.537223+00:00,QUALITY_PRICE_WAIT,质量通过，但价格超过20倍盈利或5%正常化Owner FCF收益率约束,UNCHANGED,NOT_ELIGIBLE,先满足质量与合理估值条件,UNCHANGED,511.26,2026-09-10T16:38:39+00:00,2026-06-30,2026-09-10T16:40:11.449721+00:00,WAIT_PRICE,175.7315767849514,35.34192259375359,0.0171861261183107,0.7067305396648218,,,,,,,,,,
EME,MOS_Radar_V6.8.0,1,2026-09-10T17:13:57.537223+00:00,QUALITY_PRICE_WAIT,质量通过，但价格超过20倍盈利或5%正常化Owner FCF收益率约束,UNCHANGED,NOT_ELIGIBLE,先满足质量与合理估值条件,UNCHANGED,744.885,2026-09-10T16:36:47+00:00,2026-06-30,2026-09-10T16:40:19.659483+00:00,WAIT_PRICE,422.32184460751375,22.830574570092896,0.0283481238451246,0.3528293241302143,,,,,,,,,,
KVUE,MOS_Radar_V6.8.0,1,2026-09-10T17:13:57.537223+00:00,QUALITY_PRICE_WAIT,质量通过，但价格超过20倍盈利或5%正常化Owner FCF收益率约束,UNCHANGED,NOT_ELIGIBLE,先满足质量与合理估值条件,UNCHANGED,17.89,2026-09-10T16:41:18+00:00,2026-06-30,2026-09-10T16:41:20.342668+00:00,WAIT_PRICE,17.26387921377761,20.72535352972432,0.0502289752262016,0.1571117217852743,,,,,,,,,,
A,MOS_Radar_V6.8.0,1,2026-09-10T17:13:57.537223+00:00,QUALITY_PRICE_WAIT,质量通过，但价格超过20倍盈利或5%正常化Owner FCF收益率约束,UNCHANGED,NOT_ELIGIBLE,先满足质量与合理估值条件,UNCHANGED,143.185,2026-09-10T16:41:26+00:00,2026-07-31,2026-09-10T16:41:33.253524+00:00,WAIT_PRICE,80.2862142870374,28.033321022004955,0.028035832764269,0.1955724568789895,,,,,,,,,,
RMD,MOS_Radar_V6.8.0,1,2026-09-10T17:13:57.537223+00:00,QUALITY_PRICE_WAIT,质量通过，但价格超过20倍盈利或5%正常化Owner FCF收益率约束,UNCHANGED,NOT_ELIGIBLE,先满足质量与合理估值条件,UNCHANGED,219.78,2026-09-10T16:40:58+00:00,2026-06-30,2026-09-10T16:42:01.665666+00:00,WAIT_PRICE,165.61156486946643,20.812654976154136,0.0376766686844722,0.2313139094356252,,,,,,,,,,
DOV,MOS_Radar_V6.8.0,1,2026-09-10T17:13:57.537223+00:00,QUALITY_PRICE_WAIT,质量通过，但价格超过20倍盈利或5%正常化Owner FCF收益率约束,UNCHANGED,NOT_ELIGIBLE,先满足质量与合理估值条件,UNCHANGED,188.33,2026-09-10T16:42:09+00:00,2026-06-30,2026-09-10T16:42:15.945682+00:00,WAIT_PRICE,122.38466961088464,22.35234811267404,0.0324920802874965,0.1472935372307698,,,,,,,,,,
EXPE,MOS_Radar_V6.8.0,1,2026-09-10T17:13:57.537223+00:00,QUALITY_WATCH,通过质量门槛及合理估值初始规则；不等于厚安全边际或买入指令,UNCHANGED,TREND_WATCH,完整交易日趋势通过，需复核当前报价,UNCHANGED,282.71,2026-09-10T16:42:31+00:00,2026-06-30,2026-09-10T16:42:42.673408+00:00,WAIT_PRICE,334.0496644226219,16.665736917038668,0.059079916596976,1.684036393713813,2026-09-09T00:00:00+00:00,272.6000061035156,294.76227416992185,258.1440933227539,0.3314729689942732,0.1184037161864715,0.2130692528078017,^GSPC,7636.35986328125,378.0
TPR,MOS_Radar_V6.8.0,1,2026-09-10T17:13:57.537223+00:00,QUALITY_PRICE_WAIT,质量通过，但价格超过20倍盈利或5%正常化Owner FCF收益率约束,UNCHANGED,NOT_ELIGIBLE,先满足质量与合理估值条件,UNCHANGED,115.74,2026-09-10T16:42:33+00:00,2026-06-30,2026-09-10T16:42:44.000957+00:00,WAIT_PRICE,112.53228138308523,15.106102235892797,0.0486142566887356,2.2073399797717093,,,,,,,,,,
STRL,MOS_Radar_V6.8.0,1,2026-09-10T17:13:57.537223+00:00,QUALITY_PRICE_WAIT,质量通过，但价格超过20倍盈利或5%正常化Owner FCF收益率约束,UNCHANGED,NOT_ELIGIBLE,先满足质量与合理估值条件,UNCHANGED,481.67,2026-09-10T16:40:08+00:00,2026-06-30,2026-09-10T16:42:45.318237+00:00,WAIT_PRICE,209.34423241707483,34.14659283349053,0.0217310848108741,0.3178923094491698,,,,,,,,,,
ROL,MOS_Radar_V6.8.0,1,2026-09-10T17:13:57.537223+00:00,QUALITY_PRICE_WAIT,质量通过，但价格超过20倍盈利或5%正常化Owner FCF收益率约束,UNCHANGED,NOT_ELIGIBLE,先满足质量与合理估值条件,UNCHANGED,34.92,2026-09-10T16:42:37+00:00,2026-06-30,2026-09-10T16:42:53.014842+00:00,WAIT_PRICE,21.25962432837297,31.59881708783721,0.0304404701150815,0.3719341884461145,,,,,,,,,,
NTAP,MOS_Radar_V6.8.0,1,2026-09-10T17:13:57.537223+00:00,QUALITY_PRICE_WAIT,质量通过，但价格超过20倍盈利或5%正常化Owner FCF收益率约束,UNCHANGED,NOT_ELIGIBLE,先满足质量与合理估值条件,UNCHANGED,185.4,2026-09-10T16:43:02+00:00,2026-07-31,2026-09-10T16:43:25.514216+00:00,WAIT_PRICE,106.0997161963498,25.68129924411392,0.0286137314445387,0.948494983277592,,,,,,,,,,
CHD,MOS_Radar_V6.8.0,1,2026-09-10T17:13:57.537223+00:00,QUALITY_PRICE_WAIT,质量通过，但价格超过20倍盈利或5%正常化Owner FCF收益率约束,UNCHANGED,NOT_ELIGIBLE,先满足质量与合理估值条件,UNCHANGED,94.5,2026-09-10T16:43:14+00:00,2025-12-31,2026-09-10T16:43:41.138906+00:00,WAIT_PRICE,62.12376594623292,30.42313953786645,0.0375829172780649,0.1760152890587673,,,,,,,,,,
WST,MOS_Radar_V6.8.0,1,2026-09-10T17:13:57.537223+00:00,QUALITY_PRICE_WAIT,质量通过，但价格超过20倍盈利或5%正常化Owner FCF收益率约束,UNCHANGED,NOT_ELIGIBLE,先满足质量与合理估值条件,UNCHANGED,333.465,2026-09-10T16:42:35+00:00,2026-06-30,2026-09-10T16:44:00.201527+00:00,WAIT_PRICE,103.63416616971976,41.54337620394099,0.0155389870255828,0.1889171292890107,,,,,,,,,,
MTD,MOS_Radar_V6.8.0,1,2026-09-10T17:13:57.537223+00:00,QUALITY_PRICE_WAIT,质量通过，但价格超过20倍盈利或5%正常化Owner FCF收益率约束,UNCHANGED,NOT_ELIGIBLE,先满足质量与合理估值条件,UNCHANGED,1288.37,2026-09-10T16:43:25+00:00,2026-06-30,2026-09-10T16:44:08.354910+00:00,WAIT_PRICE,806.3742412673512,28.505066105640545,0.0312943580364084,70.62395695235125,,,,,,,,,,
VLTO,MOS_Radar_V6.8.0,1,2026-09-10T17:13:57.537223+00:00,QUALITY_PRICE_WAIT,质量通过，但价格超过20倍盈利或5%正常化Owner FCF收益率约束,UNCHANGED,NOT_ELIGIBLE,先满足质量与合理估值条件,UNCHANGED,93.845,2026-09-10T16:43:13+00:00,2026-06-30,2026-09-10T16:44:09.648028+00:00,WAIT_PRICE,68.58267542575756,23.15666666526245,0.0365403992891243,0.3190184049079754,,,,,,,,,,
FFIV,MOS_Radar_V6.8.0,1,2026-09-10T17:13:57.537223+00:00,QUALITY_PRICE_WAIT,质量通过，但价格超过20倍盈利或5%正常化Owner FCF收益率约束,UNCHANGED,NOT_ELIGIBLE,先满足质量与合理估值条件,UNCHANGED,401.285,2026-09-10T16:44:05+00:00,2026-06-30,2026-09-10T16:44:20.212778+00:00,WAIT_PRICE,153.65235587029508,31.27780613652246,0.0191450410394476,0.1884235121296128,,,,,,,,,,
SNA,MOS_Radar_V6.8.0,1,2026-09-10T17:13:57.537223+00:00,QUALITY_PRICE_WAIT,质量通过，但价格超过20倍盈利或5%正常化Owner FCF收益率约束,UNCHANGED,NOT_ELIGIBLE,先满足质量与合理估值条件,UNCHANGED,374.095,2026-09-10T16:45:01+00:00,2026-06-30,2026-09-10T16:45:07.764535+00:00,WAIT_PRICE,353.17061007274174,18.71999469471168,0.0472033320510487,0.1711055567510304,,,,,,,,,,
BR,MOS_Radar_V6.8.0,1,2026-09-10T17:13:57.537223+00:00,QUALITY_PRICE_WAIT,质量通过，但价格超过20倍盈利或5%正常化Owner FCF收益率约束,UNCHANGED,NOT_ELIGIBLE,先满足质量与合理估值条件,UNCHANGED,168.285,2026-09-10T16:44:44+00:00,2026-06-30,2026-09-10T16:45:48.885030+00:00,WAIT_PRICE,158.64404090881445,17.310171588579095,0.0471355263121533,0.3958318665070759,,,,,,,,,,
NBIX,MOS_Radar_V6.8.0,1,2026-09-10T17:13:57.537223+00:00,QUALITY_PRICE_WAIT,质量通过，但价格超过20倍盈利或5%正常化Owner FCF收益率约束,UNCHANGED,NOT_ELIGIBLE,先满足质量与合理估值条件,UNCHANGED,156.6936,2026-09-10T16:45:47+00:00,2025-12-31,2026-09-10T16:46:15.615249+00:00,WAIT_PRICE,59.49875645633825,33.279934110534896,0.0189857009017401,0.1295754819146632,,,,,,,,,,
NDSN,MOS_Radar_V6.8.0,1,2026-09-10T17:13:57.537223+00:00,QUALITY_PRICE_WAIT,质量通过，但价格超过20倍盈利或5%正常化Owner FCF收益率约束,UNCHANGED,NOT_ELIGIBLE,先满足质量与合理估值条件,UNCHANGED,307.955,2026-09-10T16:45:05+00:00,2026-07-31,2026-09-10T16:46:28.057125+00:00,WAIT_PRICE,191.13599561057336,30.906519941665906,0.0310331047735177,0.1698280759080824,,,,,,,,,,
LOGI,MOS_Radar_V6.8.0,1,2026-09-10T17:13:57.537223+00:00,QUALITY_WATCH,通过质量门槛及合理估值初始规则；不等于厚安全边际或买入指令,UNCHANGED,TREND_WAIT,长均线或相对强度未同时通过；若此前持有，应复核趋势理由,EXIT_REVIEW,100.07,2026-09-10T16:46:18+00:00,2026-06-30,2026-09-10T16:46:34.328902+00:00,WAIT_PRICE,102.55633150879444,17.89163563521923,0.0512422961470942,0.3405424482671378,2026-09-09T00:00:00+00:00,98.69000244140624,101.1500001525879,100.60900012969972,0.1467469245071178,0.1184037161864715,0.0283432083206462,^GSPC,7636.35986328125,378.0
MLI,MOS_Radar_V6.8.0,1,2026-09-10T17:13:57.537223+00:00,QUALITY_PRICE_WAIT,质量通过，但价格超过20倍盈利或5%正常化Owner FCF收益率约束,UNCHANGED,NOT_ELIGIBLE,先满足质量与合理估值条件,UNCHANGED,60.29,2026-09-10T16:46:08+00:00,2026-06-30,2026-09-10T16:46:35.630077+00:00,WAIT_PRICE,54.085411947087394,15.678895536570623,0.0448543804503959,0.2397316609118455,,,,,,,,,,
LECO,MOS_Radar_V6.8.0,1,2026-09-10T17:13:57.537223+00:00,QUALITY_PRICE_WAIT,质量通过，但价格超过20倍盈利或5%正常化Owner FCF收益率约束,UNCHANGED,NOT_ELIGIBLE,先满足质量与合理估值条件,UNCHANGED,248.655,2026-09-10T16:46:44+00:00,2026-06-30,2026-09-10T16:46:51.592619+00:00,WAIT_PRICE,165.92128138679698,24.483975171754096,0.0333637532699517,0.3561691695942555,,,,,,,,,,
RMBS,MOS_Radar_V6.8.0,1,2026-09-10T17:13:57.537223+00:00,QUALITY_PRICE_WAIT,质量通过，但价格超过20倍盈利或5%正常化Owner FCF收益率约束,UNCHANGED,NOT_ELIGIBLE,先满足质量与合理估值条件,UNCHANGED,85.9164,2026-09-10T16:46:44+00:00,2026-06-30,2026-09-10T16:47:05.287709+00:00,WAIT_PRICE,33.92122209747264,38.87946492355885,0.01974083067812,0.1634190360540521,,,,,,,,,,
CSL,MOS_Radar_V6.8.0,1,2026-09-10T17:13:57.537223+00:00,QUALITY_WATCH,通过质量门槛及合理估值初始规则；不等于厚安全边际或买入指令,UNCHANGED,TREND_WAIT,长均线或相对强度未同时通过；若此前持有，应复核趋势理由,UNCHANGED,331.63,2026-09-10T16:47:01+00:00,2026-06-30,2026-09-10T16:47:14.738860+00:00,WAIT_PRICE,363.9510344386468,18.22388006186061,0.0632782693705908,0.4468835023497403,2026-09-09T00:00:00+00:00,337.5299987792969,354.08846557617187,349.66357833862304,-0.0403170687738875,0.1184037161864715,-0.158720784960359,^GSPC,7636.35986328125,378.0
DECK,MOS_Radar_V6.8.0,1,2026-09-10T17:13:57.537223+00:00,QUALITY_WATCH,通过质量门槛及合理估值初始规则；不等于厚安全边际或买入指令,UNCHANGED,TREND_WAIT,长均线或相对强度未同时通过；若此前持有，应复核趋势理由,UNCHANGED,80.04,2026-09-10T16:46:52+00:00,2026-06-30,2026-09-10T16:47:21.076128+00:00,WAIT_PRICE,121.48964021511128,10.740605375190388,0.0758930785951469,0.4409123414963491,2026-09-09T00:00:00+00:00,80.2300033569336,96.32760040283203,102.53170001983642,-0.1559982241914659,0.1184037161864715,-0.2744019403779374,^GSPC,7636.35986328125,378.0
GGG,MOS_Radar_V6.8.0,1,2026-09-10T17:13:57.537223+00:00,QUALITY_PRICE_WAIT,质量通过，但价格超过20倍盈利或5%正常化Owner FCF收益率约束,UNCHANGED,NOT_ELIGIBLE,先满足质量与合理估值条件,UNCHANGED,75.375,2026-09-10T16:48:02+00:00,2026-06-30,2026-09-10T16:48:05.058022+00:00,WAIT_PRICE,51.68791198162755,22.87946419715601,0.0342871721271161,0.211499400639318,,,,,,,,,,
RPM,MOS_Radar_V6.8.0,1,2026-09-10T17:13:57.537223+00:00,QUALITY_PRICE_WAIT,质量通过，但价格超过20倍盈利或5%正常化Owner FCF收益率约束,UNCHANGED,NOT_ELIGIBLE,先满足质量与合理估值条件,UNCHANGED,98.5801,2026-09-10T16:46:50+00:00,2026-05-31,2026-09-10T16:48:21.992695+00:00,WAIT_PRICE,91.26932052885871,19.103304058276404,0.046291959801653,0.1989063675343111,,,,,,,,,,
NYT,MOS_Radar_V6.8.0,1,2026-09-10T17:13:57.537223+00:00,QUALITY_PRICE_WAIT,质量通过，但价格超过20倍盈利或5%正常化Owner FCF收益率约束,UNCHANGED,NOT_ELIGIBLE,先满足质量与合理估值条件,UNCHANGED,66.37,2026-09-10T16:47:48+00:00,2026-06-30,2026-09-10T16:48:26.143098+00:00,WAIT_PRICE,35.705894843417546,27.249772916180486,0.0268991222264709,0.1918525486242976,,,,,,,,,,
MEDP,MOS_Radar_V6.8.0,1,2026-09-10T17:13:57.537223+00:00,QUALITY_PRICE_WAIT,质量通过，但价格超过20倍盈利或5%正常化Owner FCF收益率约束,UNCHANGED,NOT_ELIGIBLE,先满足质量与合理估值条件,UNCHANGED,586.96,2026-09-10T16:44:57+00:00,2026-06-30,2026-09-10T16:48:39.113178+00:00,WAIT_PRICE,340.3243069752576,33.332707288083824,0.0289904173176415,1.1328513049110198,,,,,,,,,,
PNR,MOS_Radar_V6.8.0,1,2026-09-10T17:13:57.537223+00:00,QUALITY_WATCH,通过质量门槛及合理估值初始规则；不等于厚安全边际或买入指令,UNCHANGED,TREND_WAIT,长均线或相对强度未同时通过；若此前持有，应复核趋势理由,UNCHANGED,57.01,2026-09-10T16:48:00+00:00,2026-06-30,2026-09-10T16:48:48.442916+00:00,WAIT_PRICE,65.86717415457518,14.143585540620917,0.0577680881902957,0.1737390979649534,2026-09-09T00:00:00+00:00,57.52000045776367,66.2139875793457,84.74849342346191,-0.3094392729971498,0.1184037161864715,-0.4278429891836213,^GSPC,7636.35986328125,378.0
GDDY,MOS_Radar_V6.8.0,1,2026-09-10T17:13:57.537223+00:00,QUALITY_WATCH,通过质量门槛及合理估值初始规则；不等于厚安全边际或买入指令,UNCHANGED,TREND_WAIT,长均线或相对强度未同时通过；若此前持有，应复核趋势理由,UNCHANGED,97.66,2026-09-10T16:48:49+00:00,2026-06-30,2026-09-10T16:48:58.827532+00:00,WAIT_PRICE,140.07359608173843,13.587185802963576,0.0717149273406402,135.86567164179104,2026-09-09T00:00:00+00:00,93.5999984741211,93.78499969482422,95.86154983520508,-0.0589385238118407,0.1184037161864715,-0.1773422399983122,^GSPC,7636.35986328125,378.0
AIT,MOS_Radar_V6.8.0,1,2026-09-10T17:13:57.537223+00:00,QUALITY_PRICE_WAIT,质量通过，但价格超过20倍盈利或5%正常化Owner FCF收益率约束,UNCHANGED,NOT_ELIGIBLE,先满足质量与合理估值条件,UNCHANGED,318.6,2026-09-10T16:47:25+00:00,2026-06-30,2026-09-10T16:49:06.855692+00:00,WAIT_PRICE,211.9940700864725,28.20639465796283,0.0332696280738343,0.2226535370772322,,,,,,,,,,
ALLE,MOS_Radar_V6.8.0,1,2026-09-10T17:13:57.537223+00:00,QUALITY_PRICE_WAIT,质量通过，但价格超过20倍盈利或5%正常化Owner FCF收益率约束,UNCHANGED,NOT_ELIGIBLE,先满足质量与合理估值条件,UNCHANGED,151.125,2026-09-10T16:49:26+00:00,2025-12-31,2026-09-10T16:49:37.243234+00:00,WAIT_PRICE,121.80610871158748,19.96145430917987,0.0402997878284822,0.3038799207023506,,,,,,,,,,
WTS,MOS_Radar_V6.8.0,1,2026-09-10T17:13:57.537223+00:00,QUALITY_PRICE_WAIT,质量通过，但价格超过20倍盈利或5%正常化Owner FCF收益率约束,UNCHANGED,NOT_ELIGIBLE,先满足质量与合理估值条件,UNCHANGED,348.67,2026-09-10T16:49:46+00:00,2026-06-30,2026-09-10T16:50:36.518870+00:00,WAIT_PRICE,161.72877529397428,30.327432234910702,0.0231922412731198,0.1752991687220243,,,,,,,,,,
BSY,MOS_Radar_V6.8.0,1,2026-09-10T17:13:57.537223+00:00,QUALITY_PRICE_WAIT,质量通过，但价格超过20倍盈利或5%正常化Owner FCF收益率约束,UNCHANGED,NOT_ELIGIBLE,先满足质量与合理估值条件,UNCHANGED,31.525,2026-09-10T16:50:44+00:00,2026-06-30,2026-09-10T16:50:50.766870+00:00,WAIT_PRICE,19.19548682315687,32.84626255164226,0.0339622764762438,0.2412070460100396,,,,,,,,,,
JKHY,MOS_Radar_V6.8.0,1,2026-09-10T17:13:57.537223+00:00,QUALITY_PRICE_WAIT,质量通过，但价格超过20倍盈利或5%正常化Owner FCF收益率约束,UNCHANGED,NOT_ELIGIBLE,先满足质量与合理估值条件,UNCHANGED,162.22,2026-09-10T16:50:45+00:00,2026-06-30,2026-09-10T16:50:52.114237+00:00,WAIT_PRICE,93.3285059195091,22.62178381054484,0.0287660294413478,0.2450231462867741,,,,,,,,,,
DCI,MOS_Radar_V6.8.0,1,2026-09-10T17:13:57.537223+00:00,QUALITY_PRICE_WAIT,质量通过，但价格超过20倍盈利或5%正常化Owner FCF收益率约束,UNCHANGED,NOT_ELIGIBLE,先满足质量与合理估值条件,UNCHANGED,88.32,2026-09-10T16:50:38+00:00,2025-07-31,2026-09-10T16:51:04.846798+00:00,WAIT_PRICE,54.06300518608767,27.89445348922821,0.0306063208707471,0.2164808588450421,,,,,,,,,,
AYI,MOS_Radar_V6.8.0,1,2026-09-10T17:13:57.537223+00:00,QUALITY_PRICE_WAIT,质量通过，但价格超过20倍盈利或5%正常化Owner FCF收益率约束,UNCHANGED,NOT_ELIGIBLE,先满足质量与合理估值条件,UNCHANGED,316.415,2026-09-10T16:42:51+00:00,2026-05-31,2026-09-10T16:51:59.895948+00:00,WAIT_PRICE,281.9891606468291,20.055169087025007,0.0445600178004881,0.1656321234438015,,,,,,,,,,
CRUS,MOS_Radar_V6.8.0,1,2026-09-10T17:13:57.537223+00:00,QUALITY_WATCH,通过质量门槛及合理估值初始规则；不等于厚安全边际或买入指令,UNCHANGED,TREND_WAIT,长均线或相对强度未同时通过；若此前持有，应复核趋势理由,UNCHANGED,114.9,2026-09-10T16:50:15+00:00,2026-06-30,2026-09-10T16:52:31.780281+00:00,WAIT_PRICE,139.7403378626871,13.374398658900065,0.0608095465024748,0.1966816969838717,2026-09-09T00:00:00+00:00,110.72000122070312,127.96059997558594,139.9535998916626,-0.1466592143187673,0.1184037161864715,-0.2650629305052389,^GSPC,7636.35986328125,378.0
ZWS,MOS_Radar_V6.8.0,1,2026-09-10T17:13:57.537223+00:00,QUALITY_PRICE_WAIT,质量通过，但价格超过20倍盈利或5%正常化Owner FCF收益率约束,UNCHANGED,NOT_ELIGIBLE,先满足质量与合理估值条件,UNCHANGED,45.81,2026-09-10T16:51:15+00:00,2026-06-30,2026-09-10T16:52:44.155757+00:00,WAIT_PRICE,23.11530918631805,27.51986422075217,0.0252295450625606,0.1664155264902658,,,,,,,,,,
WFRD,MOS_Radar_V6.8.0,1,2026-09-10T17:13:57.537223+00:00,QUALITY_WATCH,通过质量门槛及合理估值初始规则；不等于厚安全边际或买入指令,UNCHANGED,TREND_WAIT,长均线或相对强度未同时通过；若此前持有，应复核趋势理由,UNCHANGED,89.71,2026-09-10T16:51:57+00:00,2026-06-30,2026-09-10T16:53:02.115440+00:00,WAIT_PRICE,102.11278285193274,17.570767830327913,0.0637546742437417,0.2046979865771812,2026-09-09T00:00:00+00:00,93.05999755859376,87.92741622924805,92.10703010559082,-0.1144976398896607,0.1184037161864715,-0.2329013560761322,^GSPC,7636.35986328125,378.0
MANH,MOS_Radar_V6.8.0,1,2026-09-10T17:13:57.537223+00:00,QUALITY_PRICE_WAIT,质量通过，但价格超过20倍盈利或5%正常化Owner FCF收益率约束,UNCHANGED,NOT_ELIGIBLE,先满足质量与合理估值条件,UNCHANGED,206.26,2026-09-10T16:52:46+00:00,2026-06-30,2026-09-10T16:53:07.167067+00:00,WAIT_PRICE,63.4140618139533,57.20311846589842,0.0153723605677187,1.33475337604043,,,,,,,,,,
AOS,MOS_Radar_V6.8.0,1,2026-09-10T17:13:57.537223+00:00,QUALITY_WATCH,通过质量门槛及合理估值初始规则；不等于厚安全边际或买入指令,UNCHANGED,TREND_WAIT,长均线或相对强度未同时通过；若此前持有，应复核趋势理由,UNCHANGED,56.93,2026-09-10T16:52:30+00:00,2026-06-30,2026-09-10T16:53:12.470291+00:00,WAIT_PRICE,69.43270568675035,15.465271042106746,0.0609807708473127,0.2716216949888702,2026-09-09T00:00:00+00:00,57.83000183105469,61.0277806854248,64.51599090576173,-0.2004951431288225,0.1184037161864715,-0.318898859315294,^GSPC,7636.35986328125,378.0
QGEN,MOS_Radar_V6.8.0,1,2026-09-10T17:13:57.537223+00:00,QUALITY_PRICE_WAIT,质量通过，但价格超过20倍盈利或5%正常化Owner FCF收益率约束,UNCHANGED,NOT_ELIGIBLE,先满足质量与合理估值条件,UNCHANGED,42.51,2026-09-10T16:53:39+00:00,2026-06-30,2026-09-10T16:54:16.327305+00:00,WAIT_PRICE,35.67592576515184,21.445782973069704,0.0419618040051186,0.1219022318583332,,,,,,,,,,
IDCC,MOS_Radar_V6.8.0,1,2026-09-10T17:13:57.537223+00:00,QUALITY_PRICE_WAIT,质量通过，但价格超过20倍盈利或5%正常化Owner FCF收益率约束,UNCHANGED,NOT_ELIGIBLE,先满足质量与合理估值条件,UNCHANGED,341.24,2026-09-10T16:49:58+00:00,2026-06-30,2026-09-10T16:54:25.692730+00:00,WAIT_PRICE,184.4781773577137,29.14219103720762,0.0270305616805933,0.2513581701075306,,,,,,,,,,
AWI,MOS_Radar_V6.8.0,1,2026-09-10T17:13:57.537223+00:00,QUALITY_PRICE_WAIT,质量通过，但价格超过20倍盈利或5%正常化Owner FCF收益率约束,UNCHANGED,NOT_ELIGIBLE,先满足质量与合理估值条件,UNCHANGED,161.95,2026-09-10T16:54:21+00:00,2026-06-30,2026-09-10T16:54:42.283341+00:00,WAIT_PRICE,72.65250217436885,21.70778478187152,0.0224305347867764,0.3565532059255908,,,,,,,,,,
DOX,MOS_Radar_V6.8.0,1,2026-09-10T17:13:57.537223+00:00,QUALITY_WATCH,通过质量门槛及合理估值初始规则；不等于厚安全边际或买入指令,UNCHANGED,TREND_WAIT,长均线或相对强度未同时通过；若此前持有，应复核趋势理由,UNCHANGED,60.5,2026-09-10T16:52:49+00:00,2026-06-30,2026-09-10T16:54:53.812576+00:00,WAIT_PRICE,85.16107154967786,14.20836983355897,0.0822709663919318,0.1375475655968603,2026-09-09T00:00:00+00:00,59.810001373291016,56.54860000610351,65.23680610656739,-0.1850235413800005,0.1184037161864715,-0.303427257566472,^GSPC,7636.35986328125,378.0
PAYC,MOS_Radar_V6.8.0,1,2026-09-10T17:13:57.537223+00:00,QUALITY_PRICE_WAIT,质量通过，但价格超过20倍盈利或5%正常化Owner FCF收益率约束,UNCHANGED,NOT_ELIGIBLE,先满足质量与合理估值条件,UNCHANGED,217.675,2026-09-10T16:54:26+00:00,2026-06-30,2026-09-10T16:55:02.935817+00:00,WAIT_PRICE,98.76503299317704,20.12092863694148,0.0226863518992022,0.8531933508311461,,,,,,,,,,
LNTH,MOS_Radar_V6.8.0,1,2026-09-10T17:13:57.537223+00:00,QUALITY_PRICE_WAIT,质量通过，但价格超过20倍盈利或5%正常化Owner FCF收益率约束,UNCHANGED,NOT_ELIGIBLE,先满足质量与合理估值条件,UNCHANGED,100.56,2026-09-10T16:51:17+00:00,2026-06-30,2026-09-10T16:55:38.733060+00:00,WAIT_PRICE,83.78101999158261,23.851928844650395,0.0416572295105323,0.2098716398658919,,,,,,,,,,
PCTY,MOS_Radar_V6.8.0,1,2026-09-10T17:13:57.537223+00:00,QUALITY_PRICE_WAIT,质量通过，但价格超过20倍盈利或5%正常化Owner FCF收益率约束,UNCHANGED,NOT_ELIGIBLE,先满足质量与合理估值条件,UNCHANGED,144.73,2026-09-10T16:54:47+00:00,2026-06-30,2026-09-10T16:56:35.776528+00:00,WAIT_PRICE,64.79292536752905,29.706722164783727,0.0223840687374867,0.2208426769891036,,,,,,,,,,
BCPC,MOS_Radar_V6.8.0,1,2026-09-10T17:13:57.537223+00:00,QUALITY_PRICE_WAIT,质量通过，但价格超过20倍盈利或5%正常化Owner FCF收益率约束,UNCHANGED,NOT_ELIGIBLE,先满足质量与合理估值条件,UNCHANGED,165.3518,2026-09-10T16:53:51+00:00,2025-12-31,2026-09-10T16:58:07.205762+00:00,WAIT_PRICE,76.83302867625584,34.04106276907736,0.023233199964033,0.1204910685105469,,,,,,,,,,
G,MOS_Radar_V6.8.0,1,2026-09-10T17:13:57.537223+00:00,QUALITY_WATCH,通过质量门槛及合理估值初始规则；不等于厚安全边际或买入指令,UNCHANGED,TREND_WAIT,长均线或相对强度未同时通过；若此前持有，应复核趋势理由,UNCHANGED,34.575,2026-09-10T16:58:20+00:00,2026-06-30,2026-09-10T16:58:27.069346+00:00,WAIT_PRICE,52.18823908184519,9.971251806775683,0.0754710615789518,0.2236849934946946,2026-09-09T00:00:00+00:00,34.869998931884766,33.64720008850097,37.27623151779175,-0.1458996002031442,0.1184037161864715,-0.2643033163896157,^GSPC,7636.35986328125,378.0
LAUR,MOS_Radar_V6.8.0,1,2026-09-10T17:13:57.537223+00:00,QUALITY_PRICE_WAIT,质量通过，但价格超过20倍盈利或5%正常化Owner FCF收益率约束,UNCHANGED,NOT_ELIGIBLE,先满足质量与合理估值条件,UNCHANGED,36.05,2026-09-10T16:58:27+00:00,2026-06-30,2026-09-10T16:59:42.122655+00:00,WAIT_PRICE,25.653041689520634,15.44342539590977,0.0355798081685445,0.2817216321967579,,,,,,,,,,
EXLS,MOS_Radar_V6.8.0,1,2026-09-10T17:13:57.537223+00:00,QUALITY_PRICE_WAIT,质量通过，但价格超过20倍盈利或5%正常化Owner FCF收益率约束,UNCHANGED,NOT_ELIGIBLE,先满足质量与合理估值条件,UNCHANGED,34.97,2026-09-10T16:59:32+00:00,2026-06-30,2026-09-10T17:00:48.552569+00:00,WAIT_PRICE,17.813570276446413,21.20764193098313,0.0254697887853108,0.2886017994971382,,,,,,,,,,
LOPE,MOS_Radar_V6.8.0,1,2026-09-10T17:13:57.537223+00:00,QUALITY_WATCH,通过质量门槛及合理估值初始规则；不等于厚安全边际或买入指令,UNCHANGED,TREND_WAIT,长均线或相对强度未同时通过；若此前持有，应复核趋势理由,UNCHANGED,152.86,2026-09-10T16:57:28+00:00,2026-06-30,2026-09-10T17:00:52.362882+00:00,WAIT_PRICE,157.41278186627304,17.770717874315746,0.0514891998777551,0.3348812338594403,2026-09-09T00:00:00+00:00,151.0,147.63620086669923,159.03409980773927,-0.1368135815089226,0.1184037161864715,-0.2552172976953941,^GSPC,7636.35986328125,378.0
CVSA,MOS_Radar_V6.8.0,1,2026-09-10T17:13:57.537223+00:00,QUALITY_WATCH,通过质量门槛及合理估值初始规则；不等于厚安全边际或买入指令,UNCHANGED,TREND_WATCH,完整交易日趋势通过，需复核当前报价,UNCHANGED,125.33,2026-09-10T17:00:32+00:00,2026-06-30,2026-09-10T17:00:53.763297+00:00,WAIT_PRICE,142.48848606209316,16.95811585399832,0.0568453227727173,0.1739514654072611,2026-09-09T00:00:00+00:00,125.91000366210938,128.12000045776367,114.90819999694824,0.2319104381549162,0.1184037161864715,0.1135067219684446,^GSPC,7636.35986328125,378.0
CAAP,MOS_Radar_V6.8.0,1,2026-09-10T17:13:57.537223+00:00,QUALITY_WATCH,通过质量门槛及合理估值初始规则；不等于厚安全边际或买入指令,UNCHANGED,TREND_WAIT,长均线或相对强度未同时通过；若此前持有，应复核趋势理由,UNCHANGED,24.52,2026-09-10T16:58:39+00:00,2025-12-31,2026-09-10T17:01:43.782657+00:00,WAIT_PRICE,30.326476958087817,16.170688097986087,0.0918992568956413,0.1372534027456886,2026-09-09T00:00:00+00:00,24.459999084472656,23.9719955444336,24.926861343383788,-0.135294128942942,0.1184037161864715,-0.2536978451294135,^GSPC,7636.35986328125,378.0
LRN,MOS_Radar_V6.8.0,1,2026-09-10T17:13:57.537223+00:00,QUALITY_WATCH,通过质量门槛及合理估值初始规则；不等于厚安全边际或买入指令,UNCHANGED,TREND_WAIT,长均线或相对强度未同时通过；若此前持有，应复核趋势理由,UNCHANGED,82.04,2026-09-10T17:02:04+00:00,2026-06-30,2026-09-10T17:02:13.814879+00:00,WAIT_PRICE,114.62422313746964,10.081757468683984,0.0698587415513588,0.2071837233792942,2026-09-09T00:00:00+00:00,81.70999908447266,85.6297996520996,83.19364994049073,-0.0865307789556928,0.1184037161864715,-0.2049344951421643,^GSPC,7636.35986328125,378.0
KTB,MOS_Radar_V6.8.0,1,2026-09-10T17:13:57.537223+00:00,QUALITY_WATCH,通过质量门槛及合理估值初始规则；不等于厚安全边际或买入指令,UNCHANGED,TREND_WAIT,长均线或相对强度未同时通过；若此前持有，应复核趋势理由,EXIT_REVIEW,66.63,2026-09-10T17:03:21+00:00,2026-06-30,2026-09-10T17:03:31.392227+00:00,WAIT_PRICE,95.7698724395536,13.590891127517708,0.0718669311417932,0.4331817946661838,2026-09-09T00:00:00+00:00,67.16000366210938,80.95096084594726,71.06978565216065,0.1685398409888647,0.1184037161864715,0.0501361248023932,^GSPC,7636.35986328125,378.0
BRC,MOS_Radar_V6.8.0,1,2026-09-10T17:13:57.537223+00:00,QUALITY_PRICE_WAIT,质量通过，但价格超过20倍盈利或5%正常化Owner FCF收益率约束,UNCHANGED,NOT_ELIGIBLE,先满足质量与合理估值条件,UNCHANGED,85.615,2026-09-10T17:02:08+00:00,2026-07-31,2026-09-10T17:03:41.889930+00:00,WAIT_PRICE,68.14002070634845,19.62097764106328,0.0397944406391102,0.1507422865401359,,,,,,,,,,
BMI,MOS_Radar_V6.8.0,1,2026-09-10T17:13:57.537223+00:00,QUALITY_PRICE_WAIT,质量通过，但价格超过20倍盈利或5%正常化Owner FCF收益率约束,UNCHANGED,NOT_ELIGIBLE,先满足质量与合理估值条件,UNCHANGED,124.725,2026-09-10T16:59:19+00:00,2026-06-30,2026-09-10T17:03:48.337137+00:00,WAIT_PRICE,79.83862571574805,28.760406722335127,0.0320058631853069,0.1840835871602624,,,,,,,,,,
KFY,MOS_Radar_V6.8.0,1,2026-09-10T17:13:57.537223+00:00,QUALITY_WATCH,通过质量门槛及合理估值初始规则；不等于厚安全边际或买入指令,UNCHANGED,TREND_WATCH,完整交易日趋势通过，需复核当前报价,UNCHANGED,78.08,2026-09-10T17:02:48+00:00,2026-04-30,2026-09-10T17:03:58.956285+00:00,WAIT_PRICE,93.1338597443454,14.632434411916057,0.0596400228895654,0.1389233328906025,2026-09-09T00:00:00+00:00,81.12999725341797,80.32479721069336,69.08126724243164,0.2485027856778996,0.1184037161864715,0.1300990694914281,^GSPC,7636.35986328125,378.0
FIZZ,MOS_Radar_V6.8.0,1,2026-09-10T17:13:57.537223+00:00,QUALITY_WATCH,通过质量门槛及合理估值初始规则；不等于厚安全边际或买入指令,UNCHANGED,TREND_WAIT,长均线或相对强度未同时通过；若此前持有，应复核趋势理由,UNCHANGED,31.0,2026-09-10T17:03:55+00:00,2026-04-30,2026-09-10T17:04:31.180146+00:00,WAIT_PRICE,33.25916129946532,15.801833736278097,0.0536438085475247,0.2888846242178086,2026-09-09T00:00:00+00:00,30.540000915527344,31.31004108428955,31.258167581558222,-0.0271963475822386,0.1184037161864715,-0.1456000637687101,^GSPC,7636.35986328125,378.0
QLYS,MOS_Radar_V6.8.0,1,2026-09-10T17:13:57.537223+00:00,QUALITY_PRICE_WAIT,质量通过，但价格超过20倍盈利或5%正常化Owner FCF收益率约束,UNCHANGED,NOT_ELIGIBLE,先满足质量与合理估值条件,UNCHANGED,167.365,2026-09-10T17:03:54+00:00,2026-06-30,2026-09-10T17:04:42.014433+00:00,WAIT_PRICE,95.16367731087456,28.53675037768125,0.028429981570482,0.3673702427684389,,,,,,,,,,
PRDO,MOS_Radar_V6.8.0,1,2026-09-10T17:13:57.537223+00:00,QUALITY_WATCH,通过质量门槛及合理估值初始规则；不等于厚安全边际或买入指令,UNCHANGED,TREND_WAIT,长均线或相对强度未同时通过；若此前持有，应复核趋势理由,UNCHANGED,32.86,2026-09-10T17:09:26+00:00,2026-06-30,2026-09-10T17:10:15.513306+00:00,WAIT_PRICE,46.02853148809706,11.609541923520796,0.0700373272795147,0.1713939011562701,2026-09-09T00:00:00+00:00,33.18000030517578,32.75863346099854,32.503534145355225,0.0002820102707383,0.1184037161864715,-0.1181217059157331,^GSPC,7636.35986328125,378.0
MCRI,MOS_Radar_V6.8.0,1,2026-09-10T17:13:57.537223+00:00,QUALITY_PRICE_WAIT,质量通过，但价格超过20倍盈利或5%正常化Owner FCF收益率约束,UNCHANGED,NOT_ELIGIBLE,先满足质量与合理估值条件,UNCHANGED,119.9,2026-09-10T16:54:09+00:00,2026-06-30,2026-09-10T17:10:28.502606+00:00,WAIT_PRICE,116.36895130198415,18.745673618420174,0.0485275026280167,0.1987537471674101,,,,,,,,,,
MD,MOS_Radar_V6.8.0,1,2026-09-10T17:13:57.537223+00:00,QUALITY_WATCH,通过质量门槛及合理估值初始规则；不等于厚安全边际或买入指令,UNCHANGED,TREND_WATCH,完整交易日趋势通过，需复核当前报价,UNCHANGED,26.955,2026-09-10T17:09:31+00:00,2026-06-30,2026-09-10T17:11:48.418463+00:00,WAIT_PRICE,38.15544864372316,12.529214750099351,0.0707761985600504,0.198422887317149,2026-09-09T00:00:00+00:00,27.09000015258789,26.377799911499025,23.021899967193605,0.2484442645139282,0.1184037161864715,0.1300405483274567,^GSPC,7636.35986328125,378.0
EPAC,MOS_Radar_V6.8.0,1,2026-09-10T17:13:57.537223+00:00,QUALITY_PRICE_WAIT,质量通过，但价格超过20倍盈利或5%正常化Owner FCF收益率约束,UNCHANGED,NOT_ELIGIBLE,先满足质量与合理估值条件,UNCHANGED,35.55,2026-09-10T17:12:26+00:00,2026-05-31,2026-09-10T17:12:41.875083+00:00,WAIT_PRICE,22.21787886723165,19.481164151450656,0.0312487747781036,0.2200750893808899,,,,,,,,,,
CTS,MOS_Radar_V6.8.0,1,2026-09-10T17:13:57.537223+00:00,QUALITY_PRICE_WAIT,质量通过，但价格超过20倍盈利或5%正常化Owner FCF收益率约束,UNCHANGED,NOT_ELIGIBLE,先满足质量与合理估值条件,UNCHANGED,56.25,2026-09-10T16:58:36+00:00,2026-06-30,2026-09-10T17:13:18.174920+00:00,WAIT_PRICE,48.87485885286888,23.017969287372463,0.0465514867556175,0.1218264186517462,,,,,,,,,,
TILE,MOS_Radar_V6.8.0,1,2026-09-10T17:13:57.537223+00:00,QUALITY_PRICE_WAIT,质量通过，但价格超过20倍盈利或5%正常化Owner FCF收益率约束,UNCHANGED,NOT_ELIGIBLE,先满足质量与合理估值条件,UNCHANGED,34.23,2026-09-10T17:09:49+00:00,2026-06-30,2026-09-10T17:13:40.162937+00:00,WAIT_PRICE,28.617679203950352,13.59305352236676,0.0418020438269797,0.2145644306531144,,,,,,,,,,
AAPL,MOS_Radar_V6.8.0,1,2026-09-11T17:43:09.625648+00:00,QUALITY_PRICE_WAIT,质量通过，但价格超过20倍盈利或5%正常化Owner FCF收益率约束,UNCHANGED,NOT_ELIGIBLE,先满足质量与合理估值条件,UNCHANGED,334.105,2026-09-11T16:38:37+00:00,2026-06-30,2026-09-11T16:38:40.687744+00:00,WAIT_PRICE,124.15278104483292,37.817184074726725,0.0185799046773967,1.199125744047619,,,,,,,,,,
JNJ,MOS_Radar_V6.8.0,1,2026-09-11T17:43:09.625648+00:00,QUALITY_PRICE_WAIT,质量通过，但价格超过20倍盈利或5%正常化Owner FCF收益率约束,UNCHANGED,NOT_ELIGIBLE,先满足质量与合理估值条件,UNCHANGED,265.76,2026-09-11T16:39:05+00:00,2026-06-30,2026-09-11T16:39:18.012144+00:00,WAIT_PRICE,140.06566842716532,30.44248186018358,0.0263519093217875,0.247578585635099,,,,,,,,,,
NFLX,MOS_Radar_V6.8.0,1,2026-09-11T17:43:09.625648+00:00,QUALITY_PRICE_WAIT,质量通过，但价格超过20倍盈利或5%正常化Owner FCF收益率约束,UNCHANGED,NOT_ELIGIBLE,先满足质量与合理估值条件,UNCHANGED,76.735,2026-09-11T16:39:28+00:00,2026-06-30,2026-09-11T16:39:32.917692+00:00,WAIT_PRICE,28.06392579221442,23.408666218449326,0.018286261674734,0.4526936342508297,,,,,,,,,,
NVS,MOS_Radar_V6.8.0,1,2026-09-11T17:43:09.625648+00:00,QUALITY_PRICE_WAIT,质量通过，但价格超过20倍盈利或5%正常化Owner FCF收益率约束,UNCHANGED,NOT_ELIGIBLE,先满足质量与合理估值条件,UNCHANGED,137.73,2026-09-11T16:39:47+00:00,2026-06-30,2026-09-11T16:39:55.931079+00:00,WAIT_PRICE,128.7805000738861,20.52092551481305,0.0467510709627118,0.3070868037167204,,,,,,,,,,
KLAC,MOS_Radar_V6.8.0,1,2026-09-11T17:43:09.625648+00:00,QUALITY_PRICE_WAIT,质量通过，但价格超过20倍盈利或5%正常化Owner FCF收益率约束,UNCHANGED,NOT_ELIGIBLE,先满足质量与合理估值条件,UNCHANGED,180.96,2026-09-11T16:40:06+00:00,2026-06-30,2026-09-11T16:40:08.042356+00:00,WAIT_PRICE,49.41989712463695,48.94305994294939,0.0136549229455782,0.7607729037988479,,,,,,,,,,
QCOM,MOS_Radar_V6.8.0,1,2026-09-11T17:43:09.625648+00:00,QUALITY_PRICE_WAIT,质量通过，但价格超过20倍盈利或5%正常化Owner FCF收益率约束,UNCHANGED,NOT_ELIGIBLE,先满足质量与合理估值条件,UNCHANGED,183.41,2026-09-11T16:40:17+00:00,2026-06-30,2026-09-11T16:40:20.292709+00:00,WAIT_PRICE,134.33695832918187,21.157034002810704,0.0366220376013254,0.3347675175356135,,,,,,,,,,
ADI,MOS_Radar_V6.8.0,1,2026-09-11T17:43:09.625648+00:00,QUALITY_PRICE_WAIT,质量通过，但价格超过20倍盈利或5%正常化Owner FCF收益率约束,UNCHANGED,NOT_ELIGIBLE,先满足质量与合理估值条件,UNCHANGED,377.42,2026-09-11T16:40:24+00:00,2026-07-31,2026-09-11T16:40:29.839664+00:00,WAIT_PRICE,138.58180671395556,44.22842258602805,0.0183590968568114,0.1232457063666584,,,,,,,,,,
TJX,MOS_Radar_V6.8.0,1,2026-09-11T17:43:09.625648+00:00,QUALITY_PRICE_WAIT,质量通过，但价格超过20倍盈利或5%正常化Owner FCF收益率约束,UNCHANGED,NOT_ELIGIBLE,先满足质量与合理估值条件,UNCHANGED,125.67,2026-09-11T16:41:05+00:00,2026-07-31,2026-09-11T16:41:10.646572+00:00,WAIT_PRICE,69.99256059890901,22.7845291300078,0.0278477602446522,0.5696178762557507,,,,,,,,,,
LMT,MOS_Radar_V6.8.0,1,2026-09-11T17:43:09.625648+00:00,QUALITY_PRICE_WAIT,质量通过，但价格超过20倍盈利或5%正常化Owner FCF收益率约束,UNCHANGED,NOT_ELIGIBLE,先满足质量与合理估值条件,UNCHANGED,525.43,2026-09-11T16:42:12+00:00,2026-06-30,2026-09-11T16:42:24.269210+00:00,WAIT_PRICE,507.76154060291736,19.2881157401667,0.0483186666732882,0.7170392335766423,,,,,,,,,,
SYK,MOS_Radar_V6.8.0,1,2026-09-11T17:43:09.625648+00:00,QUALITY_PRICE_WAIT,质量通过，但价格超过20倍盈利或5%正常化Owner FCF收益率约束,UNCHANGED,NOT_ELIGIBLE,先满足质量与合理估值条件,UNCHANGED,271.825,2026-09-11T16:42:24+00:00,2026-06-30,2026-09-11T16:42:26.525242+00:00,WAIT_PRICE,157.68834102008003,27.960511641522704,0.0290054890131665,0.1554527263631815,,,,,,,,,,
BMY,MOS_Radar_V6.8.0,1,2026-09-11T17:43:09.625648+00:00,QUALITY_WATCH,通过质量门槛及合理估值初始规则；不等于厚安全边际或买入指令,UNCHANGED,TREND_WAIT,长均线或相对强度未同时通过；若此前持有，应复核趋势理由,UNCHANGED,63.44,2026-09-11T16:42:20+00:00,2026-06-30,2026-09-11T16:42:35.015620+00:00,WAIT_PRICE,90.87906794680812,13.961410792005852,0.0840112319197528,0.4158788476186209,2026-09-10T00:00:00+00:00,63.75,63.27040016174316,57.59598243713379,0.0694641359341534,0.1096051858282463,-0.0401410498940928,^GSPC,7591.7001953125,379.0
ACN,MOS_Radar_V6.8.0,1,2026-09-11T17:43:09.625648+00:00,QUALITY_WATCH,通过质量门槛及合理估值初始规则；不等于厚安全边际或买入指令,UNCHANGED,TREND_WAIT,长均线或相对强度未同时通过；若此前持有，应复核趋势理由,UNCHANGED,180.08,2026-09-11T16:42:27+00:00,2026-05-31,2026-09-11T16:42:43.482416+00:00,WAIT_PRICE,242.5049384713581,14.146603911038437,0.067332557327676,0.2442650908108686,2026-09-10T00:00:00+00:00,177.91000366210938,164.6340802001953,199.07459720611573,-0.2248459039818467,0.1096051858282463,-0.3344510898100931,^GSPC,7591.7001953125,379.0
PH,MOS_Radar_V6.8.0,1,2026-09-11T17:43:09.625648+00:00,QUALITY_PRICE_WAIT,质量通过，但价格超过20倍盈利或5%正常化Owner FCF收益率约束,UNCHANGED,NOT_ELIGIBLE,先满足质量与合理估值条件,UNCHANGED,946.579,2026-09-11T16:41:39+00:00,2026-06-30,2026-09-11T16:42:50.864173+00:00,WAIT_PRICE,483.6670010471868,32.706656955480575,0.025548158212214,0.2368216047779797,,,,,,,,,,
INTU,MOS_Radar_V6.8.0,1,2026-09-11T17:43:09.625648+00:00,QUALITY_PRICE_WAIT,质量通过，但价格超过20倍盈利或5%正常化Owner FCF收益率约束,UNCHANGED,NOT_ELIGIBLE,先满足质量与合理估值条件,UNCHANGED,318.715,2026-09-11T16:42:34+00:00,2026-07-31,2026-09-11T16:42:52.978021+00:00,WAIT_PRICE,307.6681320807335,18.65355251015168,0.0482669676797034,0.2404170176916596,,,,,,,,,,
TT,MOS_Radar_V6.8.0,1,2026-09-11T17:43:09.625648+00:00,QUALITY_PRICE_WAIT,质量通过，但价格超过20倍盈利或5%正常化Owner FCF收益率约束,UNCHANGED,NOT_ELIGIBLE,先满足质量与合理估值条件,UNCHANGED,442.55,2026-09-11T16:42:36+00:00,2026-06-30,2026-09-11T16:43:00.826377+00:00,WAIT_PRICE,195.37714967974125,33.01839752306552,0.0220740198485754,0.3419963121455658,,,,,,,,,,
ADBE,MOS_Radar_V6.8.0,1,2026-09-11T17:43:09.625648+00:00,QUALITY_WATCH,通过质量门槛及合理估值初始规则；不等于厚安全边际或买入指令,UNCHANGED,TREND_WAIT,长均线或相对强度未同时通过；若此前持有，应复核趋势理由,UNCHANGED,250.87,2026-09-11T16:43:01+00:00,2026-05-31,2026-09-11T16:43:04.525973+00:00,WAIT_PRICE,316.10063508324765,13.794552920055612,0.0630008839405364,0.6276263240145858,2026-09-10T00:00:00+00:00,248.8300018310547,251.78319854736327,266.9645999908447,-0.0119520513838733,0.1096051858282463,-0.1215572372121196,^GSPC,7591.7001953125,379.0
CDNS,MOS_Radar_V6.8.0,1,2026-09-11T17:43:09.625648+00:00,QUALITY_PRICE_WAIT,质量通过，但价格超过20倍盈利或5%正常化Owner FCF收益率约束,UNCHANGED,NOT_ELIGIBLE,先满足质量与合理估值条件,UNCHANGED,288.31,2026-09-11T16:43:03+00:00,2026-06-30,2026-09-11T16:43:19.099290+00:00,WAIT_PRICE,65.84820657591034,57.61894112576238,0.0114196882827356,0.200933425858378,,,,,,,,,,
FTNT,MOS_Radar_V6.8.0,1,2026-09-11T17:43:09.625648+00:00,QUALITY_PRICE_WAIT,质量通过，但价格超过20倍盈利或5%正常化Owner FCF收益率约束,UNCHANGED,NOT_ELIGIBLE,先满足质量与合理估值条件,UNCHANGED,155.846,2026-09-11T16:43:31+00:00,2026-06-30,2026-09-11T16:43:41.448975+00:00,WAIT_PRICE,42.8102997319785,53.91914597078921,0.0137348086354409,1.367223260911611,,,,,,,,,,
ADP,MOS_Radar_V6.8.0,1,2026-09-11T17:43:09.625648+00:00,QUALITY_PRICE_WAIT,质量通过，但价格超过20倍盈利或5%正常化Owner FCF收益率约束,UNCHANGED,NOT_ELIGIBLE,先满足质量与合理估值条件,UNCHANGED,267.55,2026-09-11T16:43:56+00:00,2026-06-30,2026-09-11T16:43:59.856951+00:00,WAIT_PRICE,194.1586671371236,24.082938422746945,0.03628455749152,0.7317615068311447,,,,,,,,,,
MNST,MOS_Radar_V6.8.0,1,2026-09-11T17:43:09.625648+00:00,QUALITY_PRICE_WAIT,质量通过，但价格超过20倍盈利或5%正常化Owner FCF收益率约束,UNCHANGED,NOT_ELIGIBLE,先满足质量与合理估值条件,UNCHANGED,43.29,2026-09-11T16:43:59+00:00,2026-06-30,2026-09-11T16:44:07.008181+00:00,WAIT_PRICE,13.709961587302422,39.859260438472816,0.0158350214683557,0.2272144780283267,,,,,,,,,,
ITW,MOS_Radar_V6.8.0,1,2026-09-11T17:43:09.625648+00:00,QUALITY_PRICE_WAIT,质量通过，但价格超过20倍盈利或5%正常化Owner FCF收益率约束,UNCHANGED,NOT_ELIGIBLE,先满足质量与合理估值条件,UNCHANGED,268.47,2026-09-11T16:44:51+00:00,2026-06-30,2026-09-11T16:45:21.705144+00:00,WAIT_PRICE,180.98665648044468,23.938715199641905,0.0337070541364853,1.103662750518314,,,,,,,,,,
CL,MOS_Radar_V6.8.0,1,2026-09-11T17:43:09.625648+00:00,QUALITY_PRICE_WAIT,质量通过，但价格超过20倍盈利或5%正常化Owner FCF收益率约束,UNCHANGED,NOT_ELIGIBLE,先满足质量与合理估值条件,UNCHANGED,87.695,2026-09-11T16:45:24+00:00,2026-06-30,2026-09-11T16:45:28.811634+00:00,WAIT_PRICE,51.105605534598425,34.3191315640045,0.0412792108105827,8.63135593220339,,,,,,,,,,
ROST,MOS_Radar_V6.8.0,1,2026-09-11T17:43:09.625648+00:00,QUALITY_PRICE_WAIT,质量通过，但价格超过20倍盈利或5%正常化Owner FCF收益率约束,UNCHANGED,NOT_ELIGIBLE,先满足质量与合理估值条件,UNCHANGED,228.47,2026-09-11T16:45:34+00:00,2026-07-31,2026-09-11T16:45:45.370890+00:00,WAIT_PRICE,94.41753388735567,27.447808657281684,0.0206630047462151,0.3943334484125007,,,,,,,,,,
CTAS,MOS_Radar_V6.8.0,1,2026-09-11T17:43:09.625648+00:00,QUALITY_PRICE_WAIT,质量通过，但价格超过20倍盈利或5%正常化Owner FCF收益率约束,UNCHANGED,NOT_ELIGIBLE,先满足质量与合理估值条件,UNCHANGED,202.57,2026-09-11T16:45:56+00:00,2026-05-31,2026-09-11T16:45:59.861557+00:00,WAIT_PRICE,75.90574895168183,40.665113159702834,0.0187356837023453,0.3878511336922388,,,,,,,,,,
TEL,MOS_Radar_V6.8.0,1,2026-09-11T17:43:09.625648+00:00,QUALITY_PRICE_WAIT,质量通过，但价格超过20倍盈利或5%正常化Owner FCF收益率约束,UNCHANGED,NOT_ELIGIBLE,先满足质量与合理估值条件,UNCHANGED,212.8,2026-09-11T16:45:49+00:00,2026-06-30,2026-09-11T16:46:26.870199+00:00,WAIT_PRICE,165.4846641857907,20.42719356827727,0.0388826748556839,0.2276913785293673,,,,,,,,,,
AME,MOS_Radar_V6.8.0,1,2026-09-11T17:43:09.625648+00:00,QUALITY_PRICE_WAIT,质量通过，但价格超过20倍盈利或5%正常化Owner FCF收益率约束,UNCHANGED,NOT_ELIGIBLE,先满足质量与合理估值条件,UNCHANGED,241.33,2026-09-11T16:46:55+00:00,2026-06-30,2026-09-11T16:47:23.105415+00:00,WAIT_PRICE,126.35146819762322,35.10034222202407,0.0261781519491201,0.1399789694534908,,,,,,,,,,
ADSK,MOS_Radar_V6.8.0,1,2026-09-11T17:43:09.625648+00:00,QUALITY_PRICE_WAIT,质量通过，但价格超过20倍盈利或5%正常化Owner FCF收益率约束,UNCHANGED,NOT_ELIGIBLE,先满足质量与合理估值条件,UNCHANGED,213.25,2026-09-11T16:47:36+00:00,2026-07-31,2026-09-11T16:47:50.198997+00:00,WAIT_PRICE,94.3859649122807,27.143270401948843,0.0221303551963143,0.485368016553355,,,,,,,,,,
ROK,MOS_Radar_V6.8.0,1,2026-09-11T17:43:09.625648+00:00,QUALITY_PRICE_WAIT,质量通过，但价格超过20倍盈利或5%正常化Owner FCF收益率约束,UNCHANGED,NOT_ELIGIBLE,先满足质量与合理估值条件,UNCHANGED,431.985,2026-09-11T16:47:45+00:00,2026-06-30,2026-09-11T16:47:52.495349+00:00,WAIT_PRICE,159.8803447422279,39.94284818915105,0.0185053120759086,0.3437321121923297,,,,,,,,,,
GRMN,MOS_Radar_V6.8.0,1,2026-09-11T17:43:09.625648+00:00,QUALITY_PRICE_WAIT,质量通过，但价格超过20倍盈利或5%正常化Owner FCF收益率约束,UNCHANGED,NOT_ELIGIBLE,先满足质量与合理估值条件,UNCHANGED,280.82,2026-09-11T16:48:25+00:00,2026-06-30,2026-09-11T16:48:31.853067+00:00,WAIT_PRICE,99.74302074152357,28.848358633231747,0.0177592444878433,0.2079179640122347,,,,,,,,,,
IDXX,MOS_Radar_V6.8.0,1,2026-09-11T17:43:09.625648+00:00,QUALITY_PRICE_WAIT,质量通过，但价格超过20倍盈利或5%正常化Owner FCF收益率约束,UNCHANGED,NOT_ELIGIBLE,先满足质量与合理估值条件,UNCHANGED,504.35,2026-09-11T16:48:04+00:00,2026-06-30,2026-09-11T16:48:51.934069+00:00,WAIT_PRICE,175.73157801495773,34.864254069159266,0.0174215899687674,0.7067305396648218,,,,,,,,,,
EME,MOS_Radar_V6.8.0,1,2026-09-11T17:43:09.625648+00:00,QUALITY_PRICE_WAIT,质量通过，但价格超过20倍盈利或5%正常化Owner FCF收益率约束,UNCHANGED,NOT_ELIGIBLE,先满足质量与合理估值条件,UNCHANGED,777.26,2026-09-11T16:47:50+00:00,2026-06-30,2026-09-11T16:49:05.360929+00:00,WAIT_PRICE,422.3218448381343,23.82286175807017,0.0271673471449794,0.3528293241302143,,,,,,,,,,
KVUE,MOS_Radar_V6.8.0,1,2026-09-11T17:43:09.625648+00:00,QUALITY_PRICE_WAIT,质量通过，但价格超过20倍盈利或5%正常化Owner FCF收益率约束,UNCHANGED,NOT_ELIGIBLE,先满足质量与合理估值条件,UNCHANGED,17.785,2026-09-11T16:50:37+00:00,2026-06-30,2026-09-11T16:50:41.992440+00:00,WAIT_PRICE,17.263878772904242,20.6037127970496,0.0505255183496764,0.1571117217852743,,,,,,,,,,
A,MOS_Radar_V6.8.0,1,2026-09-11T17:43:09.625648+00:00,QUALITY_PRICE_WAIT,质量通过，但价格超过20倍盈利或5%正常化Owner FCF收益率约束,UNCHANGED,NOT_ELIGIBLE,先满足质量与合理估值条件,UNCHANGED,146.28,2026-09-11T16:50:57+00:00,2026-07-31,2026-09-11T16:51:02.515509+00:00,WAIT_PRICE,80.27568997837528,28.64302693155795,0.0274390518110388,0.1955724568789895,,,,,,,,,,
RMD,MOS_Radar_V6.8.0,1,2026-09-11T17:43:09.625648+00:00,QUALITY_PRICE_WAIT,质量通过，但价格超过20倍盈利或5%正常化Owner FCF收益率约束,UNCHANGED,NOT_ELIGIBLE,先满足质量与合理估值条件,UNCHANGED,217.33,2026-09-11T16:51:12+00:00,2026-06-30,2026-09-11T16:51:45.395511+00:00,WAIT_PRICE,165.61156255431078,20.580645960503897,0.0381014039834148,0.2313139094356252,,,,,,,,,,
DOV,MOS_Radar_V6.8.0,1,2026-09-11T17:43:09.625648+00:00,QUALITY_PRICE_WAIT,质量通过，但价格超过20倍盈利或5%正常化Owner FCF收益率约束,UNCHANGED,NOT_ELIGIBLE,先满足质量与合理估值条件,UNCHANGED,189.61,2026-09-11T16:51:09+00:00,2026-06-30,2026-09-11T16:52:06.874371+00:00,WAIT_PRICE,122.38467040682583,22.504267498966545,0.0322727362498881,0.1472935372307698,,,,,,,,,,
EXPE,MOS_Radar_V6.8.0,1,2026-09-11T17:43:09.625648+00:00,QUALITY_WATCH,通过质量门槛及合理估值初始规则；不等于厚安全边际或买入指令,UNCHANGED,TREND_WATCH,完整交易日趋势通过，需复核当前报价,UNCHANGED,279.29,2026-09-11T16:51:42+00:00,2026-06-30,2026-09-11T16:52:50.200421+00:00,WAIT_PRICE,334.0496441056546,16.46412913109493,0.0598033664122694,1.684036393713813,2026-09-10T00:00:00+00:00,276.8800048828125,295.18964111328125,258.3613497161865,0.363712058909603,0.1096051858282463,0.2541068730813567,^GSPC,7591.7001953125,379.0
TPR,MOS_Radar_V6.8.0,1,2026-09-11T17:43:09.625648+00:00,QUALITY_PRICE_WAIT,质量通过，但价格超过20倍盈利或5%正常化Owner FCF收益率约束,UNCHANGED,NOT_ELIGIBLE,先满足质量与合理估值条件,UNCHANGED,117.07,2026-09-11T16:52:01+00:00,2026-06-30,2026-09-11T16:52:52.055167+00:00,WAIT_PRICE,112.53227959940703,15.279690831060083,0.0480619627570714,2.2073399797717093,,,,,,,,,,
STRL,MOS_Radar_V6.8.0,1,2026-09-11T17:43:09.625648+00:00,QUALITY_PRICE_WAIT,质量通过，但价格超过20倍盈利或5%正常化Owner FCF收益率约束,UNCHANGED,NOT_ELIGIBLE,先满足质量与合理估值条件,UNCHANGED,508.86,2026-09-11T16:52:46+00:00,2026-06-30,2026-09-11T16:52:53.895626+00:00,WAIT_PRICE,209.34424427940485,36.07414670762493,0.0205699253507256,0.3178923094491698,,,,,,,,,,
ROL,MOS_Radar_V6.8.0,1,2026-09-11T17:43:09.625648+00:00,QUALITY_PRICE_WAIT,质量通过，但价格超过20倍盈利或5%正常化Owner FCF收益率约束,UNCHANGED,NOT_ELIGIBLE,先满足质量与合理估值条件,UNCHANGED,34.745,2026-09-11T16:52:52+00:00,2026-06-30,2026-09-11T16:53:06.182280+00:00,WAIT_PRICE,21.2596238671635,31.44046172780444,0.0305937888432342,0.3719341884461145,,,,,,,,,,
NTAP,MOS_Radar_V6.8.0,1,2026-09-11T17:43:09.625648+00:00,QUALITY_PRICE_WAIT,质量通过，但价格超过20倍盈利或5%正常化Owner FCF收益率约束,UNCHANGED,NOT_ELIGIBLE,先满足质量与合理估值条件,UNCHANGED,195.0,2026-09-11T16:52:50+00:00,2026-07-31,2026-09-11T16:53:58.871335+00:00,WAIT_PRICE,106.09971270346269,27.01107614598025,0.0272050545393494,0.948494983277592,,,,,,,,,,
CHD,MOS_Radar_V6.8.0,1,2026-09-11T17:43:09.625648+00:00,QUALITY_PRICE_WAIT,质量通过，但价格超过20倍盈利或5%正常化Owner FCF收益率约束,UNCHANGED,NOT_ELIGIBLE,先满足质量与合理估值条件,UNCHANGED,93.63,2026-09-11T16:53:50+00:00,2025-12-31,2026-09-11T16:54:23.959649+00:00,WAIT_PRICE,62.1237677685978,30.14305260709828,0.0379321348602035,0.1760152890587673,,,,,,,,,,
WST,MOS_Radar_V6.8.0,1,2026-09-11T17:43:09.625648+00:00,QUALITY_PRICE_WAIT,质量通过，但价格超过20倍盈利或5%正常化Owner FCF收益率约束,UNCHANGED,NOT_ELIGIBLE,先满足质量与合理估值条件,UNCHANGED,349.24,2026-09-11T16:49:04+00:00,2026-06-30,2026-09-11T16:54:55.307597+00:00,WAIT_PRICE,103.63416792948124,43.508639464713575,0.0148370988331063,0.1889171292890107,,,,,,,,,,
MTD,MOS_Radar_V6.8.0,1,2026-09-11T17:43:09.625648+00:00,QUALITY_PRICE_WAIT,质量通过，但价格超过20倍盈利或5%正常化Owner FCF收益率约束,UNCHANGED,NOT_ELIGIBLE,先满足质量与合理估值条件,UNCHANGED,1297.88,2026-09-11T16:53:55+00:00,2026-06-30,2026-09-11T16:55:08.306659+00:00,WAIT_PRICE,806.3742351775651,28.715474185665546,0.0310650535942292,70.62395695235125,,,,,,,,,,
VLTO,MOS_Radar_V6.8.0,1,2026-09-11T17:43:09.625648+00:00,QUALITY_PRICE_WAIT,质量通过，但价格超过20倍盈利或5%正常化Owner FCF收益率约束,UNCHANGED,NOT_ELIGIBLE,先满足质量与合理估值条件,UNCHANGED,94.31,2026-09-11T16:54:26+00:00,2026-06-30,2026-09-11T16:55:10.601458+00:00,WAIT_PRICE,68.5826780932593,23.271406556114783,0.0363602365036895,0.3190184049079754,,,,,,,,,,
FFIV,MOS_Radar_V6.8.0,1,2026-09-11T17:43:09.625648+00:00,QUALITY_PRICE_WAIT,质量通过，但价格超过20倍盈利或5%正常化Owner FCF收益率约束,UNCHANGED,NOT_ELIGIBLE,先满足质量与合理估值条件,UNCHANGED,413.5125,2026-09-11T16:55:17+00:00,2026-06-30,2026-09-11T16:55:26.925472+00:00,WAIT_PRICE,153.65235273664945,32.23086851939379,0.018578924789051,0.1884235121296128,,,,,,,,,,
SNA,MOS_Radar_V6.8.0,1,2026-09-11T17:43:09.625648+00:00,QUALITY_PRICE_WAIT,质量通过，但价格超过20倍盈利或5%正常化Owner FCF收益率约束,UNCHANGED,NOT_ELIGIBLE,先满足质量与合理估值条件,UNCHANGED,377.51,2026-09-11T16:55:01+00:00,2026-06-30,2026-09-11T16:56:43.893677+00:00,WAIT_PRICE,353.17060208916604,18.89088428595114,0.0467763240826953,0.1711055567510304,,,,,,,,,,
BR,MOS_Radar_V6.8.0,1,2026-09-11T17:43:09.625648+00:00,QUALITY_PRICE_WAIT,质量通过，但价格超过20倍盈利或5%正常化Owner FCF收益率约束,UNCHANGED,NOT_ELIGIBLE,先满足质量与合理估值条件,UNCHANGED,167.75,2026-09-11T16:57:43+00:00,2026-06-30,2026-09-11T16:57:49.876617+00:00,WAIT_PRICE,160.92098459980434,17.01098951840982,0.0479645259611935,0.3958318665070759,,,,,,,,,,
NBIX,MOS_Radar_V6.8.0,1,2026-09-11T17:43:09.625648+00:00,QUALITY_PRICE_WAIT,质量通过，但价格超过20倍盈利或5%正常化Owner FCF收益率约束,UNCHANGED,NOT_ELIGIBLE,先满足质量与合理估值条件,UNCHANGED,156.535,2026-09-11T16:57:19+00:00,2025-12-31,2026-09-11T16:58:33.960393+00:00,WAIT_PRICE,59.49875639930718,33.2462493106674,0.0190049370426125,0.1295754819146632,,,,,,,,,,
NDSN,MOS_Radar_V6.8.0,1,2026-09-11T17:43:09.625648+00:00,QUALITY_PRICE_WAIT,质量通过，但价格超过20倍盈利或5%正常化Owner FCF收益率约束,UNCHANGED,NOT_ELIGIBLE,先满足质量与合理估值条件,UNCHANGED,313.705,2026-09-11T16:58:33+00:00,2026-07-31,2026-09-11T16:58:52.639993+00:00,WAIT_PRICE,191.19976079883543,31.47309306765345,0.0304744522399763,0.1698280759080824,,,,,,,,,,
LOGI,MOS_Radar_V6.8.0,1,2026-09-11T17:43:09.625648+00:00,QUALITY_PRICE_WAIT,质量通过，但价格超过20倍盈利或5%正常化Owner FCF收益率约束,EXIT_REVIEW,NOT_ELIGIBLE,先满足质量与合理估值条件,CHANGED,102.765,2026-09-11T16:58:43+00:00,2026-06-30,2026-09-11T16:59:02.860991+00:00,WAIT_PRICE,102.5563318051485,18.373477872891545,0.0498984731207845,0.3405424482671378,,,,,,,,,,
MLI,MOS_Radar_V6.8.0,1,2026-09-11T17:43:09.625648+00:00,QUALITY_PRICE_WAIT,质量通过，但价格超过20倍盈利或5%正常化Owner FCF收益率约束,UNCHANGED,NOT_ELIGIBLE,先满足质量与合理估值条件,UNCHANGED,60.675,2026-09-11T16:58:55+00:00,2026-06-30,2026-09-11T16:59:04.919681+00:00,WAIT_PRICE,54.08541344847631,15.779017420355826,0.0445697679839112,0.2397316609118455,,,,,,,,,,
LECO,MOS_Radar_V6.8.0,1,2026-09-11T17:43:09.625648+00:00,QUALITY_PRICE_WAIT,质量通过，但价格超过20倍盈利或5%正常化Owner FCF收益率约束,UNCHANGED,NOT_ELIGIBLE,先满足质量与合理估值条件,UNCHANGED,253.11,2026-09-11T16:59:17+00:00,2026-06-30,2026-09-11T16:59:30.050578+00:00,WAIT_PRICE,165.92128017214824,24.92263980651769,0.0327765161732346,0.3561691695942555,,,,,,,,,,
RMBS,MOS_Radar_V6.8.0,1,2026-09-11T17:43:09.625648+00:00,QUALITY_PRICE_WAIT,质量通过，但价格超过20倍盈利或5%正常化Owner FCF收益率约束,UNCHANGED,NOT_ELIGIBLE,先满足质量与合理估值条件,UNCHANGED,86.76,2026-09-11T16:59:40+00:00,2026-06-30,2026-09-11T16:59:53.010145+00:00,WAIT_PRICE,33.92122011520408,39.261218741567845,0.0195488820396519,0.1634190360540521,,,,,,,,,,
CSL,MOS_Radar_V6.8.0,1,2026-09-11T17:43:09.625648+00:00,QUALITY_WATCH,通过质量门槛及合理估值初始规则；不等于厚安全边际或买入指令,UNCHANGED,TREND_WAIT,长均线或相对强度未同时通过；若此前持有，应复核趋势理由,UNCHANGED,334.615,2026-09-11T16:59:43+00:00,2026-06-30,2026-09-11T17:00:08.773293+00:00,WAIT_PRICE,363.9510504191313,18.387912309342287,0.0627137856724423,0.4468835023497403,2026-09-10T00:00:00+00:00,329.739990234375,353.45371337890623,349.84924911499024,-0.0233850487119168,0.1096051858282463,-0.1329902345401631,^GSPC,7591.7001953125,379.0
DECK,MOS_Radar_V6.8.0,1,2026-09-11T17:43:09.625648+00:00,QUALITY_WATCH,通过质量门槛及合理估值初始规则；不等于厚安全边际或买入指令,UNCHANGED,TREND_WAIT,长均线或相对强度未同时通过；若此前持有，应复核趋势理由,UNCHANGED,81.53,2026-09-11T17:00:04+00:00,2026-06-30,2026-09-11T17:00:19.302178+00:00,WAIT_PRICE,121.48964342375156,10.9405488894529,0.074506098015302,0.4409123414963491,2026-09-10T00:00:00+00:00,79.87999725341797,95.93940032958984,102.52369998931884,-0.1804367132061953,0.1096051858282463,-0.2900418990344416,^GSPC,7591.7001953125,379.0
GGG,MOS_Radar_V6.8.0,1,2026-09-11T17:43:09.625648+00:00,QUALITY_PRICE_WAIT,质量通过，但价格超过20倍盈利或5%正常化Owner FCF收益率约束,UNCHANGED,NOT_ELIGIBLE,先满足质量与合理估值条件,UNCHANGED,76.615,2026-09-11T17:01:26+00:00,2026-06-30,2026-09-11T17:01:29.946716+00:00,WAIT_PRICE,51.68791342282438,23.255855397536312,0.0337322413514484,0.211499400639318,,,,,,,,,,
RPM,MOS_Radar_V6.8.0,1,2026-09-11T17:43:09.625648+00:00,QUALITY_PRICE_WAIT,质量通过，但价格超过20倍盈利或5%正常化Owner FCF收益率约束,UNCHANGED,NOT_ELIGIBLE,先满足质量与合理估值条件,UNCHANGED,100.29,2026-09-11T17:01:00+00:00,2026-05-31,2026-09-11T17:01:58.412469+00:00,WAIT_PRICE,91.2693206337244,19.434656302877183,0.0455027024796711,0.1989063675343111,,,,,,,,,,
NYT,MOS_Radar_V6.8.0,1,2026-09-11T17:43:09.625648+00:00,QUALITY_PRICE_WAIT,质量通过，但价格超过20倍盈利或5%正常化Owner FCF收益率约束,UNCHANGED,NOT_ELIGIBLE,先满足质量与合理估值条件,UNCHANGED,66.6034,2026-09-11T17:01:54+00:00,2026-06-30,2026-09-11T17:02:05.578162+00:00,WAIT_PRICE,35.70589568624741,27.345600159779536,0.0268048595764235,0.1918525486242976,,,,,,,,,,
MEDP,MOS_Radar_V6.8.0,1,2026-09-11T17:43:09.625648+00:00,QUALITY_PRICE_WAIT,质量通过，但价格超过20倍盈利或5%正常化Owner FCF收益率约束,UNCHANGED,NOT_ELIGIBLE,先满足质量与合理估值条件,UNCHANGED,593.65,2026-09-11T17:01:14+00:00,2026-06-30,2026-09-11T17:02:25.832978+00:00,WAIT_PRICE,340.32430571923175,33.71262395155013,0.0286637164759733,1.1328513049110198,,,,,,,,,,
PNR,MOS_Radar_V6.8.0,1,2026-09-11T17:43:09.625648+00:00,QUALITY_WATCH,通过质量门槛及合理估值初始规则；不等于厚安全边际或买入指令,UNCHANGED,TREND_WAIT,长均线或相对强度未同时通过；若此前持有，应复核趋势理由,UNCHANGED,56.98,2026-09-11T17:00:21+00:00,2026-06-30,2026-09-11T17:02:40.669586+00:00,WAIT_PRICE,66.69486269119902,13.960712199786489,0.0585248005363276,0.1737390979649534,2026-09-10T00:00:00+00:00,56.72999954223633,65.82205680847169,84.52974573135376,-0.3058910523464319,0.1096051858282463,-0.4154962381746782,^GSPC,7591.7001953125,379.0
GDDY,MOS_Radar_V6.8.0,1,2026-09-11T17:43:09.625648+00:00,QUALITY_WATCH,通过质量门槛及合理估值初始规则；不等于厚安全边际或买入指令,UNCHANGED,TREND_WAIT,长均线或相对强度未同时通过；若此前持有，应复核趋势理由,UNCHANGED,97.435,2026-09-11T17:02:46+00:00,2026-06-30,2026-09-11T17:02:57.742759+00:00,WAIT_PRICE,140.0736048440885,13.555881280942002,0.0718805382275817,135.86567164179104,2026-09-10T00:00:00+00:00,96.37000274658205,94.0147998046875,95.72224983215332,-0.0747425497487948,0.1096051858282463,-0.1843477355770411,^GSPC,7591.7001953125,379.0
AIT,MOS_Radar_V6.8.0,1,2026-09-11T17:43:09.625648+00:00,QUALITY_PRICE_WAIT,质量通过，但价格超过20倍盈利或5%正常化Owner FCF收益率约束,UNCHANGED,NOT_ELIGIBLE,先满足质量与合理估值条件,UNCHANGED,322.42,2026-09-11T17:01:51+00:00,2026-06-30,2026-09-11T17:03:11.773465+00:00,WAIT_PRICE,211.99406531884964,28.544588732410567,0.0328754520995672,0.2226535370772322,,,,,,,,,,
ALLE,MOS_Radar_V6.8.0,1,2026-09-11T17:43:09.625648+00:00,QUALITY_PRICE_WAIT,质量通过，但价格超过20倍盈利或5%正常化Owner FCF收益率约束,UNCHANGED,NOT_ELIGIBLE,先满足质量与合理估值条件,UNCHANGED,152.4,2026-09-11T17:03:41+00:00,2025-12-31,2026-09-11T17:03:59.884973+00:00,WAIT_PRICE,121.8061135898389,20.12986279493111,0.0399626356922043,0.3038799207023506,,,,,,,,,,
WTS,MOS_Radar_V6.8.0,1,2026-09-11T17:43:09.625648+00:00,QUALITY_PRICE_WAIT,质量通过，但价格超过20倍盈利或5%正常化Owner FCF收益率约束,UNCHANGED,NOT_ELIGIBLE,先满足质量与合理估值条件,UNCHANGED,354.25,2026-09-11T17:05:25+00:00,2026-06-30,2026-09-11T17:05:38.053734+00:00,WAIT_PRICE,161.72878152235938,30.81278129885357,0.0228269275260916,0.1752991687220243,,,,,,,,,,
BSY,MOS_Radar_V6.8.0,1,2026-09-11T17:43:09.625648+00:00,QUALITY_PRICE_WAIT,质量通过，但价格超过20倍盈利或5%正常化Owner FCF收益率约束,UNCHANGED,NOT_ELIGIBLE,先满足质量与合理估值条件,UNCHANGED,31.2,2026-09-11T17:05:07+00:00,2026-06-30,2026-09-11T17:06:01.618158+00:00,WAIT_PRICE,19.19548612149017,32.50764247649896,0.0343160489351583,0.2412070460100396,,,,,,,,,,
JKHY,MOS_Radar_V6.8.0,1,2026-09-11T17:43:09.625648+00:00,QUALITY_PRICE_WAIT,质量通过，但价格超过20倍盈利或5%正常化Owner FCF收益率约束,UNCHANGED,NOT_ELIGIBLE,先满足质量与合理估值条件,UNCHANGED,161.34,2026-09-11T17:04:36+00:00,2026-06-30,2026-09-11T17:06:03.708565+00:00,WAIT_PRICE,93.32850874018337,22.49906601951163,0.0289229294471871,0.2450231462867741,,,,,,,,,,
DCI,MOS_Radar_V6.8.0,1,2026-09-11T17:43:09.625648+00:00,QUALITY_PRICE_WAIT,质量通过，但价格超过20倍盈利或5%正常化Owner FCF收益率约束,UNCHANGED,NOT_ELIGIBLE,先满足质量与合理估值条件,UNCHANGED,89.09,2026-09-11T17:02:27+00:00,2025-07-31,2026-09-11T17:06:24.467370+00:00,WAIT_PRICE,54.063007221580826,28.13764456283661,0.0303417932549,0.2164808588450421,,,,,,,,,,
AYI,MOS_Radar_V6.8.0,1,2026-09-11T17:43:09.625648+00:00,QUALITY_PRICE_WAIT,质量通过，但价格超过20倍盈利或5%正常化Owner FCF收益率约束,UNCHANGED,NOT_ELIGIBLE,先满足质量与合理估值条件,UNCHANGED,318.45,2026-09-11T17:07:46+00:00,2026-05-31,2026-09-11T17:07:53.370017+00:00,WAIT_PRICE,281.98915745267584,20.18415267324616,0.044275264162769,0.1656321234438015,,,,,,,,,,
CRUS,MOS_Radar_V6.8.0,1,2026-09-11T17:43:09.625648+00:00,QUALITY_WATCH,通过质量门槛及合理估值初始规则；不等于厚安全边际或买入指令,UNCHANGED,TREND_WAIT,长均线或相对强度未同时通过；若此前持有，应复核趋势理由,UNCHANGED,119.975,2026-09-11T17:08:38+00:00,2026-06-30,2026-09-11T17:08:44.884619+00:00,WAIT_PRICE,139.74034149570778,13.965130003348346,0.0582372750555148,0.1966816969838717,2026-09-10T00:00:00+00:00,116.4800033569336,127.31960006713868,139.9685499191284,-0.126333928254516,0.1096051858282463,-0.2359391140827623,^GSPC,7591.7001953125,379.0
ZWS,MOS_Radar_V6.8.0,1,2026-09-11T17:43:09.625648+00:00,QUALITY_PRICE_WAIT,质量通过，但价格超过20倍盈利或5%正常化Owner FCF收益率约束,UNCHANGED,NOT_ELIGIBLE,先满足质量与合理估值条件,UNCHANGED,46.0099,2026-09-11T17:07:19+00:00,2026-06-30,2026-09-11T17:09:04.261527+00:00,WAIT_PRICE,23.1153103116303,27.63995064765799,0.0251199310492201,0.1664155264902658,,,,,,,,,,
WFRD,MOS_Radar_V6.8.0,1,2026-09-11T17:43:09.625648+00:00,QUALITY_WATCH,通过质量门槛及合理估值初始规则；不等于厚安全边际或买入指令,UNCHANGED,TREND_WAIT,长均线或相对强度未同时通过；若此前持有，应复核趋势理由,UNCHANGED,87.85,2026-09-11T17:09:25+00:00,2026-06-30,2026-09-11T17:09:32.211813+00:00,WAIT_PRICE,102.36029591776663,17.164858544484122,0.0652623251354991,0.2046979865771812,2026-09-10T00:00:00+00:00,89.91999816894531,88.10093719482421,92.20970958709717,-0.0890352920256568,0.1096051858282463,-0.1986404778539031,^GSPC,7591.7001953125,379.0
MANH,MOS_Radar_V6.8.0,1,2026-09-11T17:43:09.625648+00:00,QUALITY_PRICE_WAIT,质量通过，但价格超过20倍盈利或5%正常化Owner FCF收益率约束,UNCHANGED,NOT_ELIGIBLE,先满足质量与合理估值条件,UNCHANGED,204.43,2026-09-11T17:08:29+00:00,2026-06-30,2026-09-11T17:09:40.504733+00:00,WAIT_PRICE,63.41406239706356,56.69559488244772,0.015509969768885,1.33475337604043,,,,,,,,,,
AOS,MOS_Radar_V6.8.0,1,2026-09-11T17:43:09.625648+00:00,QUALITY_WATCH,通过质量门槛及合理估值初始规则；不等于厚安全边际或买入指令,UNCHANGED,TREND_WAIT,长均线或相对强度未同时通过；若此前持有，应复核趋势理由,UNCHANGED,57.765,2026-09-11T17:09:18+00:00,2026-06-30,2026-09-11T17:09:49.119193+00:00,WAIT_PRICE,69.43270679258131,15.692102011579031,0.0600992874513817,0.2716216949888702,2026-09-10T00:00:00+00:00,56.709999084472656,60.91513092041016,64.48850933074951,-0.1853852700672484,0.1096051858282463,-0.2949904558954948,^GSPC,7591.7001953125,379.0
QGEN,MOS_Radar_V6.8.0,1,2026-09-11T17:43:09.625648+00:00,QUALITY_PRICE_WAIT,质量通过，但价格超过20倍盈利或5%正常化Owner FCF收益率约束,UNCHANGED,NOT_ELIGIBLE,先满足质量与合理估值条件,UNCHANGED,42.415,2026-09-11T17:10:50+00:00,2026-06-30,2026-09-11T17:11:32.654549+00:00,WAIT_PRICE,35.6759235864575,21.397857924077776,0.0420557863803577,0.1219022318583332,,,,,,,,,,
IDCC,MOS_Radar_V6.8.0,1,2026-09-11T17:43:09.625648+00:00,QUALITY_PRICE_WAIT,质量通过，但价格超过20倍盈利或5%正常化Owner FCF收益率约束,UNCHANGED,NOT_ELIGIBLE,先满足质量与合理估值条件,UNCHANGED,352.97,2026-09-11T17:07:06+00:00,2026-06-30,2026-09-11T17:11:47.667071+00:00,WAIT_PRICE,184.47817144031225,30.143944145913704,0.0261322734850429,0.2513581701075306,,,,,,,,,,
AWI,MOS_Radar_V6.8.0,1,2026-09-11T17:43:09.625648+00:00,QUALITY_PRICE_WAIT,质量通过，但价格超过20倍盈利或5%正常化Owner FCF收益率约束,UNCHANGED,NOT_ELIGIBLE,先满足质量与合理估值条件,UNCHANGED,164.81,2026-09-11T17:10:53+00:00,2026-06-30,2026-09-11T17:12:13.842903+00:00,WAIT_PRICE,72.65250188155254,22.09113939067324,0.0220412905410935,0.3565532059255908,,,,,,,,,,
DOX,MOS_Radar_V6.8.0,1,2026-09-11T17:43:09.625648+00:00,QUALITY_WATCH,通过质量门槛及合理估值初始规则；不等于厚安全边际或买入指令,UNCHANGED,TREND_WAIT,长均线或相对强度未同时通过；若此前持有，应复核趋势理由,UNCHANGED,61.45,2026-09-11T17:12:10+00:00,2026-06-30,2026-09-11T17:12:33.393058+00:00,WAIT_PRICE,86.58755818368954,14.193725123796208,0.082355851396693,0.1375475655968603,2026-09-10T00:00:00+00:00,60.2599983215332,56.74299995422364,65.17299295425416,-0.2004334448044135,0.1096051858282463,-0.3100386306326598,^GSPC,7591.7001953125,379.0
PAYC,MOS_Radar_V6.8.0,1,2026-09-11T17:43:09.625648+00:00,QUALITY_PRICE_WAIT,质量通过，但价格超过20倍盈利或5%正常化Owner FCF收益率约束,UNCHANGED,NOT_ELIGIBLE,先满足质量与合理估值条件,UNCHANGED,218.04,2026-09-11T17:08:07+00:00,2026-06-30,2026-09-11T17:12:47.467565+00:00,WAIT_PRICE,98.76503741900582,20.15466674355032,0.0226483758528265,0.8531933508311461,,,,,,,,,,
LNTH,MOS_Radar_V6.8.0,1,2026-09-11T17:43:09.625648+00:00,QUALITY_PRICE_WAIT,质量通过，但价格超过20倍盈利或5%正常化Owner FCF收益率约束,UNCHANGED,NOT_ELIGIBLE,先满足质量与合理估值条件,UNCHANGED,100.48,2026-09-11T17:10:51+00:00,2026-06-30,2026-09-11T17:13:46.290114+00:00,WAIT_PRICE,83.78101515850052,23.832954938004555,0.0416903936895404,0.2098716398658919,,,,,,,,,,
PCTY,MOS_Radar_V6.8.0,1,2026-09-11T17:43:09.625648+00:00,QUALITY_PRICE_WAIT,质量通过，但价格超过20倍盈利或5%正常化Owner FCF收益率约束,UNCHANGED,NOT_ELIGIBLE,先满足质量与合理估值条件,UNCHANGED,142.335,2026-09-11T17:13:52+00:00,2026-06-30,2026-09-11T17:15:15.409487+00:00,WAIT_PRICE,64.79292039857985,29.215135933061607,0.0227607125438507,0.2208426769891036,,,,,,,,,,
BCPC,MOS_Radar_V6.8.0,1,2026-09-11T17:43:09.625648+00:00,QUALITY_PRICE_WAIT,质量通过，但价格超过20倍盈利或5%正常化Owner FCF收益率约束,UNCHANGED,NOT_ELIGIBLE,先满足质量与合理估值条件,UNCHANGED,165.6553,2026-09-11T17:16:51+00:00,2025-12-31,2026-09-11T17:17:40.177096+00:00,WAIT_PRICE,76.8330299274998,34.1035439196704,0.02319063438583,0.1204910685105469,,,,,,,,,,
G,MOS_Radar_V6.8.0,1,2026-09-11T17:43:09.625648+00:00,QUALITY_WATCH,通过质量门槛及合理估值初始规则；不等于厚安全边际或买入指令,UNCHANGED,TREND_WAIT,长均线或相对强度未同时通过；若此前持有，应复核趋势理由,UNCHANGED,34.78,2026-09-11T17:18:10+00:00,2026-06-30,2026-09-11T17:18:12.524546+00:00,WAIT_PRICE,52.1732379290915,10.033256741342363,0.0750046548721844,0.2236849934946946,2026-09-10T00:00:00+00:00,34.40999984741211,33.60695713043213,37.03215068817138,-0.1307854578374531,0.1096051858282463,-0.2403906436656994,^GSPC,7591.7001953125,379.0
LAUR,MOS_Radar_V6.8.0,1,2026-09-11T17:43:09.625648+00:00,QUALITY_PRICE_WAIT,质量通过，但价格超过20倍盈利或5%正常化Owner FCF收益率约束,UNCHANGED,NOT_ELIGIBLE,先满足质量与合理估值条件,UNCHANGED,36.06,2026-09-11T17:20:00+00:00,2026-06-30,2026-09-11T17:20:10.692066+00:00,WAIT_PRICE,25.653040169658293,15.447710201677982,0.0355699392258157,0.2817216321967579,,,,,,,,,,
EXLS,MOS_Radar_V6.8.0,1,2026-09-11T17:43:09.625648+00:00,QUALITY_PRICE_WAIT,质量通过，但价格超过20倍盈利或5%正常化Owner FCF收益率约束,UNCHANGED,NOT_ELIGIBLE,先满足质量与合理估值条件,UNCHANGED,35.04,2026-09-11T17:21:50+00:00,2026-06-30,2026-09-11T17:21:55.947201+00:00,WAIT_PRICE,17.81357043283333,21.250093415435217,0.0254189075810977,0.2886017994971382,,,,,,,,,,
LOPE,MOS_Radar_V6.8.0,1,2026-09-11T17:43:09.625648+00:00,QUALITY_WATCH,通过质量门槛及合理估值初始规则；不等于厚安全边际或买入指令,UNCHANGED,TREND_WAIT,长均线或相对强度未同时通过；若此前持有，应复核趋势理由,UNCHANGED,150.645,2026-09-11T17:21:00+00:00,2026-06-30,2026-09-11T17:22:02.530350+00:00,WAIT_PRICE,157.41277803040057,17.51321378654832,0.0522462670617679,0.3348812338594403,2026-09-10T00:00:00+00:00,151.22000122070312,147.79840087890625,159.0007997894287,-0.1415660694034928,0.1096051858282463,-0.2511712552317391,^GSPC,7591.7001953125,379.0
CVSA,MOS_Radar_V6.8.0,1,2026-09-11T17:43:09.625648+00:00,QUALITY_WATCH,通过质量门槛及合理估值初始规则；不等于厚安全边际或买入指令,UNCHANGED,TREND_WATCH,完整交易日趋势通过，需复核当前报价,UNCHANGED,125.315,2026-09-11T17:18:58+00:00,2026-06-30,2026-09-11T17:22:04.537317+00:00,WAIT_PRICE,142.4884853678483,16.956086320896258,0.0568521267876344,0.1739514654072611,2026-09-10T00:00:00+00:00,123.62999725341795,128.09940032958986,115.05744998931884,0.2325082827104705,0.1096051858282463,0.1229030968822242,^GSPC,7591.7001953125,379.0
CAAP,MOS_Radar_V6.8.0,1,2026-09-11T17:43:09.625648+00:00,QUALITY_WATCH,通过质量门槛及合理估值初始规则；不等于厚安全边际或买入指令,UNCHANGED,TREND_WAIT,长均线或相对强度未同时通过；若此前持有，应复核趋势理由,UNCHANGED,24.47,2026-09-11T17:20:11+00:00,2025-12-31,2026-09-11T17:23:21.979973+00:00,WAIT_PRICE,30.326478375234988,16.137712857542027,0.0920870406367151,0.1372534027456886,2026-09-10T00:00:00+00:00,24.780000686645508,23.98296936035156,24.942548055648803,-0.1641841827643491,0.1096051858282463,-0.2737893685925954,^GSPC,7591.7001953125,379.0
LRN,MOS_Radar_V6.8.0,1,2026-09-11T17:43:09.625648+00:00,QUALITY_WATCH,通过质量门槛及合理估值初始规则；不等于厚安全边际或买入指令,UNCHANGED,TREND_WAIT,长均线或相对强度未同时通过；若此前持有，应复核趋势理由,UNCHANGED,82.13,2026-09-11T17:19:15+00:00,2026-06-30,2026-09-11T17:24:11.441263+00:00,WAIT_PRICE,114.62422824987166,10.09281696699649,0.0697821917995079,0.2071837233792942,2026-09-10T00:00:00+00:00,81.44999694824219,85.53399963378907,83.27209991455078,-0.0962176390446439,0.1096051858282463,-0.2058228248728902,^GSPC,7591.7001953125,379.0
KTB,MOS_Radar_V6.8.0,1,2026-09-11T17:43:09.625648+00:00,QUALITY_WATCH,通过质量门槛及合理估值初始规则；不等于厚安全边际或买入指令,UNCHANGED,TREND_WAIT,长均线或相对强度未同时通过；若此前持有，应复核趋势理由,UNCHANGED,67.06,2026-09-11T17:26:07+00:00,2026-06-30,2026-09-11T17:26:10.927498+00:00,WAIT_PRICE,95.76987197841152,13.6786006813725,0.0714061079469218,0.4331817946661838,2026-09-10T00:00:00+00:00,66.16000366210938,80.6193653869629,71.0664010810852,0.1449824297975421,0.1096051858282463,0.0353772439692958,^GSPC,7591.7001953125,379.0
BRC,MOS_Radar_V6.8.0,1,2026-09-11T17:43:09.625648+00:00,QUALITY_PRICE_WAIT,质量通过，但价格超过20倍盈利或5%正常化Owner FCF收益率约束,UNCHANGED,NOT_ELIGIBLE,先满足质量与合理估值条件,UNCHANGED,87.53,2026-09-11T17:25:20+00:00,2026-07-31,2026-09-11T17:26:28.193758+00:00,WAIT_PRICE,68.14001995643483,20.059851566002987,0.0389238089548925,0.1507422865401359,,,,,,,,,,
BMI,MOS_Radar_V6.8.0,1,2026-09-11T17:43:09.625648+00:00,QUALITY_PRICE_WAIT,质量通过，但价格超过20倍盈利或5%正常化Owner FCF收益率约束,UNCHANGED,NOT_ELIGIBLE,先满足质量与合理估值条件,UNCHANGED,125.63,2026-09-11T17:21:23+00:00,2026-06-30,2026-09-11T17:26:39.332231+00:00,WAIT_PRICE,79.83862648447615,28.969090893866262,0.0317753030663361,0.1840835871602624,,,,,,,,,,
KFY,MOS_Radar_V6.8.0,1,2026-09-11T17:43:09.625648+00:00,QUALITY_RISK,原估值下修复核尚未解除,EXIT_REVIEW,NOT_ELIGIBLE,先满足质量与合理估值条件,EXIT_REVIEW,77.74,2026-09-11T17:26:19+00:00,2026-07-31,2026-09-11T17:26:56.043340+00:00,REVIEW_REQUIRED,,,,0.1384646009024326,,,,,,,,,,
FIZZ,MOS_Radar_V6.8.0,1,2026-09-11T17:43:09.625648+00:00,QUALITY_WATCH,通过质量门槛及合理估值初始规则；不等于厚安全边际或买入指令,UNCHANGED,TREND_WAIT,长均线或相对强度未同时通过；若此前持有，应复核趋势理由,UNCHANGED,31.445,2026-09-11T17:25:21+00:00,2026-04-30,2026-09-11T17:27:46.082652+00:00,WAIT_PRICE,33.25802474275341,16.02921427307064,0.0528828506006573,0.2888846242178086,2026-09-10T00:00:00+00:00,30.90999984741211,31.364205589294432,31.26113304138184,-0.0293784215601728,0.1096051858282463,-0.1389836073884192,^GSPC,7591.7001953125,379.0
QLYS,MOS_Radar_V6.8.0,1,2026-09-11T17:43:09.625648+00:00,QUALITY_PRICE_WAIT,质量通过，但价格超过20倍盈利或5%正常化Owner FCF收益率约束,UNCHANGED,NOT_ELIGIBLE,先满足质量与合理估值条件,UNCHANGED,152.57,2026-09-11T17:27:50+00:00,2026-06-30,2026-09-11T17:28:02.677910+00:00,WAIT_PRICE,96.87468542391152,25.554649643423943,0.0317476192645708,0.3673702427684389,,,,,,,,,,
PRDO,MOS_Radar_V6.8.0,1,2026-09-11T17:43:09.625648+00:00,QUALITY_WATCH,通过质量门槛及合理估值初始规则；不等于厚安全边际或买入指令,UNCHANGED,TREND_WAIT,长均线或相对强度未同时通过；若此前持有，应复核趋势理由,UNCHANGED,33.05,2026-09-11T17:32:28+00:00,2026-06-30,2026-09-11T17:37:02.818373+00:00,WAIT_PRICE,46.02853340558603,11.6766690379827,0.0696346950160151,0.1713939011562701,2026-09-10T00:00:00+00:00,32.84000015258789,32.77870662689209,32.524723529815674,0.0066153723935318,0.1096051858282463,-0.1029898134347144,^GSPC,7591.7001953125,379.0
MCRI,MOS_Radar_V6.8.0,1,2026-09-11T17:43:09.625648+00:00,QUALITY_PRICE_WAIT,质量通过，但价格超过20倍盈利或5%正常化Owner FCF收益率约束,UNCHANGED,NOT_ELIGIBLE,先满足质量与合理估值条件,UNCHANGED,122.005,2026-09-11T17:19:43+00:00,2026-06-30,2026-09-11T17:37:24.476317+00:00,WAIT_PRICE,116.36895540262915,19.074777558156985,0.0476902403190972,0.1987537471674101,,,,,,,,,,
MD,MOS_Radar_V6.8.0,1,2026-09-11T17:43:09.625648+00:00,QUALITY_WATCH,通过质量门槛及合理估值初始规则；不等于厚安全边际或买入指令,UNCHANGED,TREND_WATCH,完整交易日趋势通过，需复核当前报价,UNCHANGED,26.83,2026-09-11T17:38:53+00:00,2026-06-30,2026-09-11T17:39:38.839643+00:00,WAIT_PRICE,38.155448644226304,12.471112288656382,0.0711059423112678,0.198422887317149,2026-09-10T00:00:00+00:00,26.729999542236328,26.405799903869628,23.041849966049195,0.2513164266822103,0.1096051858282463,0.141711240853964,^GSPC,7591.7001953125,379.0
EPAC,MOS_Radar_V6.8.0,1,2026-09-11T17:43:09.625648+00:00,QUALITY_PRICE_WAIT,质量通过，但价格超过20倍盈利或5%正常化Owner FCF收益率约束,UNCHANGED,NOT_ELIGIBLE,先满足质量与合理估值条件,UNCHANGED,35.71,2026-09-11T17:39:59+00:00,2026-05-31,2026-09-11T17:41:05.830975+00:00,WAIT_PRICE,22.21787896003167,19.568843008230854,0.0311087635956758,0.2200750893808899,,,,,,,,,,
CTS,MOS_Radar_V6.8.0,1,2026-09-11T17:43:09.625648+00:00,QUALITY_PRICE_WAIT,质量通过，但价格超过20倍盈利或5%正常化Owner FCF收益率约束,UNCHANGED,NOT_ELIGIBLE,先满足质量与合理估值条件,UNCHANGED,57.89,2026-09-11T17:38:54+00:00,2026-06-30,2026-09-11T17:42:07.369403+00:00,WAIT_PRICE,48.87485936817112,23.689070719945573,0.045232702670778,0.1218264186517462,,,,,,,,,,
TILE,MOS_Radar_V6.8.0,1,2026-09-11T17:43:09.625648+00:00,QUALITY_PRICE_WAIT,质量通过，但价格超过20倍盈利或5%正常化Owner FCF收益率约束,UNCHANGED,NOT_ELIGIBLE,先满足质量与合理估值条件,UNCHANGED,34.4,2026-09-11T17:41:48+00:00,2026-06-30,2026-09-11T17:42:43.128884+00:00,WAIT_PRICE,28.617677551848463,13.660562902836098,0.0415954615579192,0.2145644306531144,,,,,,,,,,
AAPL,MOS_Radar_V6.8.0,1,2026-09-14T19:00:04.445593+00:00,QUALITY_PRICE_WAIT,质量通过，但价格超过20倍盈利或5%正常化Owner FCF收益率约束,UNCHANGED,NOT_ELIGIBLE,先满足质量与合理估值条件,UNCHANGED,333.7099,2026-09-14T18:07:16+00:00,2026-06-30,2026-09-14T18:07:21.807123+00:00,WAIT_PRICE,124.1508842916284,37.77303997635625,0.0186016183954429,1.199125744047619,,,,,,,,,,
JNJ,MOS_Radar_V6.8.0,1,2026-09-14T19:00:04.445593+00:00,QUALITY_PRICE_WAIT,质量通过，但价格超过20倍盈利或5%正常化Owner FCF收益率约束,UNCHANGED,NOT_ELIGIBLE,先满足质量与合理估值条件,UNCHANGED,267.74,2026-09-14T18:07:44+00:00,2026-06-30,2026-09-14T18:07:52.497571+00:00,WAIT_PRICE,140.05776538944696,30.67101900587603,0.0261555549020405,0.247578585635099,,,,,,,,,,
NFLX,MOS_Radar_V6.8.0,1,2026-09-14T19:00:04.445593+00:00,QUALITY_PRICE_WAIT,质量通过，但价格超过20倍盈利或5%正常化Owner FCF收益率约束,UNCHANGED,NOT_ELIGIBLE,先满足质量与合理估值条件,UNCHANGED,80.57,2026-09-14T18:08:02+00:00,2026-06-30,2026-09-14T18:08:04.331744+00:00,WAIT_PRICE,28.06392612173339,24.578565388351315,0.0174158657823838,0.4526936342508297,,,,,,,,,,
NVS,MOS_Radar_V6.8.0,1,2026-09-14T19:00:04.445593+00:00,QUALITY_PRICE_WAIT,质量通过，但价格超过20倍盈利或5%正常化Owner FCF收益率约束,UNCHANGED,NOT_ELIGIBLE,先满足质量与合理估值条件,UNCHANGED,139.57,2026-09-14T18:08:03+00:00,2026-06-30,2026-09-14T18:08:25.072212+00:00,WAIT_PRICE,128.7804893210263,20.7950759692758,0.0461347314326238,0.3070868037167204,,,,,,,,,,
KLAC,MOS_Radar_V6.8.0,1,2026-09-14T19:00:04.445593+00:00,QUALITY_PRICE_WAIT,质量通过，但价格超过20倍盈利或5%正常化Owner FCF收益率约束,UNCHANGED,NOT_ELIGIBLE,先满足质量与合理估值条件,UNCHANGED,169.86,2026-09-14T18:08:32+00:00,2026-06-30,2026-09-14T18:08:35.333455+00:00,WAIT_PRICE,49.41699110102425,45.943617623064114,0.0145463885261463,0.7607729037988479,,,,,,,,,,
QCOM,MOS_Radar_V6.8.0,1,2026-09-14T19:00:04.445593+00:00,QUALITY_PRICE_WAIT,质量通过，但价格超过20倍盈利或5%正常化Owner FCF收益率约束,UNCHANGED,NOT_ELIGIBLE,先满足质量与合理估值条件,UNCHANGED,180.5,2026-09-14T18:08:24+00:00,2026-06-30,2026-09-14T18:08:44.192674+00:00,WAIT_PRICE,134.33696101146,20.82135413149368,0.0372124545738116,0.3347675175356135,,,,,,,,,,
ADI,MOS_Radar_V6.8.0,1,2026-09-14T19:00:04.445593+00:00,QUALITY_PRICE_WAIT,质量通过，但价格超过20倍盈利或5%正常化Owner FCF收益率约束,UNCHANGED,NOT_ELIGIBLE,先满足质量与合理估值条件,UNCHANGED,362.75,2026-09-14T18:08:49+00:00,2026-07-31,2026-09-14T18:08:53.131348+00:00,WAIT_PRICE,138.5818116443771,42.509299248259495,0.0191015591515337,0.1232457063666584,,,,,,,,,,
TJX,MOS_Radar_V6.8.0,1,2026-09-14T19:00:04.445593+00:00,QUALITY_PRICE_WAIT,质量通过，但价格超过20倍盈利或5%正常化Owner FCF收益率约束,UNCHANGED,NOT_ELIGIBLE,先满足质量与合理估值条件,UNCHANGED,126.11,2026-09-14T18:09:21+00:00,2026-07-31,2026-09-14T18:09:26.381619+00:00,WAIT_PRICE,69.99255924034114,22.86430352795136,0.0277505983824998,0.5696178762557507,,,,,,,,,,
LMT,MOS_Radar_V6.8.0,1,2026-09-14T19:00:04.445593+00:00,QUALITY_PRICE_WAIT,质量通过，但价格超过20倍盈利或5%正常化Owner FCF收益率约束,UNCHANGED,NOT_ELIGIBLE,先满足质量与合理估值条件,UNCHANGED,527.62,2026-09-14T18:09:59+00:00,2026-06-30,2026-09-14T18:10:26.536890+00:00,WAIT_PRICE,507.76153822402176,19.36850898217784,0.0481181094560499,0.7170392335766423,,,,,,,,,,
SYK,MOS_Radar_V6.8.0,1,2026-09-14T19:00:04.445593+00:00,QUALITY_PRICE_WAIT,质量通过，但价格超过20倍盈利或5%正常化Owner FCF收益率约束,UNCHANGED,NOT_ELIGIBLE,先满足质量与合理估值条件,UNCHANGED,281.4,2026-09-14T18:09:50+00:00,2026-06-30,2026-09-14T18:10:28.335930+00:00,WAIT_PRICE,157.68835152173034,28.945415071937763,0.0280185414928447,0.1554527263631815,,,,,,,,,,
BMY,MOS_Radar_V6.8.0,1,2026-09-14T19:00:04.445593+00:00,QUALITY_WATCH,通过质量门槛及合理估值初始规则；不等于厚安全边际或买入指令,UNCHANGED,TREND_WAIT,长均线或相对强度未同时通过；若此前持有，应复核趋势理由,UNCHANGED,64.01,2026-09-14T18:10:17+00:00,2026-06-30,2026-09-14T18:10:35.565932+00:00,WAIT_PRICE,90.8790629465992,14.08685299442677,0.0832631191961886,0.4158788476186209,2026-09-11T00:00:00+00:00,63.63999938964844,63.42700012207031,57.6904909324646,0.0693934944835714,0.1162074350345545,-0.046813940550983,^GSPC,7656.97998046875,379.0
ACN,MOS_Radar_V6.8.0,1,2026-09-14T19:00:04.445593+00:00,QUALITY_WATCH,通过质量门槛及合理估值初始规则；不等于厚安全边际或买入指令,UNCHANGED,TREND_WAIT,长均线或相对强度未同时通过；若此前持有，应复核趋势理由,UNCHANGED,193.4,2026-09-14T18:10:37+00:00,2026-05-31,2026-09-14T18:10:42.333136+00:00,WAIT_PRICE,242.50494859037,15.19298690710587,0.0626951780223293,0.2442650908108686,2026-09-11T00:00:00+00:00,183.8999938964844,165.72063995361327,198.7602724075317,-0.2366849979261355,0.1162074350345545,-0.35289243296069,^GSPC,7656.97998046875,379.0
PH,MOS_Radar_V6.8.0,1,2026-09-14T19:00:04.445593+00:00,QUALITY_PRICE_WAIT,质量通过，但价格超过20倍盈利或5%正常化Owner FCF收益率约束,UNCHANGED,NOT_ELIGIBLE,先满足质量与合理估值条件,UNCHANGED,926.86,2026-09-14T18:10:00+00:00,2026-06-30,2026-09-14T18:10:48.051503+00:00,WAIT_PRICE,483.66699821250177,32.02531668611336,0.026091696599945,0.2368216047779797,,,,,,,,,,
INTU,MOS_Radar_V6.8.0,1,2026-09-14T19:00:04.445593+00:00,QUALITY_PRICE_WAIT,质量通过，但价格超过20倍盈利或5%正常化Owner FCF收益率约束,UNCHANGED,NOT_ELIGIBLE,先满足质量与合理估值条件,UNCHANGED,337.91,2026-09-14T18:10:40+00:00,2026-07-31,2026-09-14T18:10:49.927147+00:00,WAIT_PRICE,307.66812521119306,19.7769859261164,0.0455251583574314,0.2404170176916596,,,,,,,,,,
TT,MOS_Radar_V6.8.0,1,2026-09-14T19:00:04.445593+00:00,QUALITY_PRICE_WAIT,质量通过，但价格超过20倍盈利或5%正常化Owner FCF收益率约束,UNCHANGED,NOT_ELIGIBLE,先满足质量与合理估值条件,UNCHANGED,424.18,2026-09-14T18:10:25+00:00,2026-06-30,2026-09-14T18:10:56.318306+00:00,WAIT_PRICE,195.37714766410863,31.647822858040733,0.023029981100489,0.3419963121455658,,,,,,,,,,
ADBE,MOS_Radar_V6.8.0,1,2026-09-14T19:00:04.445593+00:00,QUALITY_WATCH,通过质量门槛及合理估值初始规则；不等于厚安全边际或买入指令,UNCHANGED,TREND_WAIT,长均线或相对强度未同时通过；若此前持有，应复核趋势理由,UNCHANGED,263.83,2026-09-14T18:10:56+00:00,2025-11-30,2026-09-14T18:10:59.622539+00:00,WAIT_PRICE,316.1006450188876,14.708614258411725,0.0599061223171905,0.6190310817850321,2026-09-11T00:00:00+00:00,252.22999572753903,252.6081985473633,266.6047999572754,-0.0223675260792276,0.1162074350345545,-0.1385749611137822,^GSPC,7656.97998046875,379.0
CDNS,MOS_Radar_V6.8.0,1,2026-09-14T19:00:04.445593+00:00,QUALITY_PRICE_WAIT,质量通过，但价格超过20倍盈利或5%正常化Owner FCF收益率约束,UNCHANGED,NOT_ELIGIBLE,先满足质量与合理估值条件,UNCHANGED,281.715,2026-09-14T18:11:05+00:00,2026-06-30,2026-09-14T18:11:11.957311+00:00,WAIT_PRICE,65.84820687429168,56.3009258287632,0.0116870253402005,0.200933425858378,,,,,,,,,,
FTNT,MOS_Radar_V6.8.0,1,2026-09-14T19:00:04.445593+00:00,QUALITY_PRICE_WAIT,质量通过，但价格超过20倍盈利或5%正常化Owner FCF收益率约束,UNCHANGED,NOT_ELIGIBLE,先满足质量与合理估值条件,UNCHANGED,170.15,2026-09-14T18:11:26+00:00,2026-06-30,2026-09-14T18:11:30.524234+00:00,WAIT_PRICE,42.81029935630498,58.86800281969032,0.0125801643715265,1.367223260911611,,,,,,,,,,
ADP,MOS_Radar_V6.8.0,1,2026-09-14T19:00:04.445593+00:00,QUALITY_PRICE_WAIT,质量通过，但价格超过20倍盈利或5%正常化Owner FCF收益率约束,UNCHANGED,NOT_ELIGIBLE,先满足质量与合理估值条件,UNCHANGED,275.935,2026-09-14T18:11:29+00:00,2026-06-30,2026-09-14T18:11:45.739599+00:00,WAIT_PRICE,194.158659996458,24.83769709616515,0.0351819558947683,0.7317615068311447,,,,,,,,,,
MNST,MOS_Radar_V6.8.0,1,2026-09-14T19:00:04.445593+00:00,QUALITY_PRICE_WAIT,质量通过，但价格超过20倍盈利或5%正常化Owner FCF收益率约束,UNCHANGED,NOT_ELIGIBLE,先满足质量与合理估值条件,UNCHANGED,44.175,2026-09-14T18:11:49+00:00,2026-06-30,2026-09-14T18:11:51.400708+00:00,WAIT_PRICE,13.709962114032914,40.67412248142904,0.0155177839434441,0.2272144780283267,,,,,,,,,,
ITW,MOS_Radar_V6.8.0,1,2026-09-14T19:00:04.445593+00:00,QUALITY_PRICE_WAIT,质量通过，但价格超过20倍盈利或5%正常化Owner FCF收益率约束,UNCHANGED,NOT_ELIGIBLE,先满足质量与合理估值条件,UNCHANGED,269.84,2026-09-14T18:12:46+00:00,2026-06-30,2026-09-14T18:12:53.481597+00:00,WAIT_PRICE,180.9799462743288,24.06176635512876,0.0335346772669598,1.103662750518314,,,,,,,,,,
CL,MOS_Radar_V6.8.0,1,2026-09-14T19:00:04.445593+00:00,QUALITY_PRICE_WAIT,质量通过，但价格超过20倍盈利或5%正常化Owner FCF收益率约束,UNCHANGED,NOT_ELIGIBLE,先满足质量与合理估值条件,UNCHANGED,88.38,2026-09-14T18:12:48+00:00,2026-06-30,2026-09-14T18:12:59.347270+00:00,WAIT_PRICE,51.105606944959646,34.58720296392707,0.0409592723685748,8.63135593220339,,,,,,,,,,
ROST,MOS_Radar_V6.8.0,1,2026-09-14T19:00:04.445593+00:00,QUALITY_PRICE_WAIT,质量通过，但价格超过20倍盈利或5%正常化Owner FCF收益率约束,UNCHANGED,NOT_ELIGIBLE,先满足质量与合理估值条件,UNCHANGED,229.745,2026-09-14T18:12:35+00:00,2026-07-31,2026-09-14T18:13:13.369763+00:00,WAIT_PRICE,94.41753639849674,27.60098320239888,0.0205483332386987,0.3943334484125007,,,,,,,,,,
CTAS,MOS_Radar_V6.8.0,1,2026-09-14T19:00:04.445593+00:00,QUALITY_PRICE_WAIT,质量通过，但价格超过20倍盈利或5%正常化Owner FCF收益率约束,UNCHANGED,NOT_ELIGIBLE,先满足质量与合理估值条件,UNCHANGED,200.905,2026-09-14T18:12:25+00:00,2026-05-31,2026-09-14T18:13:24.467017+00:00,WAIT_PRICE,75.90949723577127,40.32887963207465,0.0188918885134195,0.3878511336922388,,,,,,,,,,
TEL,MOS_Radar_V6.8.0,1,2026-09-14T19:00:04.445593+00:00,QUALITY_PRICE_WAIT,质量通过，但价格超过20倍盈利或5%正常化Owner FCF收益率约束,UNCHANGED,NOT_ELIGIBLE,先满足质量与合理估值条件,UNCHANGED,202.97,2026-09-14T18:13:09+00:00,2026-06-30,2026-09-14T18:13:45.920534+00:00,WAIT_PRICE,165.48466556374223,19.48358761292099,0.0407657943449135,0.2276913785293673,,,,,,,,,,
AME,MOS_Radar_V6.8.0,1,2026-09-14T19:00:04.445593+00:00,QUALITY_PRICE_WAIT,质量通过，但价格超过20倍盈利或5%正常化Owner FCF收益率约束,UNCHANGED,NOT_ELIGIBLE,先满足质量与合理估值条件,UNCHANGED,234.165,2026-09-14T18:14:16+00:00,2026-06-30,2026-09-14T18:14:30.936668+00:00,WAIT_PRICE,126.35147277898491,34.05822458210234,0.0269791541816635,0.1399789694534908,,,,,,,,,,
ADSK,MOS_Radar_V6.8.0,1,2026-09-14T19:00:04.445593+00:00,QUALITY_PRICE_WAIT,质量通过，但价格超过20倍盈利或5%正常化Owner FCF收益率约束,UNCHANGED,NOT_ELIGIBLE,先满足质量与合理估值条件,UNCHANGED,229.68,2026-09-14T18:14:44+00:00,2026-07-31,2026-09-14T18:14:51.321192+00:00,WAIT_PRICE,94.38596792213562,29.234542307696884,0.020547276193429,0.485368016553355,,,,,,,,,,
ROK,MOS_Radar_V6.8.0,1,2026-09-14T19:00:04.445593+00:00,QUALITY_PRICE_WAIT,质量通过，但价格超过20倍盈利或5%正常化Owner FCF收益率约束,UNCHANGED,NOT_ELIGIBLE,先满足质量与合理估值条件,UNCHANGED,417.45,2026-09-14T18:14:50+00:00,2026-06-30,2026-09-14T18:14:53.304728+00:00,WAIT_PRICE,159.88033464554496,38.59889354852178,0.0191496388364528,0.3437321121923297,,,,,,,,,,
GRMN,MOS_Radar_V6.8.0,1,2026-09-14T19:00:04.445593+00:00,QUALITY_PRICE_WAIT,质量通过，但价格超过20倍盈利或5%正常化Owner FCF收益率约束,UNCHANGED,NOT_ELIGIBLE,先满足质量与合理估值条件,UNCHANGED,281.79,2026-09-14T18:13:44+00:00,2026-06-30,2026-09-14T18:15:25.980611+00:00,WAIT_PRICE,99.74302031839568,28.948005888981616,0.0176981121257666,0.2079179640122347,,,,,,,,,,
IDXX,MOS_Radar_V6.8.0,1,2026-09-14T19:00:04.445593+00:00,QUALITY_PRICE_WAIT,质量通过，但价格超过20倍盈利或5%正常化Owner FCF收益率约束,UNCHANGED,NOT_ELIGIBLE,先满足质量与合理估值条件,UNCHANGED,506.6,2026-09-14T18:14:49+00:00,2026-06-30,2026-09-14T18:15:41.609807+00:00,WAIT_PRICE,175.731578024403,35.019790047559766,0.017344214175326,0.7067305396648218,,,,,,,,,,
EME,MOS_Radar_V6.8.0,1,2026-09-14T19:00:04.445593+00:00,QUALITY_PRICE_WAIT,质量通过，但价格超过20倍盈利或5%正常化Owner FCF收益率约束,UNCHANGED,NOT_ELIGIBLE,先满足质量与合理估值条件,UNCHANGED,748.435,2026-09-14T18:15:44+00:00,2026-06-30,2026-09-14T18:15:53.207759+00:00,WAIT_PRICE,422.32185152187697,22.9393809764076,0.0282136626107729,0.3528293241302143,,,,,,,,,,
KVUE,MOS_Radar_V6.8.0,1,2026-09-14T19:00:04.445593+00:00,QUALITY_PRICE_WAIT,质量通过，但价格超过20倍盈利或5%正常化Owner FCF收益率约束,UNCHANGED,NOT_ELIGIBLE,先满足质量与合理估值条件,UNCHANGED,18.07,2026-09-14T18:17:09+00:00,2026-06-30,2026-09-14T18:17:14.957912+00:00,WAIT_PRICE,17.268656381259344,20.9280902938231,0.0497423918944982,0.1571117217852743,,,,,,,,,,
A,MOS_Radar_V6.8.0,1,2026-09-14T19:00:04.445593+00:00,QUALITY_PRICE_WAIT,质量通过，但价格超过20倍盈利或5%正常化Owner FCF收益率约束,UNCHANGED,NOT_ELIGIBLE,先满足质量与合理估值条件,UNCHANGED,146.035,2026-09-14T18:17:09+00:00,2026-07-31,2026-09-14T18:17:31.946765+00:00,WAIT_PRICE,80.27568729540882,28.59505453753101,0.0274850848411027,0.1955724568789895,,,,,,,,,,
RMD,MOS_Radar_V6.8.0,1,2026-09-14T19:00:04.445593+00:00,QUALITY_PRICE_WAIT,质量通过，但价格超过20倍盈利或5%正常化Owner FCF收益率约束,UNCHANGED,NOT_ELIGIBLE,先满足质量与合理估值条件,UNCHANGED,222.4088,2026-09-14T18:17:34+00:00,2026-06-30,2026-09-14T18:18:09.326938+00:00,WAIT_PRICE,165.61156527671963,21.061596171979065,0.0372313427518874,0.2313139094356252,,,,,,,,,,
DOV,MOS_Radar_V6.8.0,1,2026-09-14T19:00:04.445593+00:00,QUALITY_PRICE_WAIT,质量通过，但价格超过20倍盈利或5%正常化Owner FCF收益率约束,UNCHANGED,NOT_ELIGIBLE,先满足质量与合理估值条件,UNCHANGED,188.84,2026-09-14T18:18:11+00:00,2026-06-30,2026-09-14T18:18:27.700248+00:00,WAIT_PRICE,122.38467317414414,22.41287789890838,0.0324043299020716,0.1472935372307698,,,,,,,,,,
EXPE,MOS_Radar_V6.8.0,1,2026-09-14T19:00:04.445593+00:00,QUALITY_WATCH,通过质量门槛及合理估值初始规则；不等于厚安全边际或买入指令,UNCHANGED,TREND_WATCH,完整交易日趋势通过，需复核当前报价,UNCHANGED,285.875,2026-09-14T18:18:32+00:00,2026-06-30,2026-09-14T18:19:03.904540+00:00,WAIT_PRICE,334.0496543259565,16.8523139795555,0.0584258249804908,1.684036393713813,2026-09-11T00:00:00+00:00,280.8299865722656,295.523056640625,258.5351181793213,0.3536850132183182,0.1162074350345545,0.2374775781837637,^GSPC,7656.97998046875,379.0
TPR,MOS_Radar_V6.8.0,1,2026-09-14T19:00:04.445593+00:00,QUALITY_PRICE_WAIT,质量通过，但价格超过20倍盈利或5%正常化Owner FCF收益率约束,UNCHANGED,NOT_ELIGIBLE,先满足质量与合理估值条件,UNCHANGED,118.27,2026-09-14T18:18:57+00:00,2026-06-30,2026-09-14T18:19:05.622729+00:00,WAIT_PRICE,112.53228250013636,15.436311505999464,0.0475743140695596,2.2073399797717093,,,,,,,,,,
STRL,MOS_Radar_V6.8.0,1,2026-09-14T19:00:04.445593+00:00,QUALITY_PRICE_WAIT,质量通过，但价格超过20倍盈利或5%正常化Owner FCF收益率约束,UNCHANGED,NOT_ELIGIBLE,先满足质量与合理估值条件,UNCHANGED,474.05,2026-09-14T18:19:04+00:00,2026-06-30,2026-09-14T18:19:06.934930+00:00,WAIT_PRICE,209.34424364378145,33.606393307928535,0.0220803969669635,0.3178923094491698,,,,,,,,,,
ROL,MOS_Radar_V6.8.0,1,2026-09-14T19:00:04.445593+00:00,QUALITY_PRICE_WAIT,质量通过，但价格超过20倍盈利或5%正常化Owner FCF收益率约束,UNCHANGED,NOT_ELIGIBLE,先满足质量与合理估值条件,UNCHANGED,35.245,2026-09-14T18:19:12+00:00,2026-06-30,2026-09-14T18:19:17.026254+00:00,WAIT_PRICE,21.25962385789192,31.89290758611978,0.0301597728158489,0.3719341884461145,,,,,,,,,,
NTAP,MOS_Radar_V6.8.0,1,2026-09-14T19:00:04.445593+00:00,QUALITY_PRICE_WAIT,质量通过，但价格超过20倍盈利或5%正常化Owner FCF收益率约束,UNCHANGED,NOT_ELIGIBLE,先满足质量与合理估值条件,UNCHANGED,191.935,2026-09-14T18:19:30+00:00,2026-07-31,2026-09-14T18:19:58.973523+00:00,WAIT_PRICE,106.0997140530472,26.58651709812159,0.0276394909873257,0.948494983277592,,,,,,,,,,
CHD,MOS_Radar_V6.8.0,1,2026-09-14T19:00:04.445593+00:00,QUALITY_PRICE_WAIT,质量通过，但价格超过20倍盈利或5%正常化Owner FCF收益率约束,UNCHANGED,NOT_ELIGIBLE,先满足质量与合理估值条件,UNCHANGED,94.81,2026-09-14T18:19:50+00:00,2025-12-31,2026-09-14T18:20:19.387910+00:00,WAIT_PRICE,62.12376754595187,30.522939527088624,0.0374600334799314,0.1760152890587673,,,,,,,,,,
WST,MOS_Radar_V6.8.0,1,2026-09-14T19:00:04.445593+00:00,QUALITY_PRICE_WAIT,质量通过，但价格超过20倍盈利或5%正常化Owner FCF收益率约束,UNCHANGED,NOT_ELIGIBLE,先满足质量与合理估值条件,UNCHANGED,354.8,2026-09-14T18:20:10+00:00,2026-06-30,2026-09-14T18:20:45.001527+00:00,WAIT_PRICE,103.634168597184,44.201309078634935,0.0146045897121172,0.1889171292890107,,,,,,,,,,
MTD,MOS_Radar_V6.8.0,1,2026-09-14T19:00:04.445593+00:00,QUALITY_PRICE_WAIT,质量通过，但价格超过20倍盈利或5%正常化Owner FCF收益率约束,UNCHANGED,NOT_ELIGIBLE,先满足质量与合理估值条件,UNCHANGED,1284.9525,2026-09-14T18:19:49+00:00,2026-06-30,2026-09-14T18:20:56.166191+00:00,WAIT_PRICE,806.3742290186087,28.429454668673174,0.0313775890166604,70.62395695235125,,,,,,,,,,
VLTO,MOS_Radar_V6.8.0,1,2026-09-14T19:00:04.445593+00:00,QUALITY_PRICE_WAIT,质量通过，但价格超过20倍盈利或5%正常化Owner FCF收益率约束,UNCHANGED,NOT_ELIGIBLE,先满足质量与合理估值条件,UNCHANGED,95.92,2026-09-14T18:20:41+00:00,2026-06-30,2026-09-14T18:20:57.835523+00:00,WAIT_PRICE,68.5826776270589,23.66868128550714,0.0357499362109356,0.3190184049079754,,,,,,,,,,
FFIV,MOS_Radar_V6.8.0,1,2026-09-14T19:00:04.445593+00:00,QUALITY_PRICE_WAIT,质量通过，但价格超过20倍盈利或5%正常化Owner FCF收益率约束,UNCHANGED,NOT_ELIGIBLE,先满足质量与合理估值条件,UNCHANGED,412.88,2026-09-14T18:20:40+00:00,2026-06-30,2026-09-14T18:21:11.952251+00:00,WAIT_PRICE,153.65235545539215,32.181568293154825,0.0186073865839217,0.1884235121296128,,,,,,,,,,
SNA,MOS_Radar_V6.8.0,1,2026-09-14T19:00:04.445593+00:00,QUALITY_PRICE_WAIT,质量通过，但价格超过20倍盈利或5%正常化Owner FCF收益率约束,UNCHANGED,NOT_ELIGIBLE,先满足质量与合理估值条件,UNCHANGED,378.13,2026-09-14T18:18:07+00:00,2026-06-30,2026-09-14T18:22:13.956963+00:00,WAIT_PRICE,353.1706066646564,18.921909307046384,0.0466996279936339,0.1711055567510304,,,,,,,,,,
BR,MOS_Radar_V6.8.0,1,2026-09-14T19:00:04.445593+00:00,QUALITY_PRICE_WAIT,质量通过，但价格超过20倍盈利或5%正常化Owner FCF收益率约束,UNCHANGED,NOT_ELIGIBLE,先满足质量与合理估值条件,UNCHANGED,174.14,2026-09-14T18:19:53+00:00,2026-06-30,2026-09-14T18:23:07.664035+00:00,WAIT_PRICE,160.85631811171555,17.666078081738892,0.0461859188330411,0.3958318665070759,,,,,,,,,,
NBIX,MOS_Radar_V6.8.0,1,2026-09-14T19:00:04.445593+00:00,QUALITY_PRICE_WAIT,质量通过，但价格超过20倍盈利或5%正常化Owner FCF收益率约束,UNCHANGED,NOT_ELIGIBLE,先满足质量与合理估值条件,UNCHANGED,157.625,2026-09-14T18:23:34+00:00,2025-12-31,2026-09-14T18:23:43.213538+00:00,WAIT_PRICE,59.49875779127035,33.47775210013581,0.0188735155563109,0.1295754819146632,,,,,,,,,,
NDSN,MOS_Radar_V6.8.0,1,2026-09-14T19:00:04.445593+00:00,QUALITY_PRICE_WAIT,质量通过，但价格超过20倍盈利或5%正常化Owner FCF收益率约束,UNCHANGED,NOT_ELIGIBLE,先满足质量与合理估值条件,UNCHANGED,308.85,2026-09-14T18:23:05+00:00,2026-07-31,2026-09-14T18:23:58.778461+00:00,WAIT_PRICE,191.1997488362754,30.98600724283374,0.0309534966547313,0.1698280759080824,,,,,,,,,,
LOGI,MOS_Radar_V6.8.0,1,2026-09-14T19:00:04.445593+00:00,QUALITY_WATCH,通过质量门槛及合理估值初始规则；不等于厚安全边际或买入指令,ENTERED,TREND_WATCH,完整交易日趋势通过，需复核当前报价,ENTERED,100.72,2026-09-14T18:22:32+00:00,2026-06-30,2026-09-14T18:24:07.078678+00:00,WAIT_PRICE,102.55632995307724,18.00785019001915,0.0509116014461265,0.3405424482671378,2026-09-11T00:00:00+00:00,102.6999969482422,101.42580001831055,100.53855010986328,0.1177488860795175,0.1162074350345545,0.0015414510449629,^GSPC,7656.97998046875,379.0
MLI,MOS_Radar_V6.8.0,1,2026-09-14T19:00:04.445593+00:00,QUALITY_PRICE_WAIT,质量通过，但价格超过20倍盈利或5%正常化Owner FCF收益率约束,UNCHANGED,NOT_ELIGIBLE,先满足质量与合理估值条件,UNCHANGED,59.92,2026-09-14T18:23:42+00:00,2026-06-30,2026-09-14T18:24:08.786029+00:00,WAIT_PRICE,54.08541442115517,15.582673371637636,0.0451313538227262,0.2397316609118455,,,,,,,,,,
LECO,MOS_Radar_V6.8.0,1,2026-09-14T19:00:04.445593+00:00,QUALITY_PRICE_WAIT,质量通过，但价格超过20倍盈利或5%正常化Owner FCF收益率约束,UNCHANGED,NOT_ELIGIBLE,先满足质量与合理估值条件,UNCHANGED,250.635,2026-09-14T18:24:14+00:00,2026-06-30,2026-09-14T18:24:28.069091+00:00,WAIT_PRICE,165.92128420874687,24.67893673082685,0.0331001823785079,0.3561691695942555,,,,,,,,,,
RMBS,MOS_Radar_V6.8.0,1,2026-09-14T19:00:04.445593+00:00,QUALITY_PRICE_WAIT,质量通过，但价格超过20倍盈利或5%正常化Owner FCF收益率约束,UNCHANGED,NOT_ELIGIBLE,先满足质量与合理估值条件,UNCHANGED,81.28,2026-09-14T18:24:26+00:00,2026-06-30,2026-09-14T18:24:46.622445+00:00,WAIT_PRICE,33.92122145986806,36.78137082543634,0.0208668931224582,0.1634190360540521,,,,,,,,,,
CSL,MOS_Radar_V6.8.0,1,2026-09-14T19:00:04.445593+00:00,QUALITY_WATCH,通过质量门槛及合理估值初始规则；不等于厚安全边际或买入指令,UNCHANGED,TREND_WAIT,长均线或相对强度未同时通过；若此前持有，应复核趋势理由,UNCHANGED,327.82,2026-09-14T18:24:21+00:00,2026-06-30,2026-09-14T18:24:58.865381+00:00,WAIT_PRICE,363.9510316658783,18.01451137530787,0.0640137035918937,0.4468835023497403,2026-09-11T00:00:00+00:00,335.239990234375,352.9668280029297,349.9933805847168,-0.0756854276070959,0.1162074350345545,-0.1918928626416505,^GSPC,7656.97998046875,379.0
DECK,MOS_Radar_V6.8.0,1,2026-09-14T19:00:04.445593+00:00,QUALITY_WATCH,通过质量门槛及合理估值初始规则；不等于厚安全边际或买入指令,UNCHANGED,TREND_WAIT,长均线或相对强度未同时通过；若此前持有，应复核趋势理由,UNCHANGED,78.98,2026-09-14T18:24:37+00:00,2026-06-30,2026-09-14T18:25:07.139849+00:00,WAIT_PRICE,121.48963644100924,10.59836380415972,0.0769116462655161,0.4409123414963491,2026-09-11T00:00:00+00:00,81.2699966430664,95.55820022583008,102.50439998626707,-0.2104580100285816,0.1162074350345545,-0.3266654450631362,^GSPC,7656.97998046875,379.0
GGG,MOS_Radar_V6.8.0,1,2026-09-14T19:00:04.445593+00:00,QUALITY_PRICE_WAIT,质量通过，但价格超过20倍盈利或5%正常化Owner FCF收益率约束,UNCHANGED,NOT_ELIGIBLE,先满足质量与合理估值条件,UNCHANGED,76.47,2026-09-14T18:24:15+00:00,2026-06-30,2026-09-14T18:26:04.202229+00:00,WAIT_PRICE,51.68791115652497,23.21184285353969,0.0337962018808192,0.211499400639318,,,,,,,,,,
RPM,MOS_Radar_V6.8.0,1,2026-09-14T19:00:04.445593+00:00,QUALITY_PRICE_WAIT,质量通过，但价格超过20倍盈利或5%正常化Owner FCF收益率约束,UNCHANGED,NOT_ELIGIBLE,先满足质量与合理估值条件,UNCHANGED,99.63,2026-09-14T18:25:55+00:00,2026-05-31,2026-09-14T18:26:27.158267+00:00,WAIT_PRICE,91.26932398300018,19.306757766486303,0.0458041372995082,0.1989063675343111,,,,,,,,,,
NYT,MOS_Radar_V6.8.0,1,2026-09-14T19:00:04.445593+00:00,QUALITY_PRICE_WAIT,质量通过，但价格超过20倍盈利或5%正常化Owner FCF收益率约束,UNCHANGED,NOT_ELIGIBLE,先满足质量与合理估值条件,UNCHANGED,70.16,2026-09-14T18:26:01+00:00,2026-06-30,2026-09-14T18:26:32.511419+00:00,WAIT_PRICE,35.70589445730624,28.80584734779643,0.0254460479313756,0.1918525486242976,,,,,,,,,,
MEDP,MOS_Radar_V6.8.0,1,2026-09-14T19:00:04.445593+00:00,QUALITY_PRICE_WAIT,质量通过，但价格超过20倍盈利或5%正常化Owner FCF收益率约束,UNCHANGED,NOT_ELIGIBLE,先满足质量与合理估值条件,UNCHANGED,592.62,2026-09-14T18:25:16+00:00,2026-06-30,2026-09-14T18:26:49.522411+00:00,WAIT_PRICE,340.32432251924337,33.6541299080623,0.0287135367114882,1.1328513049110198,,,,,,,,,,
PNR,MOS_Radar_V6.8.0,1,2026-09-14T19:00:04.445593+00:00,QUALITY_WATCH,通过质量门槛及合理估值初始规则；不等于厚安全边际或买入指令,UNCHANGED,TREND_WAIT,长均线或相对强度未同时通过；若此前持有，应复核趋势理由,UNCHANGED,56.07,2026-09-14T18:27:00+00:00,2026-06-30,2026-09-14T18:27:02.256780+00:00,WAIT_PRICE,66.69486251839287,13.737752458234487,0.0594746410900596,0.1737390979649534,2026-09-11T00:00:00+00:00,56.58000183105469,65.43270195007324,84.2938600730896,-0.328138933611536,0.1162074350345545,-0.4443463686460905,^GSPC,7656.97998046875,379.0
GDDY,MOS_Radar_V6.8.0,1,2026-09-14T19:00:04.445593+00:00,QUALITY_WATCH,通过质量门槛及合理估值初始规则；不等于厚安全边际或买入指令,UNCHANGED,TREND_WAIT,长均线或相对强度未同时通过；若此前持有，应复核趋势理由,UNCHANGED,103.92,2026-09-14T18:26:58+00:00,2026-06-30,2026-09-14T18:27:15.521843+00:00,WAIT_PRICE,140.0736038023723,14.458122781260164,0.0673949209980621,135.86567164179104,2026-09-11T00:00:00+00:00,98.06999969482422,94.2379997253418,95.57729984283448,-0.0444374732625798,0.1162074350345545,-0.1606449082971344,^GSPC,7656.97998046875,379.0
AIT,MOS_Radar_V6.8.0,1,2026-09-14T19:00:04.445593+00:00,QUALITY_PRICE_WAIT,质量通过，但价格超过20倍盈利或5%正常化Owner FCF收益率约束,UNCHANGED,NOT_ELIGIBLE,先满足质量与合理估值条件,UNCHANGED,317.44,2026-09-14T18:26:38+00:00,2026-06-30,2026-09-14T18:27:26.313393+00:00,WAIT_PRICE,211.7918598113565,28.130529445708607,0.0333593529188754,0.2226535370772322,,,,,,,,,,
ALLE,MOS_Radar_V6.8.0,1,2026-09-14T19:00:04.445593+00:00,QUALITY_PRICE_WAIT,质量通过，但价格超过20倍盈利或5%正常化Owner FCF收益率约束,UNCHANGED,NOT_ELIGIBLE,先满足质量与合理估值条件,UNCHANGED,154.98,2026-09-14T18:27:48+00:00,2025-12-31,2026-09-14T18:28:03.567670+00:00,WAIT_PRICE,121.8061120695166,20.470644192239288,0.0392973648436948,0.3038799207023506,,,,,,,,,,
WTS,MOS_Radar_V6.8.0,1,2026-09-14T19:00:04.445593+00:00,QUALITY_PRICE_WAIT,质量通过，但价格超过20倍盈利或5%正常化Owner FCF收益率约束,UNCHANGED,NOT_ELIGIBLE,先满足质量与合理估值条件,UNCHANGED,350.59,2026-09-14T18:27:37+00:00,2026-06-30,2026-09-14T18:29:21.876005+00:00,WAIT_PRICE,161.72878321170734,30.49443297875878,0.0230652304988315,0.1752991687220243,,,,,,,,,,
BSY,MOS_Radar_V6.8.0,1,2026-09-14T19:00:04.445593+00:00,QUALITY_PRICE_WAIT,质量通过，但价格超过20倍盈利或5%正常化Owner FCF收益率约束,UNCHANGED,NOT_ELIGIBLE,先满足质量与合理估值条件,UNCHANGED,32.12,2026-09-14T18:29:15+00:00,2026-06-30,2026-09-14T18:29:41.022598+00:00,WAIT_PRICE,19.195487229205785,33.46619923367162,0.0333331503288186,0.2412070460100396,,,,,,,,,,
JKHY,MOS_Radar_V6.8.0,1,2026-09-14T19:00:04.445593+00:00,QUALITY_PRICE_WAIT,质量通过，但价格超过20倍盈利或5%正常化Owner FCF收益率约束,UNCHANGED,NOT_ELIGIBLE,先满足质量与合理估值条件,UNCHANGED,164.75,2026-09-14T18:28:15+00:00,2026-06-30,2026-09-14T18:29:42.938439+00:00,WAIT_PRICE,93.32850662180472,22.97459533190791,0.028324281220578,0.2450231462867741,,,,,,,,,,
DCI,MOS_Radar_V6.8.0,1,2026-09-14T19:00:04.445593+00:00,QUALITY_PRICE_WAIT,质量通过，但价格超过20倍盈利或5%正常化Owner FCF收益率约束,UNCHANGED,NOT_ELIGIBLE,先满足质量与合理估值条件,UNCHANGED,88.645,2026-09-14T18:28:33+00:00,2025-07-31,2026-09-14T18:29:59.662907+00:00,WAIT_PRICE,54.06300704661554,27.997098555897228,0.0304941096771479,0.2164808588450421,,,,,,,,,,
AYI,MOS_Radar_V6.8.0,1,2026-09-14T19:00:04.445593+00:00,QUALITY_PRICE_WAIT,质量通过，但价格超过20倍盈利或5%正常化Owner FCF收益率约束,UNCHANGED,NOT_ELIGIBLE,先满足质量与合理估值条件,UNCHANGED,308.645,2026-09-14T18:29:43+00:00,2026-05-31,2026-09-14T18:31:14.188347+00:00,WAIT_PRICE,281.9891782995712,19.562685951584285,0.0456817992028983,0.1656321234438015,,,,,,,,,,
CRUS,MOS_Radar_V6.8.0,1,2026-09-14T19:00:04.445593+00:00,QUALITY_WATCH,通过质量门槛及合理估值初始规则；不等于厚安全边际或买入指令,UNCHANGED,TREND_WAIT,长均线或相对强度未同时通过；若此前持有，应复核趋势理由,UNCHANGED,117.21,2026-09-14T18:31:09+00:00,2026-06-30,2026-09-14T18:31:56.905960+00:00,WAIT_PRICE,139.740340809959,13.643283148364237,0.0596111000810336,0.1966816969838717,2026-09-11T00:00:00+00:00,118.79000091552734,126.76700012207031,139.97189990997313,-0.1421030558925097,0.1162074350345545,-0.2583104909270642,^GSPC,7656.97998046875,379.0
ZWS,MOS_Radar_V6.8.0,1,2026-09-14T19:00:04.445593+00:00,QUALITY_PRICE_WAIT,质量通过，但价格超过20倍盈利或5%正常化Owner FCF收益率约束,UNCHANGED,NOT_ELIGIBLE,先满足质量与合理估值条件,UNCHANGED,45.982,2026-09-14T18:32:04+00:00,2026-06-30,2026-09-14T18:32:13.269935+00:00,WAIT_PRICE,23.11531066167411,27.6231896055911,0.0251351731782807,0.1664155264902658,,,,,,,,,,
WFRD,MOS_Radar_V6.8.0,1,2026-09-14T19:00:04.445593+00:00,QUALITY_WATCH,通过质量门槛及合理估值初始规则；不等于厚安全边际或买入指令,UNCHANGED,TREND_WAIT,长均线或相对强度未同时通过；若此前持有，应复核趋势理由,UNCHANGED,83.92,2026-09-14T18:32:33+00:00,2026-06-30,2026-09-14T18:32:38.280039+00:00,WAIT_PRICE,102.36029637326082,16.396982614036684,0.0683185806561755,0.2046979865771812,2026-09-11T00:00:00+00:00,88.8499984741211,88.27877716064454,92.2904793548584,-0.0845619477450893,0.1162074350345545,-0.2007693827796438,^GSPC,7656.97998046875,379.0
MANH,MOS_Radar_V6.8.0,1,2026-09-14T19:00:04.445593+00:00,QUALITY_PRICE_WAIT,质量通过，但价格超过20倍盈利或5%正常化Owner FCF收益率约束,UNCHANGED,NOT_ELIGIBLE,先满足质量与合理估值条件,UNCHANGED,212.12,2026-09-14T18:32:10+00:00,2026-06-30,2026-09-14T18:32:45.628620+00:00,WAIT_PRICE,63.41406158483026,58.828301817258726,0.0149476856460565,1.33475337604043,,,,,,,,,,
AOS,MOS_Radar_V6.8.0,1,2026-09-14T19:00:04.445593+00:00,QUALITY_WATCH,通过质量门槛及合理估值初始规则；不等于厚安全边际或买入指令,UNCHANGED,TREND_WAIT,长均线或相对强度未同时通过；若此前持有，应复核趋势理由,UNCHANGED,57.585,2026-09-14T18:32:31+00:00,2026-06-30,2026-09-14T18:32:52.654878+00:00,WAIT_PRICE,69.43270716283806,15.643204181045345,0.0602871469678198,0.2716216949888702,2026-09-11T00:00:00+00:00,57.38999938964844,60.82761138916016,64.4553305053711,-0.2130357190306669,0.1162074350345545,-0.3292431540652215,^GSPC,7656.97998046875,379.0
QGEN,MOS_Radar_V6.8.0,1,2026-09-14T19:00:04.445593+00:00,QUALITY_PRICE_WAIT,质量通过，但价格超过20倍盈利或5%正常化Owner FCF收益率约束,UNCHANGED,NOT_ELIGIBLE,先满足质量与合理估值条件,UNCHANGED,42.06,2026-09-14T18:33:27+00:00,2026-06-30,2026-09-14T18:34:16.964110+00:00,WAIT_PRICE,35.6759231916759,21.218764923867447,0.0424107503467378,0.1219022318583332,,,,,,,,,,
IDCC,MOS_Radar_V6.8.0,1,2026-09-14T19:00:04.445593+00:00,QUALITY_PRICE_WAIT,质量通过，但价格超过20倍盈利或5%正常化Owner FCF收益率约束,UNCHANGED,NOT_ELIGIBLE,先满足质量与合理估值条件,UNCHANGED,344.25,2026-09-14T18:32:43+00:00,2026-06-30,2026-09-14T18:34:30.164574+00:00,WAIT_PRICE,184.4781720783072,29.39924848101266,0.0267942152619182,0.2513581701075306,,,,,,,,,,
AWI,MOS_Radar_V6.8.0,1,2026-09-14T19:00:04.445593+00:00,QUALITY_PRICE_WAIT,质量通过，但价格超过20倍盈利或5%正常化Owner FCF收益率约束,UNCHANGED,NOT_ELIGIBLE,先满足质量与合理估值条件,UNCHANGED,160.375,2026-09-14T18:33:17+00:00,2026-06-30,2026-09-14T18:34:50.362131+00:00,WAIT_PRICE,72.65250080531764,21.49667212099588,0.0226508186454614,0.3565532059255908,,,,,,,,,,
DOX,MOS_Radar_V6.8.0,1,2026-09-14T19:00:04.445593+00:00,QUALITY_WATCH,通过质量门槛及合理估值初始规则；不等于厚安全边际或买入指令,UNCHANGED,TREND_WAIT,长均线或相对强度未同时通过；若此前持有，应复核趋势理由,UNCHANGED,63.52,2026-09-14T18:34:23+00:00,2026-06-30,2026-09-14T18:35:06.005996+00:00,WAIT_PRICE,86.5875586347247,14.671853786284307,0.0796720260498796,0.1375475655968603,2026-09-11T00:00:00+00:00,61.41999816894531,56.94779991149903,65.10918497085571,-0.2009575137337682,0.1162074350345545,-0.3171649487683228,^GSPC,7656.97998046875,379.0
PAYC,MOS_Radar_V6.8.0,1,2026-09-14T19:00:04.445593+00:00,QUALITY_PRICE_WAIT,质量通过，但价格超过20倍盈利或5%正常化Owner FCF收益率约束,UNCHANGED,NOT_ELIGIBLE,先满足质量与合理估值条件,UNCHANGED,223.12,2026-09-14T18:35:02+00:00,2026-06-30,2026-09-14T18:35:16.997431+00:00,WAIT_PRICE,98.81375280563329,20.61407199672724,0.0221436340995054,0.8531933508311461,,,,,,,,,,
LNTH,MOS_Radar_V6.8.0,1,2026-09-14T19:00:04.445593+00:00,QUALITY_PRICE_WAIT,质量通过，但价格超过20倍盈利或5%正常化Owner FCF收益率约束,UNCHANGED,NOT_ELIGIBLE,先满足质量与合理估值条件,UNCHANGED,100.28,2026-09-14T18:33:21+00:00,2026-06-30,2026-09-14T18:36:05.611974+00:00,WAIT_PRICE,83.78101897740011,23.7855156473302,0.0417735435667132,0.2098716398658919,,,,,,,,,,
PCTY,MOS_Radar_V6.8.0,1,2026-09-14T19:00:04.445593+00:00,QUALITY_PRICE_WAIT,质量通过，但价格超过20倍盈利或5%正常化Owner FCF收益率约束,UNCHANGED,NOT_ELIGIBLE,先满足质量与合理估值条件,UNCHANGED,148.14,2026-09-14T18:37:03+00:00,2026-06-30,2026-09-14T18:37:18.666090+00:00,WAIT_PRICE,64.79292372178116,30.406646398609315,0.0218688145409008,0.2208426769891036,,,,,,,,,,
BCPC,MOS_Radar_V6.8.0,1,2026-09-14T19:00:04.445593+00:00,QUALITY_PRICE_WAIT,质量通过，但价格超过20倍盈利或5%正常化Owner FCF收益率约束,UNCHANGED,NOT_ELIGIBLE,先满足质量与合理估值条件,UNCHANGED,165.45,2026-09-14T18:36:10+00:00,2025-12-31,2026-09-14T18:39:15.257188+00:00,WAIT_PRICE,76.83303317911562,34.0612772589751,0.0232194116588442,0.1204910685105469,,,,,,,,,,
G,MOS_Radar_V6.8.0,1,2026-09-14T19:00:04.445593+00:00,QUALITY_WATCH,通过质量门槛及合理估值初始规则；不等于厚安全边际或买入指令,UNCHANGED,TREND_WAIT,长均线或相对强度未同时通过；若此前持有，应复核趋势理由,UNCHANGED,36.53,2026-09-14T18:39:29+00:00,2026-06-30,2026-09-14T18:39:41.723427+00:00,WAIT_PRICE,52.188241977388266,10.53506314654988,0.0714320311762773,0.2236849934946946,2026-09-11T00:00:00+00:00,35.13999938964844,33.74760437011719,36.98959405899048,-0.1232708064074739,0.1162074350345545,-0.2394782414420284,^GSPC,7656.97998046875,379.0
LAUR,MOS_Radar_V6.8.0,1,2026-09-14T19:00:04.445593+00:00,QUALITY_PRICE_WAIT,质量通过，但价格超过20倍盈利或5%正常化Owner FCF收益率约束,UNCHANGED,NOT_ELIGIBLE,先满足质量与合理估值条件,UNCHANGED,35.9,2026-09-14T18:39:45+00:00,2026-06-30,2026-09-14T18:41:17.607626+00:00,WAIT_PRICE,25.653040056269536,15.379168016957887,0.0357284680449436,0.2817216321967579,,,,,,,,,,
EXLS,MOS_Radar_V6.8.0,1,2026-09-14T19:00:04.445593+00:00,QUALITY_PRICE_WAIT,质量通过，但价格超过20倍盈利或5%正常化Owner FCF收益率约束,UNCHANGED,NOT_ELIGIBLE,先满足质量与合理估值条件,UNCHANGED,36.49,2026-09-14T18:42:17+00:00,2026-06-30,2026-09-14T18:42:44.578813+00:00,WAIT_PRICE,17.813570078878943,22.129449889745743,0.0244088381459015,0.2886017994971382,,,,,,,,,,
LOPE,MOS_Radar_V6.8.0,1,2026-09-14T19:00:04.445593+00:00,QUALITY_WATCH,通过质量门槛及合理估值初始规则；不等于厚安全边际或买入指令,UNCHANGED,TREND_WAIT,长均线或相对强度未同时通过；若此前持有，应复核趋势理由,UNCHANGED,153.72,2026-09-14T18:41:49+00:00,2026-06-30,2026-09-14T18:42:49.768379+00:00,WAIT_PRICE,157.41278124477546,17.870697124330626,0.0512011388383995,0.3348812338594403,2026-09-11T00:00:00+00:00,151.1999969482422,147.85640075683594,158.9558497619629,-0.1626289262039423,0.1162074350345545,-0.2788363612384968,^GSPC,7656.97998046875,379.0
CVSA,MOS_Radar_V6.8.0,1,2026-09-14T19:00:04.445593+00:00,QUALITY_WATCH,通过质量门槛及合理估值初始规则；不等于厚安全边际或买入指令,UNCHANGED,TREND_WATCH,完整交易日趋势通过，需复核当前报价,UNCHANGED,125.21,2026-09-14T18:41:51+00:00,2026-06-30,2026-09-14T18:42:51.529531+00:00,WAIT_PRICE,142.48848918569757,16.94187855686591,0.056899804003553,0.1739514654072611,2026-09-11T00:00:00+00:00,125.08999633789062,128.03660034179688,115.2160499572754,0.271519296679352,0.1162074350345545,0.1553118616447975,^GSPC,7656.97998046875,379.0
CAAP,MOS_Radar_V6.8.0,1,2026-09-14T19:00:04.445593+00:00,QUALITY_WATCH,通过质量门槛及合理估值初始规则；不等于厚安全边际或买入指令,UNCHANGED,TREND_WAIT,长均线或相对强度未同时通过；若此前持有，应复核趋势理由,UNCHANGED,24.44,2026-09-14T18:42:52+00:00,2025-12-31,2026-09-14T18:43:54.673643+00:00,WAIT_PRICE,30.32647686156492,16.1179289711524,0.092200072500373,0.1372534027456886,2026-09-11T00:00:00+00:00,24.59000015258789,23.98821849822998,24.957525339126587,-0.1528250487360009,0.1162074350345545,-0.2690324837705554,^GSPC,7656.97998046875,379.0
LRN,MOS_Radar_V6.8.0,1,2026-09-14T19:00:04.445593+00:00,QUALITY_WATCH,通过质量门槛及合理估值初始规则；不等于厚安全边际或买入指令,UNCHANGED,TREND_WAIT,长均线或相对强度未同时通过；若此前持有，应复核趋势理由,UNCHANGED,82.615,2026-09-14T18:41:48+00:00,2026-06-30,2026-09-14T18:44:33.770333+00:00,WAIT_PRICE,114.62422738053552,10.152417874738587,0.0693725276163744,0.2071837233792942,2026-09-11T00:00:00+00:00,82.0,85.40259963989257,83.35424991607665,-0.1080468074737759,0.1162074350345545,-0.2242542425083304,^GSPC,7656.97998046875,379.0
KTB,MOS_Radar_V6.8.0,1,2026-09-14T19:00:04.445593+00:00,QUALITY_WATCH,通过质量门槛及合理估值初始规则；不等于厚安全边际或买入指令,UNCHANGED,TREND_WAIT,长均线或相对强度未同时通过；若此前持有，应复核趋势理由,UNCHANGED,67.025,2026-09-14T18:46:08+00:00,2026-06-30,2026-09-14T18:46:11.121813+00:00,WAIT_PRICE,95.7698663115059,13.671462345936083,0.0714433915042938,0.4331817946661838,2026-09-11T00:00:00+00:00,66.62000274658203,80.28763763427735,71.0578364944458,0.2343317462911733,0.1162074350345545,0.1181243112566188,^GSPC,7656.97998046875,379.0
BRC,MOS_Radar_V6.8.0,1,2026-09-14T19:00:04.445593+00:00,QUALITY_PRICE_WAIT,质量通过，但价格超过20倍盈利或5%正常化Owner FCF收益率约束,UNCHANGED,NOT_ELIGIBLE,先满足质量与合理估值条件,UNCHANGED,86.7,2026-09-14T18:46:09+00:00,2026-07-31,2026-09-14T18:46:25.163866+00:00,WAIT_PRICE,68.14002140461068,19.8696343403356,0.0392964367961999,0.1507422865401359,,,,,,,,,,
BMI,MOS_Radar_V6.8.0,1,2026-09-14T19:00:04.445593+00:00,QUALITY_PRICE_WAIT,质量通过，但价格超过20倍盈利或5%正常化Owner FCF收益率约束,UNCHANGED,NOT_ELIGIBLE,先满足质量与合理估值条件,UNCHANGED,127.98,2026-09-14T18:46:16+00:00,2026-06-30,2026-09-14T18:46:33.339503+00:00,WAIT_PRICE,79.8386226448282,29.51098010744764,0.0311918356949633,0.1840835871602624,,,,,,,,,,
FIZZ,MOS_Radar_V6.8.0,1,2026-09-14T19:00:04.445593+00:00,QUALITY_WATCH,通过质量门槛及合理估值初始规则；不等于厚安全边际或买入指令,UNCHANGED,TREND_WAIT,长均线或相对强度未同时通过；若此前持有，应复核趋势理由,UNCHANGED,32.28,2026-09-14T18:47:12+00:00,2026-07-31,2026-09-14T18:47:28.415064+00:00,WAIT_PRICE,33.713346556856415,17.278673891793268,0.0522201774424665,0.4756338675507134,2026-09-11T00:00:00+00:00,31.3700008392334,31.43118576049805,31.26305407524109,-0.0322103049381523,0.1162074350345545,-0.1484177399727069,^GSPC,7656.97998046875,379.0
QLYS,MOS_Radar_V6.8.0,1,2026-09-14T19:00:04.445593+00:00,QUALITY_PRICE_WAIT,质量通过，但价格超过20倍盈利或5%正常化Owner FCF收益率约束,UNCHANGED,NOT_ELIGIBLE,先满足质量与合理估值条件,UNCHANGED,173.7,2026-09-14T18:47:36+00:00,2026-06-30,2026-09-14T18:47:42.268055+00:00,WAIT_PRICE,96.87469177644569,29.09380842883084,0.0278856337871173,0.3673702427684389,,,,,,,,,,
PRDO,MOS_Radar_V6.8.0,1,2026-09-14T19:00:04.445593+00:00,QUALITY_WATCH,通过质量门槛及合理估值初始规则；不等于厚安全边际或买入指令,UNCHANGED,TREND_WAIT,长均线或相对强度未同时通过；若此前持有，应复核趋势理由,UNCHANGED,32.88,2026-09-14T18:54:51+00:00,2026-06-30,2026-09-14T18:55:08.866754+00:00,WAIT_PRICE,46.02853084779627,11.616608148371194,0.0699947245252376,0.1713939011562701,2026-09-11T00:00:00+00:00,33.02000045776367,32.77750766754151,32.5486759185791,0.0114523155743955,0.1162074350345545,-0.104755119460159,^GSPC,7656.97998046875,379.0
MCRI,MOS_Radar_V6.8.0,1,2026-09-14T19:00:04.445593+00:00,QUALITY_PRICE_WAIT,质量通过，但价格超过20倍盈利或5%正常化Owner FCF收益率约束,UNCHANGED,NOT_ELIGIBLE,先满足质量与合理估值条件,UNCHANGED,122.53,2026-09-14T18:53:12+00:00,2026-06-30,2026-09-14T18:55:26.622355+00:00,WAIT_PRICE,116.36895394224982,19.15685851835759,0.0474859030205867,0.1987537471674101,,,,,,,,,,
MD,MOS_Radar_V6.8.0,1,2026-09-14T19:00:04.445593+00:00,QUALITY_WATCH,通过质量门槛及合理估值初始规则；不等于厚安全边际或买入指令,UNCHANGED,TREND_WATCH,完整交易日趋势通过，需复核当前报价,UNCHANGED,26.95,2026-09-14T18:56:53+00:00,2026-06-30,2026-09-14T18:57:13.979208+00:00,WAIT_PRICE,38.15544745556784,12.526891041733842,0.0707893273758216,0.198422887317149,2026-09-11T00:00:00+00:00,26.770000457763672,26.41839992523193,23.060199966430662,0.2565196684812856,0.1162074350345545,0.140312233446731,^GSPC,7656.97998046875,379.0
EPAC,MOS_Radar_V6.8.0,1,2026-09-14T19:00:04.445593+00:00,QUALITY_PRICE_WAIT,质量通过，但价格超过20倍盈利或5%正常化Owner FCF收益率约束,UNCHANGED,NOT_ELIGIBLE,先满足质量与合理估值条件,UNCHANGED,34.55,2026-09-14T18:56:42+00:00,2026-05-31,2026-09-14T18:58:23.743084+00:00,WAIT_PRICE,22.21787888103248,18.933170773967213,0.0321532255876012,0.2200750893808899,,,,,,,,,,
CTS,MOS_Radar_V6.8.0,1,2026-09-14T19:00:04.445593+00:00,QUALITY_PRICE_WAIT,质量通过，但价格超过20倍盈利或5%正常化Owner FCF收益率约束,UNCHANGED,NOT_ELIGIBLE,先满足质量与合理估值条件,UNCHANGED,56.81,2026-09-14T18:56:28+00:00,2026-06-30,2026-09-14T18:59:14.941732+00:00,WAIT_PRICE,48.87485767139726,23.24712652135112,0.0460926081095744,0.1218264186517462,,,,,,,,,,
TILE,MOS_Radar_V6.8.0,1,2026-09-14T19:00:04.445593+00:00,QUALITY_PRICE_WAIT,质量通过，但价格超过20倍盈利或5%正常化Owner FCF收益率约束,UNCHANGED,NOT_ELIGIBLE,先满足质量与合理估值条件,UNCHANGED,34.41,2026-09-14T18:59:18+00:00,2026-06-30,2026-09-14T18:59:42.965504+00:00,WAIT_PRICE,28.6176789481436,13.664533329992166,0.0415833753968956,0.2145644306531144,,,,,,,,,,
AAPL,MOS_Radar_V6.8.0,1,2026-09-15T18:12:17.749298+00:00,QUALITY_PRICE_WAIT,质量通过，但价格超过20倍盈利或5%正常化Owner FCF收益率约束,UNCHANGED,NOT_ELIGIBLE,先满足质量与合理估值条件,UNCHANGED,329.79,2026-09-15T17:10:30+00:00,2026-06-30,2026-09-15T17:10:32.801583+00:00,WAIT_PRICE,124.14720249591912,37.330448669092746,0.0188221599344915,1.199125744047619,,,,,,,,,,
JNJ,MOS_Radar_V6.8.0,1,2026-09-15T18:12:17.749298+00:00,QUALITY_PRICE_WAIT,质量通过，但价格超过20倍盈利或5%正常化Owner FCF收益率约束,UNCHANGED,NOT_ELIGIBLE,先满足质量与合理估值条件,UNCHANGED,264.875,2026-09-15T17:11:05+00:00,2026-06-30,2026-09-15T17:11:13.304113+00:00,WAIT_PRICE,140.05776028094013,30.34281936019276,0.026438463479177,0.247578585635099,,,,,,,,,,
NFLX,MOS_Radar_V6.8.0,1,2026-09-15T18:12:17.749298+00:00,QUALITY_PRICE_WAIT,质量通过，但价格超过20倍盈利或5%正常化Owner FCF收益率约束,UNCHANGED,NOT_ELIGIBLE,先满足质量与合理估值条件,UNCHANGED,78.36,2026-09-15T17:11:22+00:00,2026-06-30,2026-09-15T17:11:32.102127+00:00,WAIT_PRICE,28.06392579684349,23.904386324038907,0.0179070481092671,0.4526936342508297,,,,,,,,,,
NVS,MOS_Radar_V6.8.0,1,2026-09-15T18:12:17.749298+00:00,QUALITY_PRICE_WAIT,质量通过，但价格超过20倍盈利或5%正常化Owner FCF收益率约束,UNCHANGED,NOT_ELIGIBLE,先满足质量与合理估值条件,UNCHANGED,139.015,2026-09-15T17:11:50+00:00,2026-06-30,2026-09-15T17:11:57.419311+00:00,WAIT_PRICE,128.7804966444601,20.71238318746537,0.0463189212115455,0.3070868037167204,,,,,,,,,,
KLAC,MOS_Radar_V6.8.0,1,2026-09-15T18:12:17.749298+00:00,QUALITY_PRICE_WAIT,质量通过，但价格超过20倍盈利或5%正常化Owner FCF收益率约束,UNCHANGED,NOT_ELIGIBLE,先满足质量与合理估值条件,UNCHANGED,166.345,2026-09-15T17:12:08+00:00,2026-06-30,2026-09-15T17:12:10.848032+00:00,WAIT_PRICE,49.41544278695767,44.99429255026431,0.014853299704517,0.7607729037988479,,,,,,,,,,
QCOM,MOS_Radar_V6.8.0,1,2026-09-15T18:12:17.749298+00:00,QUALITY_PRICE_WAIT,质量通过，但价格超过20倍盈利或5%正常化Owner FCF收益率约束,UNCHANGED,NOT_ELIGIBLE,先满足质量与合理估值条件,UNCHANGED,188.165,2026-09-15T17:12:20+00:00,2026-06-30,2026-09-15T17:12:23.847970+00:00,WAIT_PRICE,134.33696580470288,21.70553994659669,0.0356965869860768,0.3347675175356135,,,,,,,,,,
ADI,MOS_Radar_V6.8.0,1,2026-09-15T18:12:17.749298+00:00,QUALITY_PRICE_WAIT,质量通过，但价格超过20倍盈利或5%正常化Owner FCF收益率约束,UNCHANGED,NOT_ELIGIBLE,先满足质量与合理估值条件,UNCHANGED,360.415,2026-09-15T17:12:31+00:00,2026-07-31,2026-09-15T17:12:34.849622+00:00,WAIT_PRICE,138.58180835880148,42.23567043914566,0.0192253108720227,0.1232457063666584,,,,,,,,,,
TJX,MOS_Radar_V6.8.0,1,2026-09-15T18:12:17.749298+00:00,QUALITY_PRICE_WAIT,质量通过，但价格超过20倍盈利或5%正常化Owner FCF收益率约束,UNCHANGED,NOT_ELIGIBLE,先满足质量与合理估值条件,UNCHANGED,124.81,2026-09-15T17:13:14+00:00,2026-07-31,2026-09-15T17:13:17.652183+00:00,WAIT_PRICE,69.99256094821683,22.628607197614382,0.0280396446391382,0.5696178762557507,,,,,,,,,,
LMT,MOS_Radar_V6.8.0,1,2026-09-15T18:12:17.749298+00:00,QUALITY_PRICE_WAIT,质量通过，但价格超过20倍盈利或5%正常化Owner FCF收益率约束,UNCHANGED,NOT_ELIGIBLE,先满足质量与合理估值条件,UNCHANGED,535.1015,2026-09-15T17:13:34+00:00,2026-06-30,2026-09-15T17:14:38.948727+00:00,WAIT_PRICE,507.7615321349873,19.643149109989167,0.0474453474840742,0.7170392335766423,,,,,,,,,,
SYK,MOS_Radar_V6.8.0,1,2026-09-15T18:12:17.749298+00:00,QUALITY_PRICE_WAIT,质量通过，但价格超过20倍盈利或5%正常化Owner FCF收益率约束,UNCHANGED,NOT_ELIGIBLE,先满足质量与合理估值条件,UNCHANGED,282.09,2026-09-15T17:14:38+00:00,2026-06-30,2026-09-15T17:14:41.229499+00:00,WAIT_PRICE,157.68835014861787,29.016390222969576,0.0279500071162781,0.1554527263631815,,,,,,,,,,
BMY,MOS_Radar_V6.8.0,1,2026-09-15T18:12:17.749298+00:00,QUALITY_WATCH,通过质量门槛及合理估值初始规则；不等于厚安全边际或买入指令,UNCHANGED,TREND_WAIT,长均线或相对强度未同时通过；若此前持有，应复核趋势理由,UNCHANGED,63.825,2026-09-15T17:14:39+00:00,2026-06-30,2026-09-15T17:14:50.794405+00:00,WAIT_PRICE,90.87906489320798,14.046139245600903,0.0835044633593168,0.4158788476186209,2026-09-14T00:00:00+00:00,64.0999984741211,63.54640007019043,57.77999614715576,0.10218450608212,0.1235357918409727,-0.0213512857588527,^GSPC,7619.97998046875,377.0
ACN,MOS_Radar_V6.8.0,1,2026-09-15T18:12:17.749298+00:00,QUALITY_WATCH,通过质量门槛及合理估值初始规则；不等于厚安全边际或买入指令,UNCHANGED,TREND_WAIT,长均线或相对强度未同时通过；若此前持有，应复核趋势理由,UNCHANGED,197.24,2026-09-15T17:14:47+00:00,2026-05-31,2026-09-15T17:15:00.464934+00:00,WAIT_PRICE,242.5049341833506,15.494647960635769,0.0614745827883164,0.2442650908108686,2026-09-14T00:00:00+00:00,195.0,166.9062777709961,198.54176601409912,-0.2094428878507793,0.1235357918409727,-0.3329786796917521,^GSPC,7619.97998046875,377.0
PH,MOS_Radar_V6.8.0,1,2026-09-15T18:12:17.749298+00:00,QUALITY_PRICE_WAIT,质量通过，但价格超过20倍盈利或5%正常化Owner FCF收益率约束,UNCHANGED,NOT_ELIGIBLE,先满足质量与合理估值条件,UNCHANGED,923.9294,2026-09-15T17:14:34+00:00,2026-06-30,2026-09-15T17:15:08.777826+00:00,WAIT_PRICE,483.66699982152943,31.924057065981664,0.0261744566100791,0.2368216047779797,,,,,,,,,,
INTU,MOS_Radar_V6.8.0,1,2026-09-15T18:12:17.749298+00:00,QUALITY_PRICE_WAIT,质量通过，但价格超过20倍盈利或5%正常化Owner FCF收益率约束,UNCHANGED,NOT_ELIGIBLE,先满足质量与合理估值条件,UNCHANGED,336.56,2026-09-15T17:15:06+00:00,2026-07-31,2026-09-15T17:15:11.097759+00:00,WAIT_PRICE,307.6681307773798,19.69797361094357,0.0457077684183176,0.2404170176916596,,,,,,,,,,
TT,MOS_Radar_V6.8.0,1,2026-09-15T18:12:17.749298+00:00,QUALITY_PRICE_WAIT,质量通过，但价格超过20倍盈利或5%正常化Owner FCF收益率约束,UNCHANGED,NOT_ELIGIBLE,先满足质量与合理估值条件,UNCHANGED,420.795,2026-09-15T17:14:54+00:00,2026-06-30,2026-09-15T17:15:21.130013+00:00,WAIT_PRICE,195.3771380560148,31.395271522593347,0.0232152399691078,0.3419963121455658,,,,,,,,,,
ADBE,MOS_Radar_V6.8.0,1,2026-09-15T18:12:17.749298+00:00,QUALITY_WATCH,通过质量门槛及合理估值初始规则；不等于厚安全边际或买入指令,UNCHANGED,TREND_WAIT,长均线或相对强度未同时通过；若此前持有，应复核趋势理由,UNCHANGED,263.49,2026-09-15T17:15:20+00:00,2025-11-30,2026-09-15T17:15:24.986648+00:00,WAIT_PRICE,316.1006406463298,14.68965934336102,0.0599834226434266,0.6190310817850321,2026-09-14T00:00:00+00:00,265.6000061035156,253.5257986450196,266.33914993286135,0.0518353802396904,0.1235357918409727,-0.0717004116012822,^GSPC,7619.97998046875,377.0
CDNS,MOS_Radar_V6.8.0,1,2026-09-15T18:12:17.749298+00:00,QUALITY_PRICE_WAIT,质量通过，但价格超过20倍盈利或5%正常化Owner FCF收益率约束,UNCHANGED,NOT_ELIGIBLE,先满足质量与合理估值条件,UNCHANGED,274.975,2026-09-15T17:15:30+00:00,2026-06-30,2026-09-15T17:15:41.252999+00:00,WAIT_PRICE,65.84820455670081,54.95393438278068,0.0119734893275208,0.200933425858378,,,,,,,,,,
FTNT,MOS_Radar_V6.8.0,1,2026-09-15T18:12:17.749298+00:00,QUALITY_PRICE_WAIT,质量通过，但价格超过20倍盈利或5%正常化Owner FCF收益率约束,UNCHANGED,NOT_ELIGIBLE,先满足质量与合理估值条件,UNCHANGED,172.535,2026-09-15T17:15:59+00:00,2026-06-30,2026-09-15T17:16:03.890624+00:00,WAIT_PRICE,42.81029691197844,59.69316160102544,0.0124062645005298,1.367223260911611,,,,,,,,,,
ADP,MOS_Radar_V6.8.0,1,2026-09-15T18:12:17.749298+00:00,QUALITY_PRICE_WAIT,质量通过，但价格超过20倍盈利或5%正常化Owner FCF收益率约束,UNCHANGED,NOT_ELIGIBLE,先满足质量与合理估值条件,UNCHANGED,277.47,2026-09-15T17:15:28+00:00,2026-06-30,2026-09-15T17:16:19.912851+00:00,WAIT_PRICE,194.1586574244064,24.9758671591811,0.0349873242917083,0.7317615068311447,,,,,,,,,,
MNST,MOS_Radar_V6.8.0,1,2026-09-15T18:12:17.749298+00:00,QUALITY_PRICE_WAIT,质量通过，但价格超过20倍盈利或5%正常化Owner FCF收益率约束,UNCHANGED,NOT_ELIGIBLE,先满足质量与合理估值条件,UNCHANGED,44.665,2026-09-15T17:16:21+00:00,2026-06-30,2026-09-15T17:16:25.252142+00:00,WAIT_PRICE,13.70996159622839,41.12529143740592,0.0153475446056513,0.2272144780283267,,,,,,,,,,
ITW,MOS_Radar_V6.8.0,1,2026-09-15T18:12:17.749298+00:00,QUALITY_PRICE_WAIT,质量通过，但价格超过20倍盈利或5%正常化Owner FCF收益率约束,UNCHANGED,NOT_ELIGIBLE,先满足质量与合理估值条件,UNCHANGED,267.99,2026-09-15T17:17:18+00:00,2026-06-30,2026-09-15T17:17:28.747970+00:00,WAIT_PRICE,180.9866638985717,23.89591396955229,0.0337674286164729,1.103662750518314,,,,,,,,,,
CL,MOS_Radar_V6.8.0,1,2026-09-15T18:12:17.749298+00:00,QUALITY_PRICE_WAIT,质量通过，但价格超过20倍盈利或5%正常化Owner FCF收益率约束,UNCHANGED,NOT_ELIGIBLE,先满足质量与合理估值条件,UNCHANGED,87.07,2026-09-15T17:17:27+00:00,2026-06-30,2026-09-15T17:17:35.692006+00:00,WAIT_PRICE,51.10560553587504,34.0745399988965,0.041575518457844,8.63135593220339,,,,,,,,,,
ROST,MOS_Radar_V6.8.0,1,2026-09-15T18:12:17.749298+00:00,QUALITY_PRICE_WAIT,质量通过，但价格超过20倍盈利或5%正常化Owner FCF收益率约束,UNCHANGED,NOT_ELIGIBLE,先满足质量与合理估值条件,UNCHANGED,227.18,2026-09-15T17:17:04+00:00,2026-07-31,2026-09-15T17:17:49.541494+00:00,WAIT_PRICE,94.4175374358182,27.29283029023966,0.0207803366132181,0.3943334484125007,,,,,,,,,,
CTAS,MOS_Radar_V6.8.0,1,2026-09-15T18:12:17.749298+00:00,QUALITY_PRICE_WAIT,质量通过，但价格超过20倍盈利或5%正常化Owner FCF收益率约束,UNCHANGED,NOT_ELIGIBLE,先满足质量与合理估值条件,UNCHANGED,199.92,2026-09-15T17:17:43+00:00,2026-05-31,2026-09-15T17:18:01.403527+00:00,WAIT_PRICE,75.90949746979383,40.13115448191039,0.0189849683547903,0.3878511336922388,,,,,,,,,,
TEL,MOS_Radar_V6.8.0,1,2026-09-15T18:12:17.749298+00:00,QUALITY_PRICE_WAIT,质量通过，但价格超过20倍盈利或5%正常化Owner FCF收益率约束,UNCHANGED,NOT_ELIGIBLE,先满足质量与合理估值条件,UNCHANGED,202.785,2026-09-15T17:18:15+00:00,2026-06-30,2026-09-15T17:18:24.601150+00:00,WAIT_PRICE,165.48466357050106,19.46582924410116,0.0408029843357499,0.2276913785293673,,,,,,,,,,
AME,MOS_Radar_V6.8.0,1,2026-09-15T18:12:17.749298+00:00,QUALITY_PRICE_WAIT,质量通过，但价格超过20倍盈利或5%正常化Owner FCF收益率约束,UNCHANGED,NOT_ELIGIBLE,先满足质量与合理估值条件,UNCHANGED,233.865,2026-09-15T17:18:16+00:00,2026-06-30,2026-09-15T17:19:11.959616+00:00,WAIT_PRICE,126.3514661884753,34.01459273311655,0.0270137613983441,0.1399789694534908,,,,,,,,,,
ADSK,MOS_Radar_V6.8.0,1,2026-09-15T18:12:17.749298+00:00,QUALITY_PRICE_WAIT,质量通过，但价格超过20倍盈利或5%正常化Owner FCF收益率约束,UNCHANGED,NOT_ELIGIBLE,先满足质量与合理估值条件,UNCHANGED,229.495,2026-09-15T17:18:20+00:00,2026-07-31,2026-09-15T17:19:35.552803+00:00,WAIT_PRICE,94.38596692046816,29.21099511540328,0.0205638394998732,0.485368016553355,,,,,,,,,,
ROK,MOS_Radar_V6.8.0,1,2026-09-15T18:12:17.749298+00:00,QUALITY_PRICE_WAIT,质量通过，但价格超过20倍盈利或5%正常化Owner FCF收益率约束,UNCHANGED,NOT_ELIGIBLE,先满足质量与合理估值条件,UNCHANGED,416.965,2026-09-15T17:18:55+00:00,2026-06-30,2026-09-15T17:19:37.479724+00:00,WAIT_PRICE,159.88034072494264,38.55404727865746,0.0191719137967146,0.3437321121923297,,,,,,,,,,
GRMN,MOS_Radar_V6.8.0,1,2026-09-15T18:12:17.749298+00:00,QUALITY_PRICE_WAIT,质量通过，但价格超过20倍盈利或5%正常化Owner FCF收益率约束,UNCHANGED,NOT_ELIGIBLE,先满足质量与合理估值条件,UNCHANGED,278.8175,2026-09-15T17:20:04+00:00,2026-06-30,2026-09-15T17:20:09.701616+00:00,WAIT_PRICE,99.74302159621818,28.64264355920957,0.017886793618804,0.2079179640122347,,,,,,,,,,
IDXX,MOS_Radar_V6.8.0,1,2026-09-15T18:12:17.749298+00:00,QUALITY_PRICE_WAIT,质量通过，但价格超过20倍盈利或5%正常化Owner FCF收益率约束,UNCHANGED,NOT_ELIGIBLE,先满足质量与合理估值条件,UNCHANGED,511.535,2026-09-15T17:19:49+00:00,2026-06-30,2026-09-15T17:20:26.006232+00:00,WAIT_PRICE,175.73157888354388,35.36093212475086,0.0171768871028907,0.7067305396648218,,,,,,,,,,
EME,MOS_Radar_V6.8.0,1,2026-09-15T18:12:17.749298+00:00,QUALITY_PRICE_WAIT,质量通过，但价格超过20倍盈利或5%正常化Owner FCF收益率约束,UNCHANGED,NOT_ELIGIBLE,先满足质量与合理估值条件,UNCHANGED,738.28,2026-09-15T17:19:51+00:00,2026-06-30,2026-09-15T17:20:38.079447+00:00,WAIT_PRICE,422.3218333854254,22.628133257475728,0.0286017387295758,0.3528293241302143,,,,,,,,,,
KVUE,MOS_Radar_V6.8.0,1,2026-09-15T18:12:17.749298+00:00,QUALITY_PRICE_WAIT,质量通过，但价格超过20倍盈利或5%正常化Owner FCF收益率约束,UNCHANGED,NOT_ELIGIBLE,先满足质量与合理估值条件,UNCHANGED,17.755,2026-09-15T17:22:17+00:00,2026-06-30,2026-09-15T17:22:20.714886+00:00,WAIT_PRICE,17.263879440806743,20.56895735501071,0.0506108915017608,0.1571117217852743,,,,,,,,,,
A,MOS_Radar_V6.8.0,1,2026-09-15T18:12:17.749298+00:00,QUALITY_PRICE_WAIT,质量通过，但价格超过20倍盈利或5%正常化Owner FCF收益率约束,UNCHANGED,NOT_ELIGIBLE,先满足质量与合理估值条件,UNCHANGED,150.485,2026-09-15T17:22:33+00:00,2026-07-31,2026-09-15T17:22:42.142644+00:00,WAIT_PRICE,80.27568898288668,29.466406625974496,0.0266723224849276,0.1955724568789895,,,,,,,,,,
RMD,MOS_Radar_V6.8.0,1,2026-09-15T18:12:17.749298+00:00,QUALITY_PRICE_WAIT,质量通过，但价格超过20倍盈利或5%正常化Owner FCF收益率约束,UNCHANGED,NOT_ELIGIBLE,先满足质量与合理估值条件,UNCHANGED,232.42,2026-09-15T17:23:01+00:00,2026-06-30,2026-09-15T17:23:30.834891+00:00,WAIT_PRICE,165.61156525434933,22.00963353497071,0.035627649353401,0.2313139094356252,,,,,,,,,,
DOV,MOS_Radar_V6.8.0,1,2026-09-15T18:12:17.749298+00:00,QUALITY_PRICE_WAIT,质量通过，但价格超过20倍盈利或5%正常化Owner FCF收益率约束,UNCHANGED,NOT_ELIGIBLE,先满足质量与合理估值条件,UNCHANGED,188.96,2026-09-15T17:22:59+00:00,2026-06-30,2026-09-15T17:23:54.852240+00:00,WAIT_PRICE,122.38466645237628,22.427121586450887,0.032383749590489,0.1472935372307698,,,,,,,,,,
EXPE,MOS_Radar_V6.8.0,1,2026-09-15T18:12:17.749298+00:00,QUALITY_WATCH,通过质量门槛及合理估值初始规则；不等于厚安全边际或买入指令,UNCHANGED,TREND_WATCH,完整交易日趋势通过，需复核当前报价,UNCHANGED,292.465,2026-09-15T17:24:21+00:00,2026-06-30,2026-09-15T17:24:40.160369+00:00,WAIT_PRICE,334.04965850876937,17.240793865555514,0.0571093393241532,1.684036393713813,2026-09-14T00:00:00+00:00,287.8599853515625,295.91419189453126,258.73583305358886,0.4114761097615447,0.1235357918409727,0.2879403179205719,^GSPC,7619.97998046875,377.0
TPR,MOS_Radar_V6.8.0,1,2026-09-15T18:12:17.749298+00:00,QUALITY_PRICE_WAIT,质量通过，但价格超过20倍盈利或5%正常化Owner FCF收益率约束,UNCHANGED,NOT_ELIGIBLE,先满足质量与合理估值条件,UNCHANGED,117.01,2026-09-15T17:24:27+00:00,2026-06-30,2026-09-15T17:24:42.533843+00:00,WAIT_PRICE,112.54189744959054,15.27055464161812,0.0480907176521624,2.2073399797717093,,,,,,,,,,
STRL,MOS_Radar_V6.8.0,1,2026-09-15T18:12:17.749298+00:00,QUALITY_PRICE_WAIT,质量通过，但价格超过20倍盈利或5%正常化Owner FCF收益率约束,UNCHANGED,NOT_ELIGIBLE,先满足质量与合理估值条件,UNCHANGED,464.94,2026-09-15T17:24:23+00:00,2026-06-30,2026-09-15T17:24:44.687847+00:00,WAIT_PRICE,209.3442371537901,32.96056742745666,0.0225130379354099,0.3178923094491698,,,,,,,,,,
ROL,MOS_Radar_V6.8.0,1,2026-09-15T18:12:17.749298+00:00,QUALITY_PRICE_WAIT,质量通过，但价格超过20倍盈利或5%正常化Owner FCF收益率约束,UNCHANGED,NOT_ELIGIBLE,先满足质量与合理估值条件,UNCHANGED,33.995,2026-09-15T17:24:54+00:00,2026-06-30,2026-09-15T17:24:58.036307+00:00,WAIT_PRICE,21.25962388158225,30.761792940331425,0.0312687511127846,0.3719341884461145,,,,,,,,,,
NTAP,MOS_Radar_V6.8.0,1,2026-09-15T18:12:17.749298+00:00,QUALITY_PRICE_WAIT,质量通过，但价格超过20倍盈利或5%正常化Owner FCF收益率约束,UNCHANGED,NOT_ELIGIBLE,先满足质量与合理估值条件,UNCHANGED,190.43,2026-09-15T17:25:50+00:00,2026-07-31,2026-09-15T17:25:52.994786+00:00,WAIT_PRICE,106.09971678421432,26.378046321251222,0.0278579312041732,0.948494983277592,,,,,,,,,,
CHD,MOS_Radar_V6.8.0,1,2026-09-15T18:12:17.749298+00:00,QUALITY_PRICE_WAIT,质量通过，但价格超过20倍盈利或5%正常化Owner FCF收益率约束,UNCHANGED,NOT_ELIGIBLE,先满足质量与合理估值条件,UNCHANGED,94.33,2026-09-15T17:25:33+00:00,2025-12-31,2026-09-15T17:26:19.645081+00:00,WAIT_PRICE,62.1237647403386,30.3684106699828,0.0376506478727525,0.1760152890587673,,,,,,,,,,
WST,MOS_Radar_V6.8.0,1,2026-09-15T18:12:17.749298+00:00,QUALITY_PRICE_WAIT,质量通过，但价格超过20倍盈利或5%正常化Owner FCF收益率约束,UNCHANGED,NOT_ELIGIBLE,先满足质量与合理估值条件,UNCHANGED,367.01,2026-09-15T17:25:32+00:00,2026-06-30,2026-09-15T17:26:53.323731+00:00,WAIT_PRICE,103.63416227404964,45.722444855520095,0.0141187109716424,0.1889171292890107,,,,,,,,,,
MTD,MOS_Radar_V6.8.0,1,2026-09-15T18:12:17.749298+00:00,QUALITY_PRICE_WAIT,质量通过，但价格超过20倍盈利或5%正常化Owner FCF收益率约束,UNCHANGED,NOT_ELIGIBLE,先满足质量与合理估值条件,UNCHANGED,1325.61,2026-09-15T17:26:56+00:00,2026-06-30,2026-09-15T17:27:07.681448+00:00,WAIT_PRICE,806.374247121969,29.328997419958142,0.0304152143964653,70.62395695235125,,,,,,,,,,
VLTO,MOS_Radar_V6.8.0,1,2026-09-15T18:12:17.749298+00:00,QUALITY_PRICE_WAIT,质量通过，但价格超过20倍盈利或5%正常化Owner FCF收益率约束,UNCHANGED,NOT_ELIGIBLE,先满足质量与合理估值条件,UNCHANGED,96.13,2026-09-15T17:26:43+00:00,2026-06-30,2026-09-15T17:27:10.025153+00:00,WAIT_PRICE,68.5826782773698,23.72049948291658,0.0356718393203837,0.3190184049079754,,,,,,,,,,
FFIV,MOS_Radar_V6.8.0,1,2026-09-15T18:12:17.749298+00:00,QUALITY_PRICE_WAIT,质量通过，但价格超过20倍盈利或5%正常化Owner FCF收益率约束,UNCHANGED,NOT_ELIGIBLE,先满足质量与合理估值条件,UNCHANGED,425.0,2026-09-15T17:27:06+00:00,2026-06-30,2026-09-15T17:27:27.144409+00:00,WAIT_PRICE,153.65235727251977,33.12625063660514,0.018076747914414,0.1884235121296128,,,,,,,,,,
SNA,MOS_Radar_V6.8.0,1,2026-09-15T18:12:17.749298+00:00,QUALITY_PRICE_WAIT,质量通过，但价格超过20倍盈利或5%正常化Owner FCF收益率约束,UNCHANGED,NOT_ELIGIBLE,先满足质量与合理估值条件,UNCHANGED,377.015,2026-09-15T17:28:45+00:00,2026-06-30,2026-09-15T17:28:48.613655+00:00,WAIT_PRICE,353.17059750317327,18.86611435869357,0.0468377382203855,0.1711055567510304,,,,,,,,,,
BR,MOS_Radar_V6.8.0,1,2026-09-15T18:12:17.749298+00:00,QUALITY_PRICE_WAIT,质量通过，但价格超过20倍盈利或5%正常化Owner FCF收益率约束,UNCHANGED,NOT_ELIGIBLE,先满足质量与合理估值条件,UNCHANGED,171.2075,2026-09-15T17:29:51+00:00,2026-06-30,2026-09-15T17:29:57.529413+00:00,WAIT_PRICE,160.92098058404213,17.36160393831259,0.0469958911216045,0.3958318665070759,,,,,,,,,,
NBIX,MOS_Radar_V6.8.0,1,2026-09-15T18:12:17.749298+00:00,QUALITY_PRICE_WAIT,质量通过，但价格超过20倍盈利或5%正常化Owner FCF收益率约束,UNCHANGED,NOT_ELIGIBLE,先满足质量与合理估值条件,UNCHANGED,150.76,2026-09-15T17:30:34+00:00,2025-12-31,2026-09-15T17:30:45.636540+00:00,WAIT_PRICE,59.49875995919586,32.01970323690843,0.0197329397582899,0.1295754819146632,,,,,,,,,,
NDSN,MOS_Radar_V6.8.0,1,2026-09-15T18:12:17.749298+00:00,QUALITY_PRICE_WAIT,质量通过，但价格超过20倍盈利或5%正常化Owner FCF收益率约束,UNCHANGED,NOT_ELIGIBLE,先满足质量与合理估值条件,UNCHANGED,309.22,2026-09-15T17:30:15+00:00,2026-07-31,2026-09-15T17:31:06.634353+00:00,WAIT_PRICE,191.19975185998203,31.02312775814674,0.0309164594560478,0.1698280759080824,,,,,,,,,,
LOGI,MOS_Radar_V6.8.0,1,2026-09-15T18:12:17.749298+00:00,QUALITY_WATCH,通过质量门槛及合理估值初始规则；不等于厚安全边际或买入指令,UNCHANGED,TREND_WAIT,长均线或相对强度未同时通过；若此前持有，应复核趋势理由,EXIT_REVIEW,101.03,2026-09-15T17:30:16+00:00,2026-06-30,2026-09-15T17:31:17.314527+00:00,WAIT_PRICE,102.55633243518145,18.06327502646445,0.0507553857444231,0.3405424482671378,2026-09-14T00:00:00+00:00,100.36000061035156,101.55300003051758,100.47985012054444,0.1201242940541329,0.1235357918409727,-0.0034114977868398,^GSPC,7619.97998046875,377.0
MLI,MOS_Radar_V6.8.0,1,2026-09-15T18:12:17.749298+00:00,QUALITY_PRICE_WAIT,质量通过，但价格超过20倍盈利或5%正常化Owner FCF收益率约束,UNCHANGED,NOT_ELIGIBLE,先满足质量与合理估值条件,UNCHANGED,60.345,2026-09-15T17:31:12+00:00,2026-06-30,2026-09-15T17:31:19.586192+00:00,WAIT_PRICE,54.08541167431606,15.693198804546002,0.0448134987772939,0.2397316609118455,,,,,,,,,,
LECO,MOS_Radar_V6.8.0,1,2026-09-15T18:12:17.749298+00:00,QUALITY_PRICE_WAIT,质量通过，但价格超过20倍盈利或5%正常化Owner FCF收益率约束,UNCHANGED,NOT_ELIGIBLE,先满足质量与合理估值条件,UNCHANGED,252.66,2026-09-15T17:31:11+00:00,2026-06-30,2026-09-15T17:31:46.215843+00:00,WAIT_PRICE,165.92127816735285,24.87833056615568,0.0328348923785626,0.3561691695942555,,,,,,,,,,
RMBS,MOS_Radar_V6.8.0,1,2026-09-15T18:12:17.749298+00:00,QUALITY_PRICE_WAIT,质量通过，但价格超过20倍盈利或5%正常化Owner FCF收益率约束,UNCHANGED,NOT_ELIGIBLE,先满足质量与合理估值条件,UNCHANGED,82.045,2026-09-15T17:31:29+00:00,2026-06-30,2026-09-15T17:32:11.878711+00:00,WAIT_PRICE,33.921221707465655,37.12755348604754,0.0206723272030383,0.1634190360540521,,,,,,,,,,
CSL,MOS_Radar_V6.8.0,1,2026-09-15T18:12:17.749298+00:00,QUALITY_WATCH,通过质量门槛及合理估值初始规则；不等于厚安全边际或买入指令,UNCHANGED,TREND_WAIT,长均线或相对强度未同时通过；若此前持有，应复核趋势理由,UNCHANGED,323.94,2026-09-15T17:31:13+00:00,2026-06-30,2026-09-15T17:32:28.922929+00:00,WAIT_PRICE,363.9510370543903,17.801295615024674,0.0647804303951028,0.4468835023497403,2026-09-14T00:00:00+00:00,327.9200134277344,352.2163555908203,350.1220100402832,-0.0971236175624657,0.1235357918409727,-0.2206594094034385,^GSPC,7619.97998046875,377.0
DECK,MOS_Radar_V6.8.0,1,2026-09-15T18:12:17.749298+00:00,QUALITY_WATCH,通过质量门槛及合理估值初始规则；不等于厚安全边际或买入指令,UNCHANGED,TREND_WAIT,长均线或相对强度未同时通过；若此前持有，应复核趋势理由,UNCHANGED,77.95,2026-09-15T17:32:11+00:00,2026-06-30,2026-09-15T17:32:40.091857+00:00,WAIT_PRICE,121.48964636109856,10.460146759642852,0.0779279322393191,0.4409123414963491,2026-09-14T00:00:00+00:00,80.54000091552734,95.0752001953125,102.49145000457764,-0.1912274396834066,0.1235357918409727,-0.3147632315243793,^GSPC,7619.97998046875,377.0
GGG,MOS_Radar_V6.8.0,1,2026-09-15T18:12:17.749298+00:00,QUALITY_PRICE_WAIT,质量通过，但价格超过20倍盈利或5%正常化Owner FCF收益率约束,UNCHANGED,NOT_ELIGIBLE,先满足质量与合理估值条件,UNCHANGED,76.71,2026-09-15T17:33:48+00:00,2026-06-30,2026-09-15T17:33:55.246788+00:00,WAIT_PRICE,51.6879125985184,23.284692240359043,0.0336904657792454,0.211499400639318,,,,,,,,,,
RPM,MOS_Radar_V6.8.0,1,2026-09-15T18:12:17.749298+00:00,QUALITY_PRICE_WAIT,质量通过，但价格超过20倍盈利或5%正常化Owner FCF收益率约束,UNCHANGED,NOT_ELIGIBLE,先满足质量与合理估值条件,UNCHANGED,100.08,2026-09-15T17:32:54+00:00,2026-05-31,2026-09-15T17:34:23.522322+00:00,WAIT_PRICE,91.26931979704852,19.393961717241645,0.0455981813534415,0.1989063675343111,,,,,,,,,,
NYT,MOS_Radar_V6.8.0,1,2026-09-15T18:12:17.749298+00:00,QUALITY_PRICE_WAIT,质量通过，但价格超过20倍盈利或5%正常化Owner FCF收益率约束,UNCHANGED,NOT_ELIGIBLE,先满足质量与合理估值条件,UNCHANGED,72.7,2026-09-15T17:34:05+00:00,2026-06-30,2026-09-15T17:34:30.030988+00:00,WAIT_PRICE,35.70589781987162,29.8487016101357,0.0245570136312734,0.1918525486242976,,,,,,,,,,
MEDP,MOS_Radar_V6.8.0,1,2026-09-15T18:12:17.749298+00:00,QUALITY_PRICE_WAIT,质量通过，但价格超过20倍盈利或5%正常化Owner FCF收益率约束,UNCHANGED,NOT_ELIGIBLE,先满足质量与合理估值条件,UNCHANGED,615.9375,2026-09-15T17:34:35+00:00,2026-06-30,2026-09-15T17:34:52.523793+00:00,WAIT_PRICE,340.324319715187,34.97830112220244,0.027626530266073,1.1328513049110198,,,,,,,,,,
PNR,MOS_Radar_V6.8.0,1,2026-09-15T18:12:17.749298+00:00,QUALITY_WATCH,通过质量门槛及合理估值初始规则；不等于厚安全边际或买入指令,UNCHANGED,TREND_WAIT,长均线或相对强度未同时通过；若此前持有，应复核趋势理由,UNCHANGED,56.57,2026-09-15T17:35:02+00:00,2026-06-30,2026-09-15T17:35:09.436759+00:00,WAIT_PRICE,66.69486251518441,13.860257831277163,0.0589489681060495,0.1737390979649534,2026-09-14T00:00:00+00:00,56.18000030517578,65.02857643127442,84.05934148788452,-0.3298136920471517,0.1235357918409727,-0.4533494838881244,^GSPC,7619.97998046875,377.0
GDDY,MOS_Radar_V6.8.0,1,2026-09-15T18:12:17.749298+00:00,QUALITY_WATCH,通过质量门槛及合理估值初始规则；不等于厚安全边际或买入指令,UNCHANGED,TREND_WAIT,长均线或相对强度未同时通过；若此前持有，应复核趋势理由,UNCHANGED,104.195,2026-09-15T17:34:47+00:00,2026-06-30,2026-09-15T17:35:26.745165+00:00,WAIT_PRICE,140.07360174455687,14.496383038152464,0.0672170458009294,135.86567164179104,2026-09-14T00:00:00+00:00,104.47000122070312,94.55719970703124,95.4732498550415,0.1080485488588292,0.1235357918409727,-0.0154872429821435,^GSPC,7619.97998046875,377.0
AIT,MOS_Radar_V6.8.0,1,2026-09-15T18:12:17.749298+00:00,QUALITY_PRICE_WAIT,质量通过，但价格超过20倍盈利或5%正常化Owner FCF收益率约束,UNCHANGED,NOT_ELIGIBLE,先满足质量与合理估值条件,UNCHANGED,316.58,2026-09-15T17:35:11+00:00,2026-06-30,2026-09-15T17:35:41.553193+00:00,WAIT_PRICE,211.7918704233791,28.05431755828241,0.0334499763761733,0.2226535370772322,,,,,,,,,,
ALLE,MOS_Radar_V6.8.0,1,2026-09-15T18:12:17.749298+00:00,QUALITY_PRICE_WAIT,质量通过，但价格超过20倍盈利或5%正常化Owner FCF收益率约束,UNCHANGED,NOT_ELIGIBLE,先满足质量与合理估值条件,UNCHANGED,154.35,2026-09-15T17:36:25+00:00,2025-12-31,2026-09-15T17:36:27.742956+00:00,WAIT_PRICE,121.80610389496644,20.387431559682124,0.0394577596031637,0.3038799207023506,,,,,,,,,,
WTS,MOS_Radar_V6.8.0,1,2026-09-15T18:12:17.749298+00:00,QUALITY_PRICE_WAIT,质量通过，但价格超过20倍盈利或5%正常化Owner FCF收益率约束,UNCHANGED,NOT_ELIGIBLE,先满足质量与合理估值条件,UNCHANGED,349.555,2026-09-15T17:33:51+00:00,2026-06-30,2026-09-15T17:37:58.264119+00:00,WAIT_PRICE,161.72878491105928,30.40440802044096,0.023133524754482,0.1752991687220243,,,,,,,,,,
BSY,MOS_Radar_V6.8.0,1,2026-09-15T18:12:17.749298+00:00,QUALITY_PRICE_WAIT,质量通过，但价格超过20倍盈利或5%正常化Owner FCF收益率约束,UNCHANGED,NOT_ELIGIBLE,先满足质量与合理估值条件,UNCHANGED,31.725,2026-09-15T17:38:07+00:00,2026-06-30,2026-09-15T17:38:20.202598+00:00,WAIT_PRICE,19.195486360069427,33.05464566502941,0.0337481714762522,0.2412070460100396,,,,,,,,,,
JKHY,MOS_Radar_V6.8.0,1,2026-09-15T18:12:17.749298+00:00,QUALITY_PRICE_WAIT,质量通过，但价格超过20倍盈利或5%正常化Owner FCF收益率约束,UNCHANGED,NOT_ELIGIBLE,先满足质量与合理估值条件,UNCHANGED,164.56,2026-09-15T17:37:23+00:00,2026-06-30,2026-09-15T17:38:22.350200+00:00,WAIT_PRICE,93.32850800642314,22.94809925176598,0.0283569846883881,0.2450231462867741,,,,,,,,,,
DCI,MOS_Radar_V6.8.0,1,2026-09-15T18:12:17.749298+00:00,QUALITY_PRICE_WAIT,质量通过，但价格超过20倍盈利或5%正常化Owner FCF收益率约束,UNCHANGED,NOT_ELIGIBLE,先满足质量与合理估值条件,UNCHANGED,87.2799,2026-09-15T17:36:45+00:00,2025-07-31,2026-09-15T17:38:41.193416+00:00,WAIT_PRICE,54.06300524880415,27.56595457733437,0.0309710513238467,0.2164808588450421,,,,,,,,,,
AYI,MOS_Radar_V6.8.0,1,2026-09-15T18:12:17.749298+00:00,QUALITY_PRICE_WAIT,质量通过，但价格超过20倍盈利或5%正常化Owner FCF收益率约束,UNCHANGED,NOT_ELIGIBLE,先满足质量与合理估值条件,UNCHANGED,298.32,2026-09-15T17:39:46+00:00,2026-05-31,2026-09-15T17:40:16.119548+00:00,WAIT_PRICE,281.9891613387952,18.90826296907579,0.0472628656038474,0.1656321234438015,,,,,,,,,,
CRUS,MOS_Radar_V6.8.0,1,2026-09-15T18:12:17.749298+00:00,QUALITY_WATCH,通过质量门槛及合理估值初始规则；不等于厚安全边际或买入指令,UNCHANGED,TREND_WAIT,长均线或相对强度未同时通过；若此前持有，应复核趋势理由,UNCHANGED,124.1625,2026-09-15T17:41:08+00:00,2026-06-30,2026-09-15T17:41:12.108921+00:00,WAIT_PRICE,139.74034143576796,14.452556405788645,0.0562731667918123,0.1966816969838717,2026-09-14T00:00:00+00:00,116.33999633789062,126.16899993896484,139.9696998977661,-0.1413797456479267,0.1235357918409727,-0.2649155374888995,^GSPC,7619.97998046875,377.0
ZWS,MOS_Radar_V6.8.0,1,2026-09-15T18:12:17.749298+00:00,QUALITY_PRICE_WAIT,质量通过，但价格超过20倍盈利或5%正常化Owner FCF收益率约束,UNCHANGED,NOT_ELIGIBLE,先满足质量与合理估值条件,UNCHANGED,45.8,2026-09-15T17:39:35+00:00,2026-06-30,2026-09-15T17:41:32.946043+00:00,WAIT_PRICE,23.115310264324584,27.513855545294227,0.0252350548737167,0.1664155264902658,,,,,,,,,,
WFRD,MOS_Radar_V6.8.0,1,2026-09-15T18:12:17.749298+00:00,QUALITY_WATCH,通过质量门槛及合理估值初始规则；不等于厚安全边际或买入指令,UNCHANGED,TREND_WAIT,长均线或相对强度未同时通过；若此前持有，应复核趋势理由,UNCHANGED,85.45,2026-09-15T17:41:05+00:00,2026-06-30,2026-09-15T17:41:59.743974+00:00,WAIT_PRICE,102.36029779554788,16.695926416837096,0.0670953232104138,0.2046979865771812,2026-09-14T00:00:00+00:00,84.45999908447266,88.3129930114746,92.34617511749268,-0.1061108959601562,0.1235357918409727,-0.2296466878011289,^GSPC,7619.97998046875,377.0
MANH,MOS_Radar_V6.8.0,1,2026-09-15T18:12:17.749298+00:00,QUALITY_PRICE_WAIT,质量通过，但价格超过20倍盈利或5%正常化Owner FCF收益率约束,UNCHANGED,NOT_ELIGIBLE,先满足质量与合理估值条件,UNCHANGED,211.77,2026-09-15T17:40:50+00:00,2026-06-30,2026-09-15T17:42:07.236358+00:00,WAIT_PRICE,63.41405884571634,58.73123710143372,0.0149723895843878,1.33475337604043,,,,,,,,,,
AOS,MOS_Radar_V6.8.0,1,2026-09-15T18:12:17.749298+00:00,QUALITY_WATCH,通过质量门槛及合理估值初始规则；不等于厚安全边际或买入指令,UNCHANGED,TREND_WAIT,长均线或相对强度未同时通过；若此前持有，应复核趋势理由,UNCHANGED,57.13,2026-09-15T17:41:45+00:00,2026-06-30,2026-09-15T17:42:14.488113+00:00,WAIT_PRICE,69.43270476081808,15.519602080063995,0.0607672893058096,0.2716216949888702,2026-09-14T00:00:00+00:00,57.380001068115234,60.72836166381836,64.42701900482177,-0.2117183001444156,0.1235357918409727,-0.3352540919853883,^GSPC,7619.97998046875,377.0
QGEN,MOS_Radar_V6.8.0,1,2026-09-15T18:12:17.749298+00:00,QUALITY_PRICE_WAIT,质量通过，但价格超过20倍盈利或5%正常化Owner FCF收益率约束,UNCHANGED,NOT_ELIGIBLE,先满足质量与合理估值条件,UNCHANGED,42.83,2026-09-15T17:43:14+00:00,2026-06-30,2026-09-15T17:43:47.987046+00:00,WAIT_PRICE,35.675922831316115,21.60722089560056,0.0416482872184404,0.1219022318583332,,,,,,,,,,
IDCC,MOS_Radar_V6.8.0,1,2026-09-15T18:12:17.749298+00:00,QUALITY_PRICE_WAIT,质量通过，但价格超过20倍盈利或5%正常化Owner FCF收益率约束,UNCHANGED,NOT_ELIGIBLE,先满足质量与合理估值条件,UNCHANGED,328.81,2026-09-15T17:43:08+00:00,2026-06-30,2026-09-15T17:44:00.107266+00:00,WAIT_PRICE,184.4781734480532,28.08065888530505,0.0280523970451101,0.2513581701075306,,,,,,,,,,
AWI,MOS_Radar_V6.8.0,1,2026-09-15T18:12:17.749298+00:00,QUALITY_PRICE_WAIT,质量通过，但价格超过20倍盈利或5%正常化Owner FCF收益率约束,UNCHANGED,NOT_ELIGIBLE,先满足质量与合理估值条件,UNCHANGED,158.3875,2026-09-15T17:41:06+00:00,2026-06-30,2026-09-15T17:44:23.020866+00:00,WAIT_PRICE,72.65250220516197,21.23026712368884,0.0229350492321559,0.3565532059255908,,,,,,,,,,
DOX,MOS_Radar_V6.8.0,1,2026-09-15T18:12:17.749298+00:00,QUALITY_WATCH,通过质量门槛及合理估值初始规则；不等于厚安全边际或买入指令,UNCHANGED,TREND_WAIT,长均线或相对强度未同时通过；若此前持有，应复核趋势理由,UNCHANGED,63.11,2026-09-15T17:44:37+00:00,2026-06-30,2026-09-15T17:44:39.854014+00:00,WAIT_PRICE,86.58755842131868,14.577151995190505,0.0801896225988821,0.1375475655968603,2026-09-14T00:00:00+00:00,63.16999816894531,57.17619987487793,65.0580225944519,-0.1457276513420927,0.1235357918409727,-0.2692634431830655,^GSPC,7619.97998046875,377.0
PAYC,MOS_Radar_V6.8.0,1,2026-09-15T18:12:17.749298+00:00,QUALITY_PRICE_WAIT,质量通过，但价格超过20倍盈利或5%正常化Owner FCF收益率约束,UNCHANGED,NOT_ELIGIBLE,先满足质量与合理估值条件,UNCHANGED,230.15,2026-09-15T17:44:00+00:00,2026-06-30,2026-09-15T17:44:53.136476+00:00,WAIT_PRICE,98.76503699706409,21.27406242361499,0.0214566667384453,0.8531933508311461,,,,,,,,,,
LNTH,MOS_Radar_V6.8.0,1,2026-09-15T18:12:17.749298+00:00,QUALITY_PRICE_WAIT,质量通过，但价格超过20倍盈利或5%正常化Owner FCF收益率约束,UNCHANGED,NOT_ELIGIBLE,先满足质量与合理估值条件,UNCHANGED,100.65,2026-09-15T17:45:42+00:00,2026-06-30,2026-09-15T17:45:44.441006+00:00,WAIT_PRICE,83.78101668739725,23.873276977859835,0.0416199784835555,0.2098716398658919,,,,,,,,,,
PCTY,MOS_Radar_V6.8.0,1,2026-09-15T18:12:17.749298+00:00,QUALITY_PRICE_WAIT,质量通过，但价格超过20倍盈利或5%正常化Owner FCF收益率约束,UNCHANGED,NOT_ELIGIBLE,先满足质量与合理估值条件,UNCHANGED,147.52,2026-09-15T17:44:57+00:00,2026-06-30,2026-09-15T17:47:04.743548+00:00,WAIT_PRICE,64.79292157830112,30.279388585899333,0.021960724504576,0.2208426769891036,,,,,,,,,,
BCPC,MOS_Radar_V6.8.0,1,2026-09-15T18:12:17.749298+00:00,QUALITY_PRICE_WAIT,质量通过，但价格超过20倍盈利或5%正常化Owner FCF收益率约束,UNCHANGED,NOT_ELIGIBLE,先满足质量与合理估值条件,UNCHANGED,164.91,2026-09-15T17:36:57+00:00,2025-12-31,2026-09-15T17:49:15.370306+00:00,WAIT_PRICE,76.833030055706,33.95010855920953,0.0232954429857819,0.1204910685105469,,,,,,,,,,
G,MOS_Radar_V6.8.0,1,2026-09-15T18:12:17.749298+00:00,QUALITY_WATCH,通过质量门槛及合理估值初始规则；不等于厚安全边际或买入指令,UNCHANGED,TREND_WAIT,长均线或相对强度未同时通过；若此前持有，应复核趋势理由,UNCHANGED,36.295,2026-09-15T17:49:38+00:00,2026-06-30,2026-09-15T17:49:45.096931+00:00,WAIT_PRICE,52.18824286629869,10.467290183170132,0.0718945348757386,0.2236849934946946,2026-09-14T00:00:00+00:00,36.43000030517578,33.8973422241211,36.95486516952515,-0.0656348587287216,0.1235357918409727,-0.1891706505696944,^GSPC,7619.97998046875,377.0
LAUR,MOS_Radar_V6.8.0,1,2026-09-15T18:12:17.749298+00:00,QUALITY_PRICE_WAIT,质量通过，但价格超过20倍盈利或5%正常化Owner FCF收益率约束,UNCHANGED,NOT_ELIGIBLE,先满足质量与合理估值条件,UNCHANGED,35.875,2026-09-15T17:50:17+00:00,2026-06-30,2026-09-15T17:51:28.905399+00:00,WAIT_PRICE,25.65304114661585,15.368457636711948,0.0357533674517294,0.2817216321967579,,,,,,,,,,
EXLS,MOS_Radar_V6.8.0,1,2026-09-15T18:12:17.749298+00:00,QUALITY_PRICE_WAIT,质量通过，但价格超过20倍盈利或5%正常化Owner FCF收益率约束,UNCHANGED,NOT_ELIGIBLE,先满足质量与合理估值条件,UNCHANGED,36.615,2026-09-15T17:52:46+00:00,2026-06-30,2026-09-15T17:53:01.167446+00:00,WAIT_PRICE,17.813570081676254,22.20525644247196,0.0243255087828434,0.2886017994971382,,,,,,,,,,
LOPE,MOS_Radar_V6.8.0,1,2026-09-15T18:12:17.749298+00:00,QUALITY_WATCH,通过质量门槛及合理估值初始规则；不等于厚安全边际或买入指令,UNCHANGED,TREND_WAIT,长均线或相对强度未同时通过；若此前持有，应复核趋势理由,UNCHANGED,153.2,2026-09-15T17:52:19+00:00,2026-06-30,2026-09-15T17:53:06.591860+00:00,WAIT_PRICE,157.41278563048013,17.810244100763672,0.0513749300360574,0.3348812338594403,2026-09-14T00:00:00+00:00,153.47999572753906,147.87300079345704,158.94704971313476,-0.093455588963675,0.1235357918409727,-0.2169913808046477,^GSPC,7619.97998046875,377.0
CVSA,MOS_Radar_V6.8.0,1,2026-09-15T18:12:17.749298+00:00,QUALITY_WATCH,通过质量门槛及合理估值初始规则；不等于厚安全边际或买入指令,UNCHANGED,TREND_WATCH,完整交易日趋势通过，需复核当前报价,UNCHANGED,125.97,2026-09-15T17:42:20+00:00,2026-06-30,2026-09-15T17:53:08.233345+00:00,WAIT_PRICE,142.48848676305676,17.044712707405985,0.0565565161399764,0.1739514654072611,2026-09-14T00:00:00+00:00,125.48999786376952,127.94880020141602,115.39669994354249,0.3858358928989149,0.1235357918409727,0.2623001010579422,^GSPC,7619.97998046875,377.0
CAAP,MOS_Radar_V6.8.0,1,2026-09-15T18:12:17.749298+00:00,QUALITY_WATCH,通过质量门槛及合理估值初始规则；不等于厚安全边际或买入指令,UNCHANGED,TREND_WAIT,长均线或相对强度未同时通过；若此前持有，应复核趋势理由,UNCHANGED,23.8,2026-09-15T17:54:01+00:00,2025-12-31,2026-09-15T17:54:16.994940+00:00,WAIT_PRICE,30.32647849640663,15.695854698606071,0.0946794072850387,0.1372534027456886,2026-09-14T00:00:00+00:00,24.32999992370605,23.98922996520996,24.969470443725587,-0.1576805950507872,0.1235357918409727,-0.28121638689176,^GSPC,7619.97998046875,377.0
LRN,MOS_Radar_V6.8.0,1,2026-09-15T18:12:17.749298+00:00,QUALITY_WATCH,通过质量门槛及合理估值初始规则；不等于厚安全边际或买入指令,UNCHANGED,TREND_WAIT,长均线或相对强度未同时通过；若此前持有，应复核趋势理由,UNCHANGED,83.25,2026-09-15T17:52:49+00:00,2026-06-30,2026-09-15T17:55:02.329587+00:00,WAIT_PRICE,114.62422441662136,10.230452217231631,0.0688433780280008,0.2071837233792942,2026-09-14T00:00:00+00:00,82.69999694824219,85.2477995300293,83.45189990997315,-0.0256201759318598,0.1235357918409727,-0.1491559677728325,^GSPC,7619.97998046875,377.0
KTB,MOS_Radar_V6.8.0,1,2026-09-15T18:12:17.749298+00:00,QUALITY_WATCH,通过质量门槛及合理估值初始规则；不等于厚安全边际或买入指令,UNCHANGED,TREND_WAIT,长均线或相对强度未同时通过；若此前持有，应复核趋势理由,UNCHANGED,66.87,2026-09-15T17:55:27+00:00,2026-06-30,2026-09-15T17:56:47.254371+00:00,WAIT_PRICE,95.7698645581858,13.639846382839012,0.0716089909961012,0.4331817946661838,2026-09-14T00:00:00+00:00,67.41999816894531,79.9482810974121,71.05205818176269,0.2657700143996939,0.1235357918409727,0.1422342225587212,^GSPC,7619.97998046875,377.0
BRC,MOS_Radar_V6.8.0,1,2026-09-15T18:12:17.749298+00:00,QUALITY_PRICE_WAIT,质量通过，但价格超过20倍盈利或5%正常化Owner FCF收益率约束,UNCHANGED,NOT_ELIGIBLE,先满足质量与合理估值条件,UNCHANGED,84.8,2026-09-15T17:55:07+00:00,2026-07-31,2026-09-15T17:57:02.041962+00:00,WAIT_PRICE,68.14001655394335,19.43419967711928,0.0401768965530326,0.1507422865401359,,,,,,,,,,
BMI,MOS_Radar_V6.8.0,1,2026-09-15T18:12:17.749298+00:00,QUALITY_PRICE_WAIT,质量通过，但价格超过20倍盈利或5%正常化Owner FCF收益率约束,UNCHANGED,NOT_ELIGIBLE,先满足质量与合理估值条件,UNCHANGED,126.63,2026-09-15T17:55:21+00:00,2026-06-30,2026-09-15T17:57:11.182144+00:00,WAIT_PRICE,79.83862647069213,29.19968144968257,0.03152437276739,0.1840835871602624,,,,,,,,,,
FIZZ,MOS_Radar_V6.8.0,1,2026-09-15T18:12:17.749298+00:00,QUALITY_WATCH,通过质量门槛及合理估值初始规则；不等于厚安全边际或买入指令,UNCHANGED,TREND_WAIT,长均线或相对强度未同时通过；若此前持有，应复核趋势理由,UNCHANGED,31.3,2026-09-15T17:57:50+00:00,2026-07-31,2026-09-15T17:58:08.938262+00:00,WAIT_PRICE,33.71334610371465,16.754104711348678,0.0538551854691927,0.4756338675507134,2026-09-14T00:00:00+00:00,31.809999465942383,31.464843978881834,31.27101668357849,-0.0208814184095318,0.1235357918409727,-0.1444172102505045,^GSPC,7619.97998046875,377.0
QLYS,MOS_Radar_V6.8.0,1,2026-09-15T18:12:17.749298+00:00,QUALITY_PRICE_WAIT,质量通过，但价格超过20倍盈利或5%正常化Owner FCF收益率约束,UNCHANGED,NOT_ELIGIBLE,先满足质量与合理估值条件,UNCHANGED,184.44,2026-09-15T17:56:27+00:00,2026-06-30,2026-09-15T17:58:24.448214+00:00,WAIT_PRICE,96.8746887921251,30.89270116246636,0.0262618436326515,0.3673702427684389,,,,,,,,,,
PRDO,MOS_Radar_V6.8.0,1,2026-09-15T18:12:17.749298+00:00,QUALITY_WATCH,通过质量门槛及合理估值初始规则；不等于厚安全边际或买入指令,UNCHANGED,TREND_WAIT,长均线或相对强度未同时通过；若此前持有，应复核趋势理由,UNCHANGED,32.95,2026-09-15T18:05:31+00:00,2026-06-30,2026-09-15T18:06:41.926767+00:00,WAIT_PRICE,46.02853127727912,11.641339261475297,0.069846026217419,0.1713939011562701,2026-09-14T00:00:00+00:00,33.060001373291016,32.75362941741943,32.579593906402586,0.0558935649733387,0.1235357918409727,-0.0676422268676339,^GSPC,7619.97998046875,377.0
MCRI,MOS_Radar_V6.8.0,1,2026-09-15T18:12:17.749298+00:00,QUALITY_PRICE_WAIT,质量通过，但价格超过20倍盈利或5%正常化Owner FCF收益率约束,UNCHANGED,NOT_ELIGIBLE,先满足质量与合理估值条件,UNCHANGED,122.79,2026-09-15T18:02:11+00:00,2026-06-30,2026-09-15T18:07:00.266203+00:00,WAIT_PRICE,116.36895191527428,19.197508352584794,0.0473853538216769,0.1987537471674101,,,,,,,,,,
MD,MOS_Radar_V6.8.0,1,2026-09-15T18:12:17.749298+00:00,QUALITY_WATCH,通过质量门槛及合理估值初始规则；不等于厚安全边际或买入指令,UNCHANGED,TREND_WATCH,完整交易日趋势通过，需复核当前报价,UNCHANGED,26.83,2026-09-15T18:08:07+00:00,2026-06-30,2026-09-15T18:09:19.427332+00:00,WAIT_PRICE,38.155448644226304,12.471112288656382,0.0711059423112678,0.198422887317149,2026-09-14T00:00:00+00:00,26.90999984741211,26.42139991760254,23.0755999660492,0.2282255092030241,0.1235357918409727,0.1046897173620513,^GSPC,7619.97998046875,377.0
EPAC,MOS_Radar_V6.8.0,1,2026-09-15T18:12:17.749298+00:00,QUALITY_PRICE_WAIT,质量通过，但价格超过20倍盈利或5%正常化Owner FCF收益率约束,UNCHANGED,NOT_ELIGIBLE,先满足质量与合理估值条件,UNCHANGED,34.73,2026-09-15T18:07:45+00:00,2026-05-31,2026-09-15T18:10:34.009016+00:00,WAIT_PRICE,22.217878683259084,19.03180974914854,0.0319865803099036,0.2200750893808899,,,,,,,,,,
CTS,MOS_Radar_V6.8.0,1,2026-09-15T18:12:17.749298+00:00,QUALITY_PRICE_WAIT,质量通过，但价格超过20倍盈利或5%正常化Owner FCF收益率约束,UNCHANGED,NOT_ELIGIBLE,先满足质量与合理估值条件,UNCHANGED,56.575,2026-09-15T18:10:36+00:00,2026-06-30,2026-09-15T18:11:25.518143+00:00,WAIT_PRICE,48.87485819376931,23.150962311011806,0.0462840670736464,0.1218264186517462,,,,,,,,,,
TILE,MOS_Radar_V6.8.0,1,2026-09-15T18:12:17.749298+00:00,QUALITY_PRICE_WAIT,质量通过，但价格超过20倍盈利或5%正常化Owner FCF收益率约束,UNCHANGED,NOT_ELIGIBLE,先满足质量与合理估值条件,UNCHANGED,34.5,2026-09-15T18:11:20+00:00,2026-06-30,2026-09-15T18:11:55.663650+00:00,WAIT_PRICE,28.617678821241217,13.700273233804868,0.0414748968423785,0.2145644306531144,,,,,,,,,,
AAPL,MOS_Radar_V6.8.0,1,2026-09-16T18:10:03.344510+00:00,QUALITY_PRICE_WAIT,质量通过，但价格超过20倍盈利或5%正常化Owner FCF收益率约束,UNCHANGED,NOT_ELIGIBLE,先满足质量与合理估值条件,UNCHANGED,332.78,2026-09-16T17:11:00+00:00,2026-06-30,2026-09-16T17:11:03.186706+00:00,WAIT_PRICE,124.14720616799345,37.66889942282509,0.0186530449798655,1.199125744047619,,,,,,,,,,
JNJ,MOS_Radar_V6.8.0,1,2026-09-16T18:10:03.344510+00:00,QUALITY_PRICE_WAIT,质量通过，但价格超过20倍盈利或5%正常化Owner FCF收益率约束,UNCHANGED,NOT_ELIGIBLE,先满足质量与合理估值条件,UNCHANGED,267.605,2026-09-16T17:11:40+00:00,2026-06-30,2026-09-16T17:11:44.313283+00:00,WAIT_PRICE,140.05775453097118,30.655556425636817,0.0261687476936102,0.247578585635099,,,,,,,,,,
NFLX,MOS_Radar_V6.8.0,1,2026-09-16T18:10:03.344510+00:00,QUALITY_PRICE_WAIT,质量通过，但价格超过20倍盈利或5%正常化Owner FCF收益率约束,UNCHANGED,NOT_ELIGIBLE,先满足质量与合理估值条件,UNCHANGED,77.265,2026-09-16T17:11:53+00:00,2026-06-30,2026-09-16T17:12:00.805006+00:00,WAIT_PRICE,28.063926237125173,23.570346865117266,0.0181608271773281,0.4526936342508297,,,,,,,,,,
NVS,MOS_Radar_V6.8.0,1,2026-09-16T18:10:03.344510+00:00,QUALITY_PRICE_WAIT,质量通过，但价格超过20倍盈利或5%正常化Owner FCF收益率约束,UNCHANGED,NOT_ELIGIBLE,先满足质量与合理估值条件,UNCHANGED,139.34,2026-09-16T17:11:57+00:00,2026-06-30,2026-09-16T17:12:26.865343+00:00,WAIT_PRICE,128.78049946363004,20.760805741551646,0.0462108868464296,0.3070868037167204,,,,,,,,,,
KLAC,MOS_Radar_V6.8.0,1,2026-09-16T18:10:03.344510+00:00,QUALITY_PRICE_WAIT,质量通过，但价格超过20倍盈利或5%正常化Owner FCF收益率约束,UNCHANGED,NOT_ELIGIBLE,先满足质量与合理估值条件,UNCHANGED,169.82,2026-09-16T17:12:35+00:00,2026-06-30,2026-09-16T17:12:40.122094+00:00,WAIT_PRICE,49.41989682673787,45.93009775427037,0.0145506703647208,0.7607729037988479,,,,,,,,,,
QCOM,MOS_Radar_V6.8.0,1,2026-09-16T18:10:03.344510+00:00,QUALITY_PRICE_WAIT,质量通过，但价格超过20倍盈利或5%正常化Owner FCF收益率约束,UNCHANGED,NOT_ELIGIBLE,先满足质量与合理估值条件,UNCHANGED,187.68,2026-09-16T17:12:44+00:00,2026-06-30,2026-09-16T17:12:52.692269+00:00,WAIT_PRICE,134.33696625396496,21.649593301377184,0.0357888337206854,0.3347675175356135,,,,,,,,,,
ADI,MOS_Radar_V6.8.0,1,2026-09-16T18:10:03.344510+00:00,QUALITY_PRICE_WAIT,质量通过，但价格超过20倍盈利或5%正常化Owner FCF收益率约束,UNCHANGED,NOT_ELIGIBLE,先满足质量与合理估值条件,UNCHANGED,366.15,2026-09-16T17:13:00+00:00,2026-07-31,2026-09-16T17:13:03.149443+00:00,WAIT_PRICE,138.60452577555682,42.90070077497344,0.0189272874198493,0.1232457063666584,,,,,,,,,,
TJX,MOS_Radar_V6.8.0,1,2026-09-16T18:10:03.344510+00:00,QUALITY_PRICE_WAIT,质量通过，但价格超过20倍盈利或5%正常化Owner FCF收益率约束,UNCHANGED,NOT_ELIGIBLE,先满足质量与合理估值条件,UNCHANGED,125.485,2026-09-16T17:13:36+00:00,2026-07-31,2026-09-16T17:13:48.006693+00:00,WAIT_PRICE,69.99255923865394,22.75098825052841,0.0278888150929011,0.5696178762557507,,,,,,,,,,
LMT,MOS_Radar_V6.8.0,1,2026-09-16T18:10:03.344510+00:00,QUALITY_PRICE_WAIT,质量通过，但价格超过20倍盈利或5%正常化Owner FCF收益率约束,UNCHANGED,NOT_ELIGIBLE,先满足质量与合理估值条件,UNCHANGED,538.38,2026-09-16T17:13:46+00:00,2026-06-30,2026-09-16T17:15:12.906504+00:00,WAIT_PRICE,507.761528919868,19.76350035423063,0.0471564256584445,0.7170392335766423,,,,,,,,,,
SYK,MOS_Radar_V6.8.0,1,2026-09-16T18:10:03.344510+00:00,QUALITY_PRICE_WAIT,质量通过，但价格超过20倍盈利或5%正常化Owner FCF收益率约束,UNCHANGED,NOT_ELIGIBLE,先满足质量与合理估值条件,UNCHANGED,287.27,2026-09-16T17:15:09+00:00,2026-06-30,2026-09-16T17:15:15.174239+00:00,WAIT_PRICE,157.68835413211752,29.549215529729327,0.0274460184029166,0.1554527263631815,,,,,,,,,,
BMY,MOS_Radar_V6.8.0,1,2026-09-16T18:10:03.344510+00:00,QUALITY_WATCH,通过质量门槛及合理估值初始规则；不等于厚安全边际或买入指令,UNCHANGED,TREND_WAIT,长均线或相对强度未同时通过；若此前持有，应复核趋势理由,UNCHANGED,64.06,2026-09-16T17:15:05+00:00,2026-06-30,2026-09-16T17:15:24.603257+00:00,WAIT_PRICE,90.8790694430556,14.097855621230734,0.0831981367583156,0.4158788476186209,2026-09-15T00:00:00+00:00,63.72999954223633,63.687000045776365,57.861412353515625,0.089477291351937,0.1394751217208685,-0.0499978303689314,^GSPC,7585.72998046875,377.0
ACN,MOS_Radar_V6.8.0,1,2026-09-16T18:10:03.344510+00:00,QUALITY_WATCH,通过质量门槛及合理估值初始规则；不等于厚安全边际或买入指令,UNCHANGED,TREND_WAIT,长均线或相对强度未同时通过；若此前持有，应复核趋势理由,UNCHANGED,190.75,2026-09-16T17:15:24+00:00,2026-05-31,2026-09-16T17:15:33.655509+00:00,WAIT_PRICE,242.50494093715,14.984810465307495,0.0635661706257273,0.2442650908108686,2026-09-15T00:00:00+00:00,193.3999938964844,168.06762298583985,198.28777675628663,-0.1869620208420942,0.1394751217208685,-0.3264371425629627,^GSPC,7585.72998046875,377.0
PH,MOS_Radar_V6.8.0,1,2026-09-16T18:10:03.344510+00:00,QUALITY_PRICE_WAIT,质量通过，但价格超过20倍盈利或5%正常化Owner FCF收益率约束,UNCHANGED,NOT_ELIGIBLE,先满足质量与合理估值条件,UNCHANGED,932.945,2026-09-16T17:14:30+00:00,2026-06-30,2026-09-16T17:15:41.428266+00:00,WAIT_PRICE,483.66698677135287,32.23556932275336,0.0259215166366373,0.2368216047779797,,,,,,,,,,
INTU,MOS_Radar_V6.8.0,1,2026-09-16T18:10:03.344510+00:00,QUALITY_PRICE_WAIT,质量通过，但价格超过20倍盈利或5%正常化Owner FCF收益率约束,UNCHANGED,NOT_ELIGIBLE,先满足质量与合理估值条件,UNCHANGED,322.38,2026-09-16T17:15:13+00:00,2026-07-31,2026-09-16T17:15:43.599089+00:00,WAIT_PRICE,307.6681238855709,18.86805584425389,0.0477182399475108,0.2404170176916596,,,,,,,,,,
TT,MOS_Radar_V6.8.0,1,2026-09-16T18:10:03.344510+00:00,QUALITY_PRICE_WAIT,质量通过，但价格超过20倍盈利或5%正常化Owner FCF收益率约束,UNCHANGED,NOT_ELIGIBLE,先满足质量与合理估值条件,UNCHANGED,425.6,2026-09-16T17:15:07+00:00,2026-06-30,2026-09-16T17:15:52.288326+00:00,WAIT_PRICE,195.3771414886791,31.753769235033875,0.0229531416222602,0.3419963121455658,,,,,,,,,,
ADBE,MOS_Radar_V6.8.0,1,2026-09-16T18:10:03.344510+00:00,QUALITY_WATCH,通过质量门槛及合理估值初始规则；不等于厚安全边际或买入指令,UNCHANGED,TREND_WAIT,长均线或相对强度未同时通过；若此前持有，应复核趋势理由,UNCHANGED,251.81,2026-09-16T17:15:52+00:00,2025-11-30,2026-09-16T17:15:56.511266+00:00,WAIT_PRICE,316.16341399669,14.035707968648987,0.0627781688568146,0.6190310817850321,2026-09-15T00:00:00+00:00,257.760009765625,254.31959869384767,266.03020004272463,0.0057904343377976,0.1394751217208685,-0.1336846873830708,^GSPC,7585.72998046875,377.0
CDNS,MOS_Radar_V6.8.0,1,2026-09-16T18:10:03.344510+00:00,QUALITY_PRICE_WAIT,质量通过，但价格超过20倍盈利或5%正常化Owner FCF收益率约束,UNCHANGED,NOT_ELIGIBLE,先满足质量与合理估值条件,UNCHANGED,280.38,2026-09-16T17:16:07+00:00,2026-06-30,2026-09-16T17:16:12.663422+00:00,WAIT_PRICE,65.84820487156311,56.03412691542371,0.0117426715299884,0.200933425858378,,,,,,,,,,
FTNT,MOS_Radar_V6.8.0,1,2026-09-16T18:10:03.344510+00:00,QUALITY_PRICE_WAIT,质量通过，但价格超过20倍盈利或5%正常化Owner FCF收益率约束,UNCHANGED,NOT_ELIGIBLE,先满足质量与合理估值条件,UNCHANGED,171.47,2026-09-16T17:16:27+00:00,2026-06-30,2026-09-16T17:16:34.917952+00:00,WAIT_PRICE,42.81029751587184,59.32469513630242,0.0124833199731357,1.367223260911611,,,,,,,,,,
ADP,MOS_Radar_V6.8.0,1,2026-09-16T18:10:03.344510+00:00,QUALITY_PRICE_WAIT,质量通过，但价格超过20倍盈利或5%正常化Owner FCF收益率约束,UNCHANGED,NOT_ELIGIBLE,先满足质量与合理估值条件,UNCHANGED,275.48,2026-09-16T17:16:06+00:00,2026-06-30,2026-09-16T17:16:51.138522+00:00,WAIT_PRICE,194.1586505354112,24.79674245552608,0.0352400628966551,0.7317615068311447,,,,,,,,,,
MNST,MOS_Radar_V6.8.0,1,2026-09-16T18:10:03.344510+00:00,QUALITY_PRICE_WAIT,质量通过，但价格超过20倍盈利或5%正常化Owner FCF收益率约束,UNCHANGED,NOT_ELIGIBLE,先满足质量与合理估值条件,UNCHANGED,44.785,2026-09-16T17:16:45+00:00,2026-06-30,2026-09-16T17:16:57.415558+00:00,WAIT_PRICE,13.709961923961815,41.23578043202773,0.0153064217081185,0.2272144780283267,,,,,,,,,,
ITW,MOS_Radar_V6.8.0,1,2026-09-16T18:10:03.344510+00:00,QUALITY_PRICE_WAIT,质量通过，但价格超过20倍盈利或5%正常化Owner FCF收益率约束,UNCHANGED,NOT_ELIGIBLE,先满足质量与合理估值条件,UNCHANGED,269.5011,2026-09-16T17:17:47+00:00,2026-06-30,2026-09-16T17:18:05.145496+00:00,WAIT_PRICE,180.9866582215217,24.03065525692705,0.0335780926722602,1.103662750518314,,,,,,,,,,
CL,MOS_Radar_V6.8.0,1,2026-09-16T18:10:03.344510+00:00,QUALITY_PRICE_WAIT,质量通过，但价格超过20倍盈利或5%正常化Owner FCF收益率约束,UNCHANGED,NOT_ELIGIBLE,先满足质量与合理估值条件,UNCHANGED,87.37,2026-09-16T17:17:57+00:00,2026-06-30,2026-09-16T17:18:11.582723+00:00,WAIT_PRICE,51.10560375018587,34.19194514444308,0.0414327602797088,8.63135593220339,,,,,,,,,,
ROST,MOS_Radar_V6.8.0,1,2026-09-16T18:10:03.344510+00:00,QUALITY_PRICE_WAIT,质量通过，但价格超过20倍盈利或5%正常化Owner FCF收益率约束,UNCHANGED,NOT_ELIGIBLE,先满足质量与合理估值条件,UNCHANGED,227.12,2026-09-16T17:17:56+00:00,2026-07-31,2026-09-16T17:18:26.114043+00:00,WAIT_PRICE,94.4175364216894,27.28562233514977,0.0207858260879027,0.3943334484125007,,,,,,,,,,
CTAS,MOS_Radar_V6.8.0,1,2026-09-16T18:10:03.344510+00:00,QUALITY_PRICE_WAIT,质量通过，但价格超过20倍盈利或5%正常化Owner FCF收益率约束,UNCHANGED,NOT_ELIGIBLE,先满足质量与合理估值条件,UNCHANGED,200.93,2026-09-16T17:18:05+00:00,2026-05-31,2026-09-16T17:18:38.413633+00:00,WAIT_PRICE,75.90949954156578,40.33389680859579,0.0188895385312212,0.3878511336922388,,,,,,,,,,
TEL,MOS_Radar_V6.8.0,1,2026-09-16T18:10:03.344510+00:00,QUALITY_PRICE_WAIT,质量通过，但价格超过20倍盈利或5%正常化Owner FCF收益率约束,UNCHANGED,NOT_ELIGIBLE,先满足质量与合理估值条件,UNCHANGED,204.08,2026-09-16T17:18:34+00:00,2026-06-30,2026-09-16T17:19:02.805159+00:00,WAIT_PRICE,165.4846650742328,19.590139290568487,0.0405440672957254,0.2276913785293673,,,,,,,,,,
AME,MOS_Radar_V6.8.0,1,2026-09-16T18:10:03.344510+00:00,QUALITY_PRICE_WAIT,质量通过，但价格超过20倍盈利或5%正常化Owner FCF收益率约束,UNCHANGED,NOT_ELIGIBLE,先满足质量与合理估值条件,UNCHANGED,233.545,2026-09-16T17:19:38+00:00,2026-06-30,2026-09-16T17:19:51.588116+00:00,WAIT_PRICE,126.35147014692478,33.96804913510384,0.0270507761131526,0.1399789694534908,,,,,,,,,,
ADSK,MOS_Radar_V6.8.0,1,2026-09-16T18:10:03.344510+00:00,QUALITY_PRICE_WAIT,质量通过，但价格超过20倍盈利或5%正常化Owner FCF收益率约束,UNCHANGED,NOT_ELIGIBLE,先满足质量与合理估值条件,UNCHANGED,222.41,2026-09-16T17:20:07+00:00,2026-07-31,2026-09-16T17:20:15.005109+00:00,WAIT_PRICE,94.3859633581612,28.309190478307467,0.0212189117751362,0.485368016553355,,,,,,,,,,
ROK,MOS_Radar_V6.8.0,1,2026-09-16T18:10:03.344510+00:00,QUALITY_PRICE_WAIT,质量通过，但价格超过20倍盈利或5%正常化Owner FCF收益率约束,UNCHANGED,NOT_ELIGIBLE,先满足质量与合理估值条件,UNCHANGED,421.87,2026-09-16T17:19:53+00:00,2026-06-30,2026-09-16T17:20:16.908048+00:00,WAIT_PRICE,159.8803411712386,39.007580684338166,0.0189490057566594,0.3437321121923297,,,,,,,,,,
GRMN,MOS_Radar_V6.8.0,1,2026-09-16T18:10:03.344510+00:00,QUALITY_PRICE_WAIT,质量通过，但价格超过20倍盈利或5%正常化Owner FCF收益率约束,UNCHANGED,NOT_ELIGIBLE,先满足质量与合理估值条件,UNCHANGED,279.61,2026-09-16T17:19:46+00:00,2026-06-30,2026-09-16T17:20:50.698020+00:00,WAIT_PRICE,99.7430285683948,28.72405428556831,0.017836098238331,0.2079179640122347,,,,,,,,,,
IDXX,MOS_Radar_V6.8.0,1,2026-09-16T18:10:03.344510+00:00,QUALITY_PRICE_WAIT,质量通过，但价格超过20倍盈利或5%正常化Owner FCF收益率约束,UNCHANGED,NOT_ELIGIBLE,先满足质量与合理估值条件,UNCHANGED,519.4,2026-09-16T17:21:02+00:00,2026-06-30,2026-09-16T17:21:08.734251+00:00,WAIT_PRICE,175.7315718814673,35.90461821265986,0.016916785895405,0.7067305396648218,,,,,,,,,,
EME,MOS_Radar_V6.8.0,1,2026-09-16T18:10:03.344510+00:00,QUALITY_PRICE_WAIT,质量通过，但价格超过20倍盈利或5%正常化Owner FCF收益率约束,UNCHANGED,NOT_ELIGIBLE,先满足质量与合理估值条件,UNCHANGED,745.57,2026-09-16T17:20:16+00:00,2026-06-30,2026-09-16T17:21:20.660953+00:00,WAIT_PRICE,422.3218459955147,22.85156960642304,0.0283220788118831,0.3528293241302143,,,,,,,,,,
KVUE,MOS_Radar_V6.8.0,1,2026-09-16T18:10:03.344510+00:00,QUALITY_PRICE_WAIT,质量通过，但价格超过20倍盈利或5%正常化Owner FCF收益率约束,UNCHANGED,NOT_ELIGIBLE,先满足质量与合理估值条件,UNCHANGED,17.9101,2026-09-16T17:22:44+00:00,2026-06-30,2026-09-16T17:22:48.153104+00:00,WAIT_PRICE,17.263877721702038,20.74864093538569,0.050172600327928,0.1571117217852743,,,,,,,,,,
A,MOS_Radar_V6.8.0,1,2026-09-16T18:10:03.344510+00:00,QUALITY_PRICE_WAIT,质量通过，但价格超过20倍盈利或5%正常化Owner FCF收益率约束,UNCHANGED,NOT_ELIGIBLE,先满足质量与合理估值条件,UNCHANGED,154.305,2026-09-16T17:22:50+00:00,2026-07-31,2026-09-16T17:23:06.039743+00:00,WAIT_PRICE,80.27569311883096,30.21439771512896,0.0260120194157127,0.1955724568789895,,,,,,,,,,
RMD,MOS_Radar_V6.8.0,1,2026-09-16T18:10:03.344510+00:00,QUALITY_PRICE_WAIT,质量通过，但价格超过20倍盈利或5%正常化Owner FCF收益率约束,UNCHANGED,NOT_ELIGIBLE,先满足质量与合理估值条件,UNCHANGED,228.5175,2026-09-16T17:21:34+00:00,2026-06-30,2026-09-16T17:23:45.872337+00:00,WAIT_PRICE,165.61156262262102,21.64007620365147,0.0362360787735339,0.2313139094356252,,,,,,,,,,
DOV,MOS_Radar_V6.8.0,1,2026-09-16T18:10:03.344510+00:00,QUALITY_PRICE_WAIT,质量通过，但价格超过20倍盈利或5%正常化Owner FCF收益率约束,UNCHANGED,NOT_ELIGIBLE,先满足质量与合理估值条件,UNCHANGED,190.02,2026-09-16T17:23:30+00:00,2026-06-30,2026-09-16T17:24:05.979717+00:00,WAIT_PRICE,122.38466804905023,22.552929658441062,0.0322031017916667,0.1472935372307698,,,,,,,,,,
EXPE,MOS_Radar_V6.8.0,1,2026-09-16T18:10:03.344510+00:00,QUALITY_WATCH,通过质量门槛及合理估值初始规则；不等于厚安全边际或买入指令,UNCHANGED,TREND_WATCH,完整交易日趋势通过，需复核当前报价,UNCHANGED,290.13,2026-09-16T17:24:05+00:00,2026-06-30,2026-09-16T17:24:43.475266+00:00,WAIT_PRICE,334.0496487039877,17.103146260341504,0.0575689602426477,1.684036393713813,2026-09-15T00:00:00+00:00,293.0799865722656,296.448271484375,258.9179051208496,0.4703381088275653,0.1394751217208685,0.3308629871066968,^GSPC,7585.72998046875,377.0
TPR,MOS_Radar_V6.8.0,1,2026-09-16T18:10:03.344510+00:00,QUALITY_PRICE_WAIT,质量通过，但价格超过20倍盈利或5%正常化Owner FCF收益率约束,UNCHANGED,NOT_ELIGIBLE,先满足质量与合理估值条件,UNCHANGED,120.8299,2026-09-16T17:24:33+00:00,2026-06-30,2026-09-16T17:24:45.735239+00:00,WAIT_PRICE,112.53227683904116,15.770424194374522,0.0465664031994734,2.2073399797717093,,,,,,,,,,
STRL,MOS_Radar_V6.8.0,1,2026-09-16T18:10:03.344510+00:00,QUALITY_PRICE_WAIT,质量通过，但价格超过20倍盈利或5%正常化Owner FCF收益率约束,UNCHANGED,NOT_ELIGIBLE,先满足质量与合理估值条件,UNCHANGED,479.96,2026-09-16T17:22:30+00:00,2026-06-30,2026-09-16T17:24:47.576178+00:00,WAIT_PRICE,209.34424198009967,34.025365805839215,0.0218085092486977,0.3178923094491698,,,,,,,,,,
ROL,MOS_Radar_V6.8.0,1,2026-09-16T18:10:03.344510+00:00,QUALITY_PRICE_WAIT,质量通过，但价格超过20倍盈利或5%正常化Owner FCF收益率约束,UNCHANGED,NOT_ELIGIBLE,先满足质量与合理估值条件,UNCHANGED,34.335,2026-09-16T17:24:52+00:00,2026-06-30,2026-09-16T17:24:58.402650+00:00,WAIT_PRICE,21.25962378048797,31.069456262061376,0.0309591142864248,0.3719341884461145,,,,,,,,,,
NTAP,MOS_Radar_V6.8.0,1,2026-09-16T18:10:03.344510+00:00,QUALITY_PRICE_WAIT,质量通过，但价格超过20倍盈利或5%正常化Owner FCF收益率约束,UNCHANGED,NOT_ELIGIBLE,先满足质量与合理估值条件,UNCHANGED,193.85,2026-09-16T17:25:15+00:00,2026-07-31,2026-09-16T17:25:42.657642+00:00,WAIT_PRICE,106.09970936283212,26.851780901337424,0.0273664455410967,0.948494983277592,,,,,,,,,,
CHD,MOS_Radar_V6.8.0,1,2026-09-16T18:10:03.344510+00:00,QUALITY_PRICE_WAIT,质量通过，但价格超过20倍盈利或5%正常化Owner FCF收益率约束,UNCHANGED,NOT_ELIGIBLE,先满足质量与合理估值条件,UNCHANGED,95.24,2026-09-16T17:25:37+00:00,2025-12-31,2026-09-16T17:26:04.119916+00:00,WAIT_PRICE,62.12376733966724,30.66137295868321,0.0372909046875168,0.1760152890587673,,,,,,,,,,
WST,MOS_Radar_V6.8.0,1,2026-09-16T18:10:03.344510+00:00,QUALITY_PRICE_WAIT,质量通过，但价格超过20倍盈利或5%正常化Owner FCF收益率约束,UNCHANGED,NOT_ELIGIBLE,先满足质量与合理估值条件,UNCHANGED,363.48,2026-09-16T17:26:06+00:00,2026-06-30,2026-09-16T17:26:30.748252+00:00,WAIT_PRICE,103.63416189922646,45.28267435817173,0.0142558272668683,0.1889171292890107,,,,,,,,,,
MTD,MOS_Radar_V6.8.0,1,2026-09-16T18:10:03.344510+00:00,QUALITY_PRICE_WAIT,质量通过，但价格超过20倍盈利或5%正常化Owner FCF收益率约束,UNCHANGED,NOT_ELIGIBLE,先满足质量与合理估值条件,UNCHANGED,1377.04,2026-09-16T17:26:20+00:00,2026-06-30,2026-09-16T17:26:42.832612+00:00,WAIT_PRICE,806.3742153368406,30.46688256661865,0.0292792589662188,70.62395695235125,,,,,,,,,,
VLTO,MOS_Radar_V6.8.0,1,2026-09-16T18:10:03.344510+00:00,QUALITY_PRICE_WAIT,质量通过，但价格超过20倍盈利或5%正常化Owner FCF收益率约束,UNCHANGED,NOT_ELIGIBLE,先满足质量与合理估值条件,UNCHANGED,96.47,2026-09-16T17:26:27+00:00,2026-06-30,2026-09-16T17:26:44.515062+00:00,WAIT_PRICE,68.58267545003206,23.80439695676042,0.0355461156059044,0.3190184049079754,,,,,,,,,,
FFIV,MOS_Radar_V6.8.0,1,2026-09-16T18:10:03.344510+00:00,QUALITY_PRICE_WAIT,质量通过，但价格超过20倍盈利或5%正常化Owner FCF收益率约束,UNCHANGED,NOT_ELIGIBLE,先满足质量与合理估值条件,UNCHANGED,423.545,2026-09-16T17:26:56+00:00,2026-06-30,2026-09-16T17:26:58.624366+00:00,WAIT_PRICE,153.65235240124755,33.01284298986216,0.0181388462148352,0.1884235121296128,,,,,,,,,,
SNA,MOS_Radar_V6.8.0,1,2026-09-16T18:10:03.344510+00:00,QUALITY_PRICE_WAIT,质量通过，但价格超过20倍盈利或5%正常化Owner FCF收益率约束,UNCHANGED,NOT_ELIGIBLE,先满足质量与合理估值条件,UNCHANGED,377.915,2026-09-16T17:27:24+00:00,2026-06-30,2026-09-16T17:28:06.422792+00:00,WAIT_PRICE,353.17060323973305,18.91115072890029,0.0467261954724915,0.1711055567510304,,,,,,,,,,
BR,MOS_Radar_V6.8.0,1,2026-09-16T18:10:03.344510+00:00,QUALITY_PRICE_WAIT,质量通过，但价格超过20倍盈利或5%正常化Owner FCF收益率约束,UNCHANGED,NOT_ELIGIBLE,先满足质量与合理估值条件,UNCHANGED,167.605,2026-09-16T17:28:18+00:00,2026-06-30,2026-09-16T17:29:03.953566+00:00,WAIT_PRICE,160.92098870188144,16.996285100174603,0.0480060227027479,0.3958318665070759,,,,,,,,,,
NBIX,MOS_Radar_V6.8.0,1,2026-09-16T18:10:03.344510+00:00,QUALITY_PRICE_WAIT,质量通过，但价格超过20倍盈利或5%正常化Owner FCF收益率约束,UNCHANGED,NOT_ELIGIBLE,先满足质量与合理估值条件,UNCHANGED,151.05,2026-09-16T17:28:23+00:00,2025-12-31,2026-09-16T17:29:42.405538+00:00,WAIT_PRICE,59.498756589179685,32.0812977439588,0.0196950534886394,0.1295754819146632,,,,,,,,,,
NDSN,MOS_Radar_V6.8.0,1,2026-09-16T18:10:03.344510+00:00,QUALITY_PRICE_WAIT,质量通过，但价格超过20倍盈利或5%正常化Owner FCF收益率约束,UNCHANGED,NOT_ELIGIBLE,先满足质量与合理估值条件,UNCHANGED,311.7,2026-09-16T17:27:59+00:00,2026-07-31,2026-09-16T17:30:00.060097+00:00,WAIT_PRICE,191.1997451268693,31.271939922194147,0.0306704756379322,0.1698280759080824,,,,,,,,,,
LOGI,MOS_Radar_V6.8.0,1,2026-09-16T18:10:03.344510+00:00,QUALITY_WATCH,通过质量门槛及合理估值初始规则；不等于厚安全边际或买入指令,UNCHANGED,TREND_WATCH,完整交易日趋势通过，需复核当前报价,ENTERED,100.78,2026-09-16T17:30:05+00:00,2026-06-30,2026-09-16T17:30:08.747904+00:00,WAIT_PRICE,102.55633243825532,18.01857722570053,0.0508812921404322,0.3405424482671378,2026-09-15T00:00:00+00:00,101.13999938964844,101.62720001220704,100.42345012664796,0.1846701943777269,0.1394751217208685,0.0451950726568584,^GSPC,7585.72998046875,377.0
MLI,MOS_Radar_V6.8.0,1,2026-09-16T18:10:03.344510+00:00,QUALITY_PRICE_WAIT,质量通过，但价格超过20倍盈利或5%正常化Owner FCF收益率约束,UNCHANGED,NOT_ELIGIBLE,先满足质量与合理估值条件,UNCHANGED,60.66,2026-09-16T17:29:21+00:00,2026-06-30,2026-09-16T17:30:10.516747+00:00,WAIT_PRICE,54.08541290444539,15.775116709461168,0.0445807887441851,0.2397316609118455,,,,,,,,,,
LECO,MOS_Radar_V6.8.0,1,2026-09-16T18:10:03.344510+00:00,QUALITY_PRICE_WAIT,质量通过，但价格超过20倍盈利或5%正常化Owner FCF收益率约束,UNCHANGED,NOT_ELIGIBLE,先满足质量与合理估值条件,UNCHANGED,258.97,2026-09-16T17:29:34+00:00,2026-06-30,2026-09-16T17:30:32.483263+00:00,WAIT_PRICE,165.9212797901515,25.499648554198888,0.0320348456945112,0.3561691695942555,,,,,,,,,,
RMBS,MOS_Radar_V6.8.0,1,2026-09-16T18:10:03.344510+00:00,QUALITY_PRICE_WAIT,质量通过，但价格超过20倍盈利或5%正常化Owner FCF收益率约束,UNCHANGED,NOT_ELIGIBLE,先满足质量与合理估值条件,UNCHANGED,82.65,2026-09-16T17:30:19+00:00,2026-06-30,2026-09-16T17:30:53.412669+00:00,WAIT_PRICE,33.921220324171074,37.40133366759543,0.0205210044308354,0.1634190360540521,,,,,,,,,,
CSL,MOS_Radar_V6.8.0,1,2026-09-16T18:10:03.344510+00:00,QUALITY_WATCH,通过质量门槛及合理估值初始规则；不等于厚安全边际或买入指令,UNCHANGED,TREND_WAIT,长均线或相对强度未同时通过；若此前持有，应复核趋势理由,UNCHANGED,324.64,2026-09-16T17:27:58+00:00,2026-06-30,2026-09-16T17:31:07.209145+00:00,WAIT_PRICE,363.9510233751104,17.839762998298042,0.064640746160236,0.4468835023497403,2026-09-15T00:00:00+00:00,324.25,351.3841125488281,350.17667205810545,-0.1062881889356099,0.1394751217208685,-0.2457633106564785,^GSPC,7585.72998046875,377.0
DECK,MOS_Radar_V6.8.0,1,2026-09-16T18:10:03.344510+00:00,QUALITY_WATCH,通过质量门槛及合理估值初始规则；不等于厚安全边际或买入指令,UNCHANGED,TREND_WAIT,长均线或相对强度未同时通过；若此前持有，应复核趋势理由,UNCHANGED,79.87,2026-09-16T17:31:13+00:00,2026-06-30,2026-09-16T17:31:16.989533+00:00,WAIT_PRICE,121.4896374269504,10.717793240929252,0.0760546121365659,0.4409123414963491,2026-09-15T00:00:00+00:00,77.51000213623047,94.5120002746582,102.45165000915529,-0.1976383465664074,0.1394751217208685,-0.3371134682872759,^GSPC,7585.72998046875,377.0
GGG,MOS_Radar_V6.8.0,1,2026-09-16T18:10:03.344510+00:00,QUALITY_PRICE_WAIT,质量通过，但价格超过20倍盈利或5%正常化Owner FCF收益率约束,UNCHANGED,NOT_ELIGIBLE,先满足质量与合理估值条件,UNCHANGED,77.04,2026-09-16T17:31:49+00:00,2026-06-30,2026-09-16T17:32:20.757058+00:00,WAIT_PRICE,51.687911367379165,23.38486159463581,0.0335461522373956,0.211499400639318,,,,,,,,,,
RPM,MOS_Radar_V6.8.0,1,2026-09-16T18:10:03.344510+00:00,QUALITY_PRICE_WAIT,质量通过，但价格超过20倍盈利或5%正常化Owner FCF收益率约束,UNCHANGED,NOT_ELIGIBLE,先满足质量与合理估值条件,UNCHANGED,101.17,2026-09-16T17:31:45+00:00,2026-05-31,2026-09-16T17:32:45.580613+00:00,WAIT_PRICE,91.26932311876818,19.605186206272627,0.0451069107041455,0.1989063675343111,,,,,,,,,,
NYT,MOS_Radar_V6.8.0,1,2026-09-16T18:10:03.344510+00:00,QUALITY_PRICE_WAIT,质量通过，但价格超过20倍盈利或5%正常化Owner FCF收益率约束,UNCHANGED,NOT_ELIGIBLE,先满足质量与合理估值条件,UNCHANGED,72.725,2026-09-16T17:32:23+00:00,2026-06-30,2026-09-16T17:32:50.911931+00:00,WAIT_PRICE,35.7058970701934,29.85896657735831,0.0245485713786135,0.1918525486242976,,,,,,,,,,
MEDP,MOS_Radar_V6.8.0,1,2026-09-16T18:10:03.344510+00:00,QUALITY_PRICE_WAIT,质量通过，但价格超过20倍盈利或5%正常化Owner FCF收益率约束,UNCHANGED,NOT_ELIGIBLE,先满足质量与合理估值条件,UNCHANGED,620.855,2026-09-16T17:25:24+00:00,2026-06-30,2026-09-16T17:33:10.228242+00:00,WAIT_PRICE,340.3243304213255,35.25755853484331,0.0274077143955775,1.1328513049110198,,,,,,,,,,
PNR,MOS_Radar_V6.8.0,1,2026-09-16T18:10:03.344510+00:00,QUALITY_WATCH,通过质量门槛及合理估值初始规则；不等于厚安全边际或买入指令,UNCHANGED,TREND_WAIT,长均线或相对强度未同时通过；若此前持有，应复核趋势理由,UNCHANGED,57.445,2026-09-16T17:32:38+00:00,2026-06-30,2026-09-16T17:33:24.090673+00:00,WAIT_PRICE,66.69486250970401,14.07464223410185,0.0580510597177335,0.1737390979649534,2026-09-15T00:00:00+00:00,56.58000183105469,64.65614753723145,83.8173175239563,-0.331878036432451,0.1394751217208685,-0.4713531581533196,^GSPC,7585.72998046875,377.0
GDDY,MOS_Radar_V6.8.0,1,2026-09-16T18:10:03.344510+00:00,QUALITY_WATCH,通过质量门槛及合理估值初始规则；不等于厚安全边际或买入指令,UNCHANGED,TREND_WAIT,长均线或相对强度未同时通过；若此前持有，应复核趋势理由,UNCHANGED,100.805,2026-09-16T17:33:26+00:00,2026-06-30,2026-09-16T17:33:39.294184+00:00,WAIT_PRICE,140.07360091023955,14.024741118718897,0.0694775065275728,135.86567164179104,2026-09-15T00:00:00+00:00,102.37999725341795,94.89259963989258,95.3531498336792,0.075345585371894,0.1394751217208685,-0.0641295363489744,^GSPC,7585.72998046875,377.0
AIT,MOS_Radar_V6.8.0,1,2026-09-16T18:10:03.344510+00:00,QUALITY_PRICE_WAIT,质量通过，但价格超过20倍盈利或5%正常化Owner FCF收益率约束,UNCHANGED,NOT_ELIGIBLE,先满足质量与合理估值条件,UNCHANGED,320.35,2026-09-16T17:32:05+00:00,2026-06-30,2026-09-16T17:33:51.674558+00:00,WAIT_PRICE,211.7918574050356,28.38840477041409,0.0330563223669479,0.2226535370772322,,,,,,,,,,
ALLE,MOS_Radar_V6.8.0,1,2026-09-16T18:10:03.344510+00:00,QUALITY_PRICE_WAIT,质量通过，但价格超过20倍盈利或5%正常化Owner FCF收益率约束,UNCHANGED,NOT_ELIGIBLE,先满足质量与合理估值条件,UNCHANGED,154.3,2026-09-16T17:34:21+00:00,2025-12-31,2026-09-16T17:34:31.644179+00:00,WAIT_PRICE,121.8061063024965,20.380826870630127,0.0394705464363242,0.3038799207023506,,,,,,,,,,
WTS,MOS_Radar_V6.8.0,1,2026-09-16T18:10:03.344510+00:00,QUALITY_PRICE_WAIT,质量通过，但价格超过20倍盈利或5%正常化Owner FCF收益率约束,UNCHANGED,NOT_ELIGIBLE,先满足质量与合理估值条件,UNCHANGED,354.27,2026-09-16T17:33:55+00:00,2026-06-30,2026-09-16T17:35:54.745674+00:00,WAIT_PRICE,161.7287865377587,30.814519949825065,0.0228256395599061,0.1752991687220243,,,,,,,,,,
BSY,MOS_Radar_V6.8.0,1,2026-09-16T18:10:03.344510+00:00,QUALITY_PRICE_WAIT,质量通过，但价格超过20倍盈利或5%正常化Owner FCF收益率约束,UNCHANGED,NOT_ELIGIBLE,先满足质量与合理估值条件,UNCHANGED,31.1,2026-09-16T17:35:48+00:00,2026-06-30,2026-09-16T17:36:14.787803+00:00,WAIT_PRICE,19.19548635543093,32.40345091980538,0.034426390348083,0.2412070460100396,,,,,,,,,,
JKHY,MOS_Radar_V6.8.0,1,2026-09-16T18:10:03.344510+00:00,QUALITY_PRICE_WAIT,质量通过，但价格超过20倍盈利或5%正常化Owner FCF收益率约束,UNCHANGED,NOT_ELIGIBLE,先满足质量与合理估值条件,UNCHANGED,159.225,2026-09-16T17:35:57+00:00,2026-06-30,2026-09-16T17:36:16.604674+00:00,WAIT_PRICE,93.32850304427625,22.204127963270643,0.0293071135325094,0.2450231462867741,,,,,,,,,,
DCI,MOS_Radar_V6.8.0,1,2026-09-16T18:10:03.344510+00:00,QUALITY_PRICE_WAIT,质量通过，但价格超过20倍盈利或5%正常化Owner FCF收益率约束,UNCHANGED,NOT_ELIGIBLE,先满足质量与合理估值条件,UNCHANGED,87.275,2026-09-16T17:35:51+00:00,2025-07-31,2026-09-16T17:36:33.908174+00:00,WAIT_PRICE,54.06300405406699,27.56440760018048,0.0309727894895829,0.2164808588450421,,,,,,,,,,
AYI,MOS_Radar_V6.8.0,1,2026-09-16T18:10:03.344510+00:00,QUALITY_PRICE_WAIT,质量通过，但价格超过20倍盈利或5%正常化Owner FCF收益率约束,UNCHANGED,NOT_ELIGIBLE,先满足质量与合理估值条件,UNCHANGED,303.81,2026-09-16T17:37:27+00:00,2026-05-31,2026-09-16T17:37:54.765925+00:00,WAIT_PRICE,281.9891705281213,19.25623218502048,0.0464088032862844,0.1656321234438015,,,,,,,,,,
CRUS,MOS_Radar_V6.8.0,1,2026-09-16T18:10:03.344510+00:00,QUALITY_WATCH,通过质量门槛及合理估值初始规则；不等于厚安全边际或买入指令,UNCHANGED,TREND_WAIT,长均线或相对强度未同时通过；若此前持有，应复核趋势理由,UNCHANGED,119.21,2026-09-16T17:35:13+00:00,2026-06-30,2026-09-16T17:38:39.417613+00:00,WAIT_PRICE,139.74034079164662,13.87608381818647,0.0586109977315856,0.1966816969838717,2026-09-15T00:00:00+00:00,122.20999908447266,125.6365998840332,139.9879499053955,-0.1475537223764094,0.1394751217208685,-0.2870288440972779,^GSPC,7585.72998046875,377.0
ZWS,MOS_Radar_V6.8.0,1,2026-09-16T18:10:03.344510+00:00,QUALITY_PRICE_WAIT,质量通过，但价格超过20倍盈利或5%正常化Owner FCF收益率约束,UNCHANGED,NOT_ELIGIBLE,先满足质量与合理估值条件,UNCHANGED,46.55,2026-09-16T17:38:27+00:00,2026-06-30,2026-09-16T17:38:58.131616+00:00,WAIT_PRICE,23.115310258120665,27.964409955833887,0.0248284750355753,0.1664155264902658,,,,,,,,,,
WFRD,MOS_Radar_V6.8.0,1,2026-09-16T18:10:03.344510+00:00,QUALITY_WATCH,通过质量门槛及合理估值初始规则；不等于厚安全边际或买入指令,UNCHANGED,TREND_WAIT,长均线或相对强度未同时通过；若此前持有，应复核趋势理由,UNCHANGED,83.93,2026-09-16T17:39:06+00:00,2026-06-30,2026-09-16T17:39:22.779843+00:00,WAIT_PRICE,102.36029376766668,16.398936914053994,0.0683104389696711,0.2046979865771812,2026-09-15T00:00:00+00:00,85.38999938964844,88.3480648803711,92.41187591552736,-0.0533753494602743,0.1394751217208685,-0.1928504711811428,^GSPC,7585.72998046875,377.0
MANH,MOS_Radar_V6.8.0,1,2026-09-16T18:10:03.344510+00:00,QUALITY_PRICE_WAIT,质量通过，但价格超过20倍盈利或5%正常化Owner FCF收益率约束,UNCHANGED,NOT_ELIGIBLE,先满足质量与合理估值条件,UNCHANGED,210.945,2026-09-16T17:36:27+00:00,2026-06-30,2026-09-16T17:39:29.775325+00:00,WAIT_PRICE,63.41405792329661,58.5024365612362,0.015030945962999,1.33475337604043,,,,,,,,,,
AOS,MOS_Radar_V6.8.0,1,2026-09-16T18:10:03.344510+00:00,QUALITY_WATCH,通过质量门槛及合理估值初始规则；不等于厚安全边际或买入指令,UNCHANGED,TREND_WAIT,长均线或相对强度未同时通过；若此前持有，应复核趋势理由,UNCHANGED,57.485,2026-09-16T17:38:47+00:00,2026-06-30,2026-09-16T17:39:37.252783+00:00,WAIT_PRICE,69.43270532174016,15.616039180205895,0.0603920199371489,0.2716216949888702,2026-09-15T00:00:00+00:00,57.220001220703125,60.63127944946289,64.3914656829834,-0.2099714809138517,0.1394751217208685,-0.3494466026347202,^GSPC,7585.72998046875,377.0
QGEN,MOS_Radar_V6.8.0,1,2026-09-16T18:10:03.344510+00:00,QUALITY_PRICE_WAIT,质量通过，但价格超过20倍盈利或5%正常化Owner FCF收益率约束,UNCHANGED,NOT_ELIGIBLE,先满足质量与合理估值条件,UNCHANGED,43.345,2026-09-16T17:40:52+00:00,2026-06-30,2026-09-16T17:41:08.072114+00:00,WAIT_PRICE,35.67592335179911,21.867031894841865,0.0411534471701454,0.1219022318583332,,,,,,,,,,
IDCC,MOS_Radar_V6.8.0,1,2026-09-16T18:10:03.344510+00:00,QUALITY_PRICE_WAIT,质量通过，但价格超过20倍盈利或5%正常化Owner FCF收益率约束,UNCHANGED,NOT_ELIGIBLE,先满足质量与合理估值条件,UNCHANGED,331.52,2026-09-16T17:39:33+00:00,2026-06-30,2026-09-16T17:41:21.291585+00:00,WAIT_PRICE,184.47817819177783,28.31209450525933,0.0278230843073989,0.2513581701075306,,,,,,,,,,
AWI,MOS_Radar_V6.8.0,1,2026-09-16T18:10:03.344510+00:00,QUALITY_PRICE_WAIT,质量通过，但价格超过20倍盈利或5%正常化Owner FCF收益率约束,UNCHANGED,NOT_ELIGIBLE,先满足质量与合理估值条件,UNCHANGED,160.585,2026-09-16T17:40:01+00:00,2026-06-30,2026-09-16T17:41:43.607600+00:00,WAIT_PRICE,72.65249776780344,21.524821430247385,0.0226211968016326,0.3565532059255908,,,,,,,,,,
DOX,MOS_Radar_V6.8.0,1,2026-09-16T18:10:03.344510+00:00,QUALITY_WATCH,通过质量门槛及合理估值初始规则；不等于厚安全边际或买入指令,UNCHANGED,TREND_WAIT,长均线或相对强度未同时通过；若此前持有，应复核趋势理由,UNCHANGED,61.78,2026-09-16T17:39:01+00:00,2026-06-30,2026-09-16T17:42:00.570889+00:00,WAIT_PRICE,86.58756096959975,14.269948086813647,0.0819159474126638,0.1375475655968603,2026-09-15T00:00:00+00:00,62.29999923706055,57.39699989318848,64.99744579315185,-0.1307929579646622,0.1394751217208685,-0.2702680796855308,^GSPC,7585.72998046875,377.0
PAYC,MOS_Radar_V6.8.0,1,2026-09-16T18:10:03.344510+00:00,QUALITY_PRICE_WAIT,质量通过，但价格超过20倍盈利或5%正常化Owner FCF收益率约束,UNCHANGED,NOT_ELIGIBLE,先满足质量与合理估值条件,UNCHANGED,227.515,2026-09-16T17:40:36+00:00,2026-06-30,2026-09-16T17:42:12.900090+00:00,WAIT_PRICE,98.76503464279776,21.030495014920973,0.0217051699102911,0.8531933508311461,,,,,,,,,,
LNTH,MOS_Radar_V6.8.0,1,2026-09-16T18:10:03.344510+00:00,QUALITY_PRICE_WAIT,质量通过，但价格超过20倍盈利或5%正常化Owner FCF收益率约束,UNCHANGED,NOT_ELIGIBLE,先满足质量与合理估值条件,UNCHANGED,100.795,2026-09-16T17:42:59+00:00,2026-06-30,2026-09-16T17:43:02.212330+00:00,WAIT_PRICE,83.78101947951478,23.90766888017783,0.041560106889982,0.2098716398658919,,,,,,,,,,
PCTY,MOS_Radar_V6.8.0,1,2026-09-16T18:10:03.344510+00:00,QUALITY_PRICE_WAIT,质量通过，但价格超过20倍盈利或5%正常化Owner FCF收益率约束,UNCHANGED,NOT_ELIGIBLE,先满足质量与合理估值条件,UNCHANGED,147.41,2026-09-16T17:43:33+00:00,2026-06-30,2026-09-16T17:44:17.727333+00:00,WAIT_PRICE,64.79292184517611,30.25681028377721,0.0219771120837039,0.2208426769891036,,,,,,,,,,
BCPC,MOS_Radar_V6.8.0,1,2026-09-16T18:10:03.344510+00:00,QUALITY_PRICE_WAIT,质量通过，但价格超过20倍盈利或5%正常化Owner FCF收益率约束,UNCHANGED,NOT_ELIGIBLE,先满足质量与合理估值条件,UNCHANGED,170.32,2026-09-16T17:45:11+00:00,2025-12-31,2026-09-16T17:46:20.273673+00:00,WAIT_PRICE,76.83302845788803,35.063868837880456,0.0225554921494504,0.1204910685105469,,,,,,,,,,
G,MOS_Radar_V6.8.0,1,2026-09-16T18:10:03.344510+00:00,QUALITY_WATCH,通过质量门槛及合理估值初始规则；不等于厚安全边际或买入指令,UNCHANGED,TREND_WAIT,长均线或相对强度未同时通过；若此前持有，应复核趋势理由,UNCHANGED,35.44,2026-09-16T17:46:17+00:00,2026-06-30,2026-09-16T17:46:48.182440+00:00,WAIT_PRICE,52.18824225572334,10.220712727141423,0.0736290099544629,0.2236849934946946,2026-09-15T00:00:00+00:00,35.86000061035156,34.03846500396728,36.91453092575073,-0.057443851579388,0.1394751217208685,-0.1969189733002565,^GSPC,7585.72998046875,377.0
LAUR,MOS_Radar_V6.8.0,1,2026-09-16T18:10:03.344510+00:00,QUALITY_PRICE_WAIT,质量通过，但价格超过20倍盈利或5%正常化Owner FCF收益率约束,UNCHANGED,NOT_ELIGIBLE,先满足质量与合理估值条件,UNCHANGED,36.33,2026-09-16T17:47:40+00:00,2026-06-30,2026-09-16T17:48:29.260161+00:00,WAIT_PRICE,25.65303985368662,15.563375444800876,0.0353055874672262,0.2817216321967579,,,,,,,,,,
EXLS,MOS_Radar_V6.8.0,1,2026-09-16T18:10:03.344510+00:00,QUALITY_PRICE_WAIT,质量通过，但价格超过20倍盈利或5%正常化Owner FCF收益率约束,UNCHANGED,NOT_ELIGIBLE,先满足质量与合理估值条件,UNCHANGED,35.89,2026-09-16T17:49:47+00:00,2026-06-30,2026-09-16T17:49:57.563262+00:00,WAIT_PRICE,17.81357120120811,21.76557704860049,0.0248169005310784,0.2886017994971382,,,,,,,,,,
LOPE,MOS_Radar_V6.8.0,1,2026-09-16T18:10:03.344510+00:00,QUALITY_WATCH,通过质量门槛及合理估值初始规则；不等于厚安全边际或买入指令,UNCHANGED,TREND_WAIT,长均线或相对强度未同时通过；若此前持有，应复核趋势理由,UNCHANGED,153.5,2026-09-16T17:35:36+00:00,2026-06-30,2026-09-16T17:50:02.408535+00:00,WAIT_PRICE,157.41278249480328,17.845120913356467,0.0512745219852779,0.3348812338594403,2026-09-15T00:00:00+00:00,153.42999267578125,147.87320068359375,158.93804969787598,-0.0831637966211406,0.1394751217208685,-0.2226389183420091,^GSPC,7585.72998046875,377.0
CVSA,MOS_Radar_V6.8.0,1,2026-09-16T18:10:03.344510+00:00,QUALITY_WATCH,通过质量门槛及合理估值初始规则；不等于厚安全边际或买入指令,UNCHANGED,TREND_WATCH,完整交易日趋势通过，需复核当前报价,UNCHANGED,127.81,2026-09-16T17:48:59+00:00,2026-06-30,2026-09-16T17:50:04.269187+00:00,WAIT_PRICE,142.4884908656235,17.293678402874047,0.0557423092346543,0.1739514654072611,2026-09-15T00:00:00+00:00,126.27999877929688,127.88320022583008,115.5800499343872,0.4206844286287863,0.1394751217208685,0.2812093069079178,^GSPC,7585.72998046875,377.0
CAAP,MOS_Radar_V6.8.0,1,2026-09-16T18:10:03.344510+00:00,QUALITY_WATCH,通过质量门槛及合理估值初始规则；不等于厚安全边际或买入指令,UNCHANGED,TREND_WAIT,长均线或相对强度未同时通过；若此前持有，应复核趋势理由,UNCHANGED,23.765,2026-09-16T17:50:21+00:00,2025-12-31,2026-09-16T17:51:10.434418+00:00,WAIT_PRICE,30.32647830312121,15.672772659233631,0.0948188461612496,0.1372534027456886,2026-09-15T00:00:00+00:00,23.90999984741211,23.97337299346924,24.97594740867615,-0.1210054476837113,0.1394751217208685,-0.2604805694045798,^GSPC,7585.72998046875,377.0
LRN,MOS_Radar_V6.8.0,1,2026-09-16T18:10:03.344510+00:00,QUALITY_WATCH,通过质量门槛及合理估值初始规则；不等于厚安全边际或买入指令,UNCHANGED,TREND_WAIT,长均线或相对强度未同时通过；若此前持有，应复核趋势理由,UNCHANGED,83.48,2026-09-16T17:49:30+00:00,2026-06-30,2026-09-16T17:51:52.372171+00:00,WAIT_PRICE,114.62421980730304,10.258716942191535,0.0686537013699706,0.2071837233792942,2026-09-15T00:00:00+00:00,83.55999755859375,85.11339950561523,83.55489990234375,-0.0129070026912927,0.1394751217208685,-0.1523821244121612,^GSPC,7585.72998046875,377.0
KTB,MOS_Radar_V6.8.0,1,2026-09-16T18:10:03.344510+00:00,QUALITY_WATCH,通过质量门槛及合理估值初始规则；不等于厚安全边际或买入指令,UNCHANGED,TREND_WAIT,长均线或相对强度未同时通过；若此前持有，应复核趋势理由,UNCHANGED,69.135,2026-09-16T17:53:27+00:00,2026-06-30,2026-09-16T17:53:51.012966+00:00,WAIT_PRICE,95.76986553255315,14.101850905989837,0.0692629388389044,0.4331817946661838,2026-09-15T00:00:00+00:00,67.0,79.55783432006837,71.02917310714722,0.2815756794676896,0.1394751217208685,0.142100557746821,^GSPC,7585.72998046875,377.0
BRC,MOS_Radar_V6.8.0,1,2026-09-16T18:10:03.344510+00:00,QUALITY_PRICE_WAIT,质量通过，但价格超过20倍盈利或5%正常化Owner FCF收益率约束,UNCHANGED,NOT_ELIGIBLE,先满足质量与合理估值条件,UNCHANGED,84.805,2026-09-16T17:45:56+00:00,2026-07-31,2026-09-16T17:54:09.973429+00:00,WAIT_PRICE,68.14001876094065,19.435344932039875,0.0401745290731328,0.1507422865401359,,,,,,,,,,
BMI,MOS_Radar_V6.8.0,1,2026-09-16T18:10:03.344510+00:00,QUALITY_PRICE_WAIT,质量通过，但价格超过20倍盈利或5%正常化Owner FCF收益率约束,UNCHANGED,NOT_ELIGIBLE,先满足质量与合理估值条件,UNCHANGED,127.415,2026-09-16T17:53:23+00:00,2026-06-30,2026-09-16T17:54:21.336920+00:00,WAIT_PRICE,79.83862416533442,29.380695880446204,0.0313301511459931,0.1840835871602624,,,,,,,,,,
FIZZ,MOS_Radar_V6.8.0,1,2026-09-16T18:10:03.344510+00:00,QUALITY_WATCH,通过质量门槛及合理估值初始规则；不等于厚安全边际或买入指令,UNCHANGED,TREND_WAIT,长均线或相对强度未同时通过；若此前持有，应复核趋势理由,UNCHANGED,32.0396,2026-09-16T17:52:13+00:00,2026-07-31,2026-09-16T17:55:34.360803+00:00,WAIT_PRICE,33.713344890185624,17.149994652777313,0.0526119940482802,0.4756338675507134,2026-09-15T00:00:00+00:00,31.3700008392334,31.50759952545166,31.27357045173645,-0.0337887868703938,0.1394751217208685,-0.1732639085912624,^GSPC,7585.72998046875,377.0
QLYS,MOS_Radar_V6.8.0,1,2026-09-16T18:10:03.344510+00:00,QUALITY_PRICE_WAIT,质量通过，但价格超过20倍盈利或5%正常化Owner FCF收益率约束,UNCHANGED,NOT_ELIGIBLE,先满足质量与合理估值条件,UNCHANGED,180.83,2026-09-16T17:55:20+00:00,2026-06-30,2026-09-16T17:55:52.566070+00:00,WAIT_PRICE,96.8746890935046,30.28804561824764,0.0267861220741869,0.3673702427684389,,,,,,,,,,
PRDO,MOS_Radar_V6.8.0,1,2026-09-16T18:10:03.344510+00:00,QUALITY_WATCH,通过质量门槛及合理估值初始规则；不等于厚安全边际或买入指令,UNCHANGED,TREND_WAIT,长均线或相对强度未同时通过；若此前持有，应复核趋势理由,UNCHANGED,32.97,2026-09-16T18:03:07+00:00,2026-06-30,2026-09-16T18:04:35.766009+00:00,WAIT_PRICE,46.02853063885409,11.648405486325691,0.0698036558065727,0.1713939011562701,2026-09-15T00:00:00+00:00,32.91999816894531,32.71560939788819,32.60731160163879,0.0601992243742688,0.1394751217208685,-0.0792758973465996,^GSPC,7585.72998046875,377.0
MCRI,MOS_Radar_V6.8.0,1,2026-09-16T18:10:03.344510+00:00,QUALITY_PRICE_WAIT,质量通过，但价格超过20倍盈利或5%正常化Owner FCF收益率约束,UNCHANGED,NOT_ELIGIBLE,先满足质量与合理估值条件,UNCHANGED,123.79,2026-09-16T18:03:02+00:00,2026-06-30,2026-09-16T18:04:54.113584+00:00,WAIT_PRICE,116.36895192228332,19.353852584276687,0.0470025656039596,0.1987537471674101,,,,,,,,,,
MD,MOS_Radar_V6.8.0,1,2026-09-16T18:10:03.344510+00:00,QUALITY_WATCH,通过质量门槛及合理估值初始规则；不等于厚安全边际或买入指令,UNCHANGED,TREND_WATCH,完整交易日趋势通过，需复核当前报价,UNCHANGED,26.27,2026-09-16T18:05:29+00:00,2026-06-30,2026-09-16T18:06:51.010127+00:00,WAIT_PRICE,38.15544787085562,12.210813509632368,0.0726217127347842,0.198422887317149,2026-09-15T00:00:00+00:00,26.690000534057617,26.407399940490723,23.08579997062683,0.262933127468826,0.1394751217208685,0.1234580057479575,^GSPC,7585.72998046875,377.0
EPAC,MOS_Radar_V6.8.0,1,2026-09-16T18:10:03.344510+00:00,QUALITY_PRICE_WAIT,质量通过，但价格超过20倍盈利或5%正常化Owner FCF收益率约束,UNCHANGED,NOT_ELIGIBLE,先满足质量与合理估值条件,UNCHANGED,36.28,2026-09-16T18:07:12+00:00,2026-05-31,2026-09-16T18:08:07.897314+00:00,WAIT_PRICE,22.21787913797203,19.88119906616211,0.0306200098373374,0.2200750893808899,,,,,,,,,,
CTS,MOS_Radar_V6.8.0,1,2026-09-16T18:10:03.344510+00:00,QUALITY_PRICE_WAIT,质量通过，但价格超过20倍盈利或5%正常化Owner FCF收益率约束,UNCHANGED,NOT_ELIGIBLE,先满足质量与合理估值条件,UNCHANGED,57.79,2026-09-16T18:04:31+00:00,2026-06-30,2026-09-16T18:09:08.385575+00:00,WAIT_PRICE,48.874858078578015,23.64815051005929,0.04531097228794,0.1218264186517462,,,,,,,,,,
TILE,MOS_Radar_V6.8.0,1,2026-09-16T18:10:03.344510+00:00,QUALITY_PRICE_WAIT,质量通过，但价格超过20倍盈利或5%正常化Owner FCF收益率约束,UNCHANGED,NOT_ELIGIBLE,先满足质量与合理估值条件,UNCHANGED,34.64,2026-09-16T18:09:35+00:00,2026-06-30,2026-09-16T18:09:41.205280+00:00,WAIT_PRICE,28.617679325480395,13.755868303101956,0.041307273853176,0.2145644306531144,,,,,,,,,,
AAPL,MOS_Radar_V6.8.0,1,2026-09-17T18:03:49.880993+00:00,QUALITY_PRICE_WAIT,质量通过，但价格超过20倍盈利或5%正常化Owner FCF收益率约束,UNCHANGED,NOT_ELIGIBLE,先满足质量与合理估值条件,UNCHANGED,335.64,2026-09-17T17:10:32+00:00,2026-06-30,2026-09-17T17:10:34.253129+00:00,WAIT_PRICE,124.15645706491486,37.98980515146755,0.0184954798392496,1.199125744047619,,,,,,,,,,
JNJ,MOS_Radar_V6.8.0,1,2026-09-17T18:03:49.880993+00:00,QUALITY_PRICE_WAIT,质量通过，但价格超过20倍盈利或5%正常化Owner FCF收益率约束,UNCHANGED,NOT_ELIGIBLE,先满足质量与合理估值条件,UNCHANGED,267.815,2026-09-17T17:11:02+00:00,2026-06-30,2026-09-17T17:11:05.179214+00:00,WAIT_PRICE,140.05775900417115,30.679612047302204,0.0261482290021416,0.247578585635099,,,,,,,,,,
NFLX,MOS_Radar_V6.8.0,1,2026-09-17T18:03:49.880993+00:00,QUALITY_PRICE_WAIT,质量通过，但价格超过20倍盈利或5%正常化Owner FCF收益率约束,UNCHANGED,NOT_ELIGIBLE,先满足质量与合理估值条件,UNCHANGED,75.65,2026-09-17T17:11:00+00:00,2026-06-30,2026-09-17T17:11:19.218440+00:00,WAIT_PRICE,28.063925449379184,23.077677996468168,0.0185485297087767,0.4526936342508297,,,,,,,,,,
NVS,MOS_Radar_V6.8.0,1,2026-09-17T18:03:49.880993+00:00,QUALITY_PRICE_WAIT,质量通过，但价格超过20倍盈利或5%正常化Owner FCF收益率约束,UNCHANGED,NOT_ELIGIBLE,先满足质量与合理估值条件,UNCHANGED,140.45,2026-09-17T17:11:18+00:00,2026-06-30,2026-09-17T17:11:39.402575+00:00,WAIT_PRICE,128.78049887724146,20.926189031706407,0.0458456742176011,0.3070868037167204,,,,,,,,,,
KLAC,MOS_Radar_V6.8.0,1,2026-09-17T18:03:49.880993+00:00,QUALITY_PRICE_WAIT,质量通过，但价格超过20倍盈利或5%正常化Owner FCF收益率约束,UNCHANGED,NOT_ELIGIBLE,先满足质量与合理估值条件,UNCHANGED,168.395,2026-09-17T17:11:45+00:00,2026-06-30,2026-09-17T17:11:49.047072+00:00,WAIT_PRICE,49.41989770431882,45.54468657393511,0.0146738019847141,0.7607729037988479,,,,,,,,,,
QCOM,MOS_Radar_V6.8.0,1,2026-09-17T18:03:49.880993+00:00,QUALITY_PRICE_WAIT,质量通过，但价格超过20倍盈利或5%正常化Owner FCF收益率约束,UNCHANGED,NOT_ELIGIBLE,先满足质量与合理估值条件,UNCHANGED,191.41,2026-09-17T17:11:55+00:00,2026-06-30,2026-09-17T17:11:58.316099+00:00,WAIT_PRICE,134.33695844128795,22.079864102821507,0.0350914159242693,0.3347675175356135,,,,,,,,,,
ADI,MOS_Radar_V6.8.0,1,2026-09-17T18:03:49.880993+00:00,QUALITY_PRICE_WAIT,质量通过，但价格超过20倍盈利或5%正常化Owner FCF收益率约束,UNCHANGED,NOT_ELIGIBLE,先满足质量与合理估值条件,UNCHANGED,364.34,2026-09-17T17:11:25+00:00,2026-07-31,2026-09-17T17:12:06.324193+00:00,WAIT_PRICE,138.58181303731158,42.69562489989569,0.0190181990774155,0.1232457063666584,,,,,,,,,,
TJX,MOS_Radar_V6.8.0,1,2026-09-17T18:03:49.880993+00:00,QUALITY_PRICE_WAIT,质量通过，但价格超过20倍盈利或5%正常化Owner FCF收益率约束,UNCHANGED,NOT_ELIGIBLE,先满足质量与合理估值条件,UNCHANGED,125.67,2026-09-17T17:12:35+00:00,2026-07-31,2026-09-17T17:12:38.921877+00:00,WAIT_PRICE,69.99256059890901,22.7845291300078,0.0278477602446522,0.5696178762557507,,,,,,,,,,
LMT,MOS_Radar_V6.8.0,1,2026-09-17T18:03:49.880993+00:00,QUALITY_PRICE_WAIT,质量通过，但价格超过20倍盈利或5%正常化Owner FCF收益率约束,UNCHANGED,NOT_ELIGIBLE,先满足质量与合理估值条件,UNCHANGED,532.225,2026-09-17T17:13:33+00:00,2026-06-30,2026-09-17T17:13:40.172866+00:00,WAIT_PRICE,507.7615568168706,19.53755414043028,0.0477017762052581,0.7170392335766423,,,,,,,,,,
SYK,MOS_Radar_V6.8.0,1,2026-09-17T18:03:49.880993+00:00,QUALITY_PRICE_WAIT,质量通过，但价格超过20倍盈利或5%正常化Owner FCF收益率约束,UNCHANGED,NOT_ELIGIBLE,先满足质量与合理估值条件,UNCHANGED,282.465,2026-09-17T17:13:38+00:00,2026-06-30,2026-09-17T17:13:41.826378+00:00,WAIT_PRICE,157.68835014590013,29.0549635381345,0.0279129007391889,0.1554527263631815,,,,,,,,,,
BMY,MOS_Radar_V6.8.0,1,2026-09-17T18:03:49.880993+00:00,QUALITY_WATCH,通过质量门槛及合理估值初始规则；不等于厚安全边际或买入指令,UNCHANGED,TREND_WAIT,长均线或相对强度未同时通过；若此前持有，应复核趋势理由,UNCHANGED,63.185,2026-09-17T17:13:42+00:00,2026-06-30,2026-09-17T17:13:48.626199+00:00,WAIT_PRICE,90.87906400433512,13.905292861948038,0.0843502781004948,0.4158788476186209,2026-09-16T00:00:00+00:00,63.59999847412109,63.799599990844726,57.94121114730835,0.087149772019184,0.1329531224509794,-0.0458033504317954,^GSPC,7551.81005859375,378.0
ACN,MOS_Radar_V6.8.0,1,2026-09-17T18:03:49.880993+00:00,QUALITY_WATCH,通过质量门槛及合理估值初始规则；不等于厚安全边际或买入指令,UNCHANGED,TREND_WAIT,长均线或相对强度未同时通过；若此前持有，应复核趋势理由,UNCHANGED,189.8608,2026-09-17T17:13:50+00:00,2026-05-31,2026-09-17T17:13:55.642189+00:00,WAIT_PRICE,242.50494851474912,14.914956822503326,0.0638638804099501,0.2442650908108686,2026-09-16T00:00:00+00:00,189.63999938964844,169.05139923095703,198.02174777984607,-0.2263180685956495,0.1329531224509794,-0.3592711910466289,^GSPC,7551.81005859375,378.0
PH,MOS_Radar_V6.8.0,1,2026-09-17T18:03:49.880993+00:00,QUALITY_PRICE_WAIT,质量通过，但价格超过20倍盈利或5%正常化Owner FCF收益率约束,UNCHANGED,NOT_ELIGIBLE,先满足质量与合理估值条件,UNCHANGED,923.305,2026-09-17T17:13:22+00:00,2026-06-30,2026-09-17T17:14:01.309767+00:00,WAIT_PRICE,483.6669944051918,31.90248285138316,0.0261921572181019,0.2368216047779797,,,,,,,,,,
INTU,MOS_Radar_V6.8.0,1,2026-09-17T18:03:49.880993+00:00,QUALITY_PRICE_WAIT,质量通过，但价格超过20倍盈利或5%正常化Owner FCF收益率约束,UNCHANGED,NOT_ELIGIBLE,先满足质量与合理估值条件,UNCHANGED,315.825,2026-09-17T17:14:00+00:00,2026-07-31,2026-09-17T17:14:03.032950+00:00,WAIT_PRICE,307.6681166537977,18.48440932154144,0.0487086387483254,0.2404170176916596,,,,,,,,,,
TT,MOS_Radar_V6.8.0,1,2026-09-17T18:03:49.880993+00:00,QUALITY_PRICE_WAIT,质量通过，但价格超过20倍盈利或5%正常化Owner FCF收益率约束,UNCHANGED,NOT_ELIGIBLE,先满足质量与合理估值条件,UNCHANGED,421.0,2026-09-17T17:13:24+00:00,2026-06-30,2026-09-17T17:14:09.610668+00:00,WAIT_PRICE,195.37714429057624,31.410565451678536,0.023203936376553,0.3419963121455658,,,,,,,,,,
ADBE,MOS_Radar_V6.8.0,1,2026-09-17T18:03:49.880993+00:00,QUALITY_WATCH,通过质量门槛及合理估值初始规则；不等于厚安全边际或买入指令,UNCHANGED,TREND_WAIT,长均线或相对强度未同时通过；若此前持有，应复核趋势理由,UNCHANGED,250.19,2026-09-17T17:14:01+00:00,2025-11-30,2026-09-17T17:14:12.634044+00:00,WAIT_PRICE,316.1006258462417,13.94818036051318,0.0631721143623329,0.6190310817850321,2026-09-16T00:00:00+00:00,250.5,254.898798828125,265.6951000976562,-0.0376179410109102,0.1329531224509794,-0.1705710634618896,^GSPC,7551.81005859375,378.0
CDNS,MOS_Radar_V6.8.0,1,2026-09-17T18:03:49.880993+00:00,QUALITY_PRICE_WAIT,质量通过，但价格超过20倍盈利或5%正常化Owner FCF收益率约束,UNCHANGED,NOT_ELIGIBLE,先满足质量与合理估值条件,UNCHANGED,278.535,2026-09-17T17:14:22+00:00,2026-06-30,2026-09-17T17:14:25.235395+00:00,WAIT_PRICE,65.84820515255245,55.66540221765791,0.0118204543688499,0.200933425858378,,,,,,,,,,
FTNT,MOS_Radar_V6.8.0,1,2026-09-17T18:03:49.880993+00:00,QUALITY_PRICE_WAIT,质量通过，但价格超过20倍盈利或5%正常化Owner FCF收益率约束,UNCHANGED,NOT_ELIGIBLE,先满足质量与合理估值条件,UNCHANGED,173.028,2026-09-17T17:14:22+00:00,2026-06-30,2026-09-17T17:14:43.288026+00:00,WAIT_PRICE,42.81029785084282,59.86372700604486,0.0123709162247852,1.367223260911611,,,,,,,,,,
ADP,MOS_Radar_V6.8.0,1,2026-09-17T18:03:49.880993+00:00,QUALITY_PRICE_WAIT,质量通过，但价格超过20倍盈利或5%正常化Owner FCF收益率约束,UNCHANGED,NOT_ELIGIBLE,先满足质量与合理估值条件,UNCHANGED,272.805,2026-09-17T17:13:37+00:00,2026-06-30,2026-09-17T17:14:58.528883+00:00,WAIT_PRICE,194.1586634913253,24.555956418553908,0.0355856130736836,0.7317615068311447,,,,,,,,,,
MNST,MOS_Radar_V6.8.0,1,2026-09-17T18:03:49.880993+00:00,QUALITY_PRICE_WAIT,质量通过，但价格超过20倍盈利或5%正常化Owner FCF收益率约束,UNCHANGED,NOT_ELIGIBLE,先满足质量与合理估值条件,UNCHANGED,44.62,2026-09-17T17:15:02+00:00,2026-06-30,2026-09-17T17:15:04.468660+00:00,WAIT_PRICE,13.709962205439911,41.08385586918411,0.0153630235381442,0.2272144780283267,,,,,,,,,,
ITW,MOS_Radar_V6.8.0,1,2026-09-17T18:03:49.880993+00:00,QUALITY_PRICE_WAIT,质量通过，但价格超过20倍盈利或5%正常化Owner FCF收益率约束,UNCHANGED,NOT_ELIGIBLE,先满足质量与合理估值条件,UNCHANGED,267.595,2026-09-17T17:14:11+00:00,2026-06-30,2026-09-17T17:16:11.826357+00:00,WAIT_PRICE,180.98665647775383,23.86069390972331,0.0338172717124299,1.103662750518314,,,,,,,,,,
CL,MOS_Radar_V6.8.0,1,2026-09-17T18:03:49.880993+00:00,QUALITY_PRICE_WAIT,质量通过，但价格超过20倍盈利或5%正常化Owner FCF收益率约束,UNCHANGED,NOT_ELIGIBLE,先满足质量与合理估值条件,UNCHANGED,87.2868,2026-09-17T17:16:14+00:00,2026-06-30,2026-09-17T17:16:18.116700+00:00,WAIT_PRICE,51.10560736508849,34.15938269804334,0.0414722560764487,8.63135593220339,,,,,,,,,,
ROST,MOS_Radar_V6.8.0,1,2026-09-17T18:03:49.880993+00:00,QUALITY_PRICE_WAIT,质量通过，但价格超过20倍盈利或5%正常化Owner FCF收益率约束,UNCHANGED,NOT_ELIGIBLE,先满足质量与合理估值条件,UNCHANGED,230.665,2026-09-17T17:16:09+00:00,2026-07-31,2026-09-17T17:16:31.703722+00:00,WAIT_PRICE,94.41753713999432,27.711509457799327,0.0204663770272894,0.3943334484125007,,,,,,,,,,
CTAS,MOS_Radar_V6.8.0,1,2026-09-17T18:03:49.880993+00:00,QUALITY_PRICE_WAIT,质量通过，但价格超过20倍盈利或5%正常化Owner FCF收益率约束,UNCHANGED,NOT_ELIGIBLE,先满足质量与合理估值条件,UNCHANGED,197.89,2026-09-17T17:16:06+00:00,2026-05-31,2026-09-17T17:16:43.828928+00:00,WAIT_PRICE,75.90949700867097,39.723660507539655,0.0191797203013469,0.3878511336922388,,,,,,,,,,
TEL,MOS_Radar_V6.8.0,1,2026-09-17T18:03:49.880993+00:00,QUALITY_PRICE_WAIT,质量通过，但价格超过20倍盈利或5%正常化Owner FCF收益率约束,UNCHANGED,NOT_ELIGIBLE,先满足质量与合理估值条件,UNCHANGED,204.16,2026-09-17T17:16:23+00:00,2026-06-30,2026-09-17T17:17:05.623932+00:00,WAIT_PRICE,165.48466359062834,19.59781886230408,0.0405281797586766,0.2276913785293673,,,,,,,,,,
AME,MOS_Radar_V6.8.0,1,2026-09-17T18:03:49.880993+00:00,QUALITY_PRICE_WAIT,质量通过，但价格超过20倍盈利或5%正常化Owner FCF收益率约束,UNCHANGED,NOT_ELIGIBLE,先满足质量与合理估值条件,UNCHANGED,233.9,2026-09-17T17:17:25+00:00,2026-06-30,2026-09-17T17:17:52.416448+00:00,WAIT_PRICE,126.3514724533808,34.01968163595096,0.0270097204902481,0.1399789694534908,,,,,,,,,,
ADSK,MOS_Radar_V6.8.0,1,2026-09-17T18:03:49.880993+00:00,QUALITY_PRICE_WAIT,质量通过，但价格超过20倍盈利或5%正常化Owner FCF收益率约束,UNCHANGED,NOT_ELIGIBLE,先满足质量与合理估值条件,UNCHANGED,217.96,2026-09-17T17:18:03+00:00,2026-07-31,2026-09-17T17:18:13.298017+00:00,WAIT_PRICE,94.3859620048903,27.74277795566276,0.0216521292908997,0.485368016553355,,,,,,,,,,
ROK,MOS_Radar_V6.8.0,1,2026-09-17T18:03:49.880993+00:00,QUALITY_PRICE_WAIT,质量通过，但价格超过20倍盈利或5%正常化Owner FCF收益率约束,UNCHANGED,NOT_ELIGIBLE,先满足质量与合理估值条件,UNCHANGED,411.2901,2026-09-17T17:18:11+00:00,2026-06-30,2026-09-17T17:18:15.414311+00:00,WAIT_PRICE,159.88033928278796,38.02932645108426,0.0194364439215517,0.3437321121923297,,,,,,,,,,
GRMN,MOS_Radar_V6.8.0,1,2026-09-17T18:03:49.880993+00:00,QUALITY_PRICE_WAIT,质量通过，但价格超过20倍盈利或5%正常化Owner FCF收益率约束,UNCHANGED,NOT_ELIGIBLE,先满足质量与合理估值条件,UNCHANGED,279.4299,2026-09-17T17:18:05+00:00,2026-06-30,2026-09-17T17:18:48.273455+00:00,WAIT_PRICE,99.74302294210167,28.70555441279248,0.0178475930711247,0.2079179640122347,,,,,,,,,,
IDXX,MOS_Radar_V6.8.0,1,2026-09-17T18:03:49.880993+00:00,QUALITY_PRICE_WAIT,质量通过，但价格超过20倍盈利或5%正常化Owner FCF收益率约束,UNCHANGED,NOT_ELIGIBLE,先满足质量与合理估值条件,UNCHANGED,511.25,2026-09-17T17:19:00+00:00,2026-06-30,2026-09-17T17:19:04.502430+00:00,WAIT_PRICE,175.73158014161666,35.34123064766912,0.017186462605537,0.7067305396648218,,,,,,,,,,
EME,MOS_Radar_V6.8.0,1,2026-09-17T18:03:49.880993+00:00,QUALITY_PRICE_WAIT,质量通过，但价格超过20倍盈利或5%正常化Owner FCF收益率约束,UNCHANGED,NOT_ELIGIBLE,先满足质量与合理估值条件,UNCHANGED,728.945,2026-09-17T17:19:02+00:00,2026-06-30,2026-09-17T17:19:15.184447+00:00,WAIT_PRICE,422.3218459008946,22.34201672611038,0.0289680185679917,0.3528293241302143,,,,,,,,,,
KVUE,MOS_Radar_V6.8.0,1,2026-09-17T18:03:49.880993+00:00,QUALITY_PRICE_WAIT,质量通过，但价格超过20倍盈利或5%正常化Owner FCF收益率约束,UNCHANGED,NOT_ELIGIBLE,先满足质量与合理估值条件,UNCHANGED,17.885,2026-09-17T17:20:26+00:00,2026-06-30,2026-09-17T17:20:38.837529+00:00,WAIT_PRICE,17.263878403854275,20.719562060871628,0.0502430150763042,0.1571117217852743,,,,,,,,,,
A,MOS_Radar_V6.8.0,1,2026-09-17T18:03:49.880993+00:00,QUALITY_PRICE_WAIT,质量通过，但价格超过20倍盈利或5%正常化Owner FCF收益率约束,UNCHANGED,NOT_ELIGIBLE,先满足质量与合理估值条件,UNCHANGED,155.4175,2026-09-17T17:19:54+00:00,2026-07-31,2026-09-17T17:20:55.666041+00:00,WAIT_PRICE,80.27569151527281,30.43223648419416,0.0258258212605635,0.1955724568789895,,,,,,,,,,
RMD,MOS_Radar_V6.8.0,1,2026-09-17T18:03:49.880993+00:00,QUALITY_PRICE_WAIT,质量通过，但价格超过20倍盈利或5%正常化Owner FCF收益率约束,UNCHANGED,NOT_ELIGIBLE,先满足质量与合理估值条件,UNCHANGED,227.63,2026-09-17T17:21:09+00:00,2026-06-30,2026-09-17T17:21:31.387787+00:00,WAIT_PRICE,165.61156039714947,21.55603230575928,0.0363773580804703,0.2313139094356252,,,,,,,,,,
DOV,MOS_Radar_V6.8.0,1,2026-09-17T18:03:49.880993+00:00,QUALITY_PRICE_WAIT,质量通过，但价格超过20倍盈利或5%正常化Owner FCF收益率约束,UNCHANGED,NOT_ELIGIBLE,先满足质量与合理估值条件,UNCHANGED,189.205,2026-09-17T17:21:28+00:00,2026-06-30,2026-09-17T17:21:49.440366+00:00,WAIT_PRICE,122.38466961638744,22.45619935468769,0.0323418169753408,0.1472935372307698,,,,,,,,,,
EXPE,MOS_Radar_V6.8.0,1,2026-09-17T18:03:49.880993+00:00,QUALITY_WATCH,通过质量门槛及合理估值初始规则；不等于厚安全边际或买入指令,UNCHANGED,TREND_WATCH,完整交易日趋势通过，需复核当前报价,UNCHANGED,282.885,2026-09-17T17:22:07+00:00,2026-06-30,2026-09-17T17:22:26.355204+00:00,WAIT_PRICE,334.04964279404936,16.6760542358721,0.0590433644049789,1.684036393713813,2026-09-16T00:00:00+00:00,286.9700012207031,296.798041381836,259.0720140838623,0.5040610330823652,0.1329531224509794,0.3711079106313857,^GSPC,7551.81005859375,378.0
TPR,MOS_Radar_V6.8.0,1,2026-09-17T18:03:49.880993+00:00,QUALITY_PRICE_WAIT,质量通过，但价格超过20倍盈利或5%正常化Owner FCF收益率约束,UNCHANGED,NOT_ELIGIBLE,先满足质量与合理估值条件,UNCHANGED,118.71,2026-09-17T17:21:01+00:00,2026-06-30,2026-09-17T17:22:28.092128+00:00,WAIT_PRICE,112.532280173943,15.493739551503218,0.0473979783396272,2.2073399797717093,,,,,,,,,,
STRL,MOS_Radar_V6.8.0,1,2026-09-17T18:03:49.880993+00:00,QUALITY_PRICE_WAIT,质量通过，但价格超过20倍盈利或5%正常化Owner FCF收益率约束,UNCHANGED,NOT_ELIGIBLE,先满足质量与合理估值条件,UNCHANGED,500.15,2026-09-17T17:22:06+00:00,2026-06-30,2026-09-17T17:22:30.678767+00:00,WAIT_PRICE,209.3442408077648,35.45667722954135,0.0209281456370853,0.3178923094491698,,,,,,,,,,
ROL,MOS_Radar_V6.8.0,1,2026-09-17T18:03:49.880993+00:00,QUALITY_PRICE_WAIT,质量通过，但价格超过20倍盈利或5%正常化Owner FCF收益率约束,UNCHANGED,NOT_ELIGIBLE,先满足质量与合理估值条件,UNCHANGED,33.13,2026-09-17T17:22:21+00:00,2026-06-30,2026-09-17T17:22:41.120545+00:00,WAIT_PRICE,21.259622528196847,29.97906353850314,0.0320851532269798,0.3719341884461145,,,,,,,,,,
NTAP,MOS_Radar_V6.8.0,1,2026-09-17T18:03:49.880993+00:00,QUALITY_PRICE_WAIT,质量通过，但价格超过20倍盈利或5%正常化Owner FCF收益率约束,UNCHANGED,NOT_ELIGIBLE,先满足质量与合理估值条件,UNCHANGED,197.395,2026-09-17T17:23:19+00:00,2026-07-31,2026-09-17T17:23:24.126883+00:00,WAIT_PRICE,106.09971040701711,27.342828160202767,0.0268749741399268,0.948494983277592,,,,,,,,,,
CHD,MOS_Radar_V6.8.0,1,2026-09-17T18:03:49.880993+00:00,QUALITY_PRICE_WAIT,质量通过，但价格超过20倍盈利或5%正常化Owner FCF收益率约束,UNCHANGED,NOT_ELIGIBLE,先满足质量与合理估值条件,UNCHANGED,95.9,2026-09-17T17:23:23+00:00,2025-12-31,2026-09-17T17:23:44.183256+00:00,WAIT_PRICE,62.12376495777262,30.87385320744359,0.0370342609621203,0.1760152890587673,,,,,,,,,,
WST,MOS_Radar_V6.8.0,1,2026-09-17T18:03:49.880993+00:00,QUALITY_PRICE_WAIT,质量通过，但价格超过20倍盈利或5%正常化Owner FCF收益率约束,UNCHANGED,NOT_ELIGIBLE,先满足质量与合理估值条件,UNCHANGED,365.7,2026-09-17T17:23:01+00:00,2026-06-30,2026-09-17T17:24:09.370967+00:00,WAIT_PRICE,103.63416157231188,45.55924415379558,0.014169286515219,0.1889171292890107,,,,,,,,,,
MTD,MOS_Radar_V6.8.0,1,2026-09-17T18:03:49.880993+00:00,QUALITY_PRICE_WAIT,质量通过，但价格超过20倍盈利或5%正常化Owner FCF收益率约束,UNCHANGED,NOT_ELIGIBLE,先满足质量与合理估值条件,UNCHANGED,1406.81,2026-09-17T17:23:45+00:00,2026-06-30,2026-09-17T17:24:20.000770+00:00,WAIT_PRICE,806.374204625711,31.125541475100377,0.0286596699136952,70.62395695235125,,,,,,,,,,
VLTO,MOS_Radar_V6.8.0,1,2026-09-17T18:03:49.880993+00:00,QUALITY_PRICE_WAIT,质量通过，但价格超过20倍盈利或5%正常化Owner FCF收益率约束,UNCHANGED,NOT_ELIGIBLE,先满足质量与合理估值条件,UNCHANGED,95.05,2026-09-17T17:23:32+00:00,2026-06-30,2026-09-17T17:24:21.549086+00:00,WAIT_PRICE,68.58267411588227,23.45400616518041,0.0360771562945198,0.3190184049079754,,,,,,,,,,
FFIV,MOS_Radar_V6.8.0,1,2026-09-17T18:03:49.880993+00:00,QUALITY_PRICE_WAIT,质量通过，但价格超过20倍盈利或5%正常化Owner FCF收益率约束,UNCHANGED,NOT_ELIGIBLE,先满足质量与合理估值条件,UNCHANGED,435.21,2026-09-17T17:24:00+00:00,2026-06-30,2026-09-17T17:24:35.936407+00:00,WAIT_PRICE,153.65236028933327,33.9220594270487,0.0176526688597841,0.1884235121296128,,,,,,,,,,
SNA,MOS_Radar_V6.8.0,1,2026-09-17T18:03:49.880993+00:00,QUALITY_PRICE_WAIT,质量通过，但价格超过20倍盈利或5%正常化Owner FCF收益率约束,UNCHANGED,NOT_ELIGIBLE,先满足质量与合理估值条件,UNCHANGED,373.11,2026-09-17T17:24:30+00:00,2026-06-30,2026-09-17T17:25:39.824241+00:00,WAIT_PRICE,353.17062509077715,18.670703761167125,0.0473279495444744,0.1711055567510304,,,,,,,,,,
BR,MOS_Radar_V6.8.0,1,2026-09-17T18:03:49.880993+00:00,QUALITY_PRICE_WAIT,质量通过，但价格超过20倍盈利或5%正常化Owner FCF收益率约束,UNCHANGED,NOT_ELIGIBLE,先满足质量与合理估值条件,UNCHANGED,164.89,2026-09-17T17:26:25+00:00,2026-06-30,2026-09-17T17:26:33.484556+00:00,WAIT_PRICE,160.9209851954643,16.720966028661167,0.0487964658849731,0.3958318665070759,,,,,,,,,,
NBIX,MOS_Radar_V6.8.0,1,2026-09-17T18:03:49.880993+00:00,QUALITY_PRICE_WAIT,质量通过，但价格超过20倍盈利或5%正常化Owner FCF收益率约束,UNCHANGED,NOT_ELIGIBLE,先满足质量与合理估值条件,UNCHANGED,151.225,2026-09-17T17:24:25+00:00,2025-12-31,2026-09-17T17:27:10.628607+00:00,WAIT_PRICE,59.49875538987122,32.118466396035025,0.0196722616597358,0.1295754819146632,,,,,,,,,,
NDSN,MOS_Radar_V6.8.0,1,2026-09-17T18:03:49.880993+00:00,QUALITY_PRICE_WAIT,质量通过，但价格超过20倍盈利或5%正常化Owner FCF收益率约束,UNCHANGED,NOT_ELIGIBLE,先满足质量与合理估值条件,UNCHANGED,312.385,2026-09-17T17:27:13+00:00,2026-07-31,2026-09-17T17:27:26.477178+00:00,WAIT_PRICE,191.1997466375867,31.3406637003792,0.0306032214475065,0.1698280759080824,,,,,,,,,,
LOGI,MOS_Radar_V6.8.0,1,2026-09-17T18:03:49.880993+00:00,QUALITY_WATCH,通过质量门槛及合理估值初始规则；不等于厚安全边际或买入指令,UNCHANGED,TREND_WAIT,长均线或相对强度未同时通过；若此前持有，应复核趋势理由,EXIT_REVIEW,102.42,2026-09-17T17:26:12+00:00,2026-06-30,2026-09-17T17:27:35.155011+00:00,WAIT_PRICE,102.55633302952832,18.31179468958636,0.0500665558628824,0.3405424482671378,2026-09-16T00:00:00+00:00,99.52999877929688,101.67559997558594,100.36830013275149,0.1309696745872652,0.1329531224509794,-0.0019834478637141,^GSPC,7551.81005859375,378.0
MLI,MOS_Radar_V6.8.0,1,2026-09-17T18:03:49.880993+00:00,QUALITY_PRICE_WAIT,质量通过，但价格超过20倍盈利或5%正常化Owner FCF收益率约束,UNCHANGED,NOT_ELIGIBLE,先满足质量与合理估值条件,UNCHANGED,60.27,2026-09-17T17:27:06+00:00,2026-06-30,2026-09-17T17:27:36.747675+00:00,WAIT_PRICE,54.08541235760524,15.673694258030263,0.0448692652709517,0.2397316609118455,,,,,,,,,,
LECO,MOS_Radar_V6.8.0,1,2026-09-17T18:03:49.880993+00:00,QUALITY_PRICE_WAIT,质量通过，但价格超过20倍盈利或5%正常化Owner FCF收益率约束,UNCHANGED,NOT_ELIGIBLE,先满足质量与合理估值条件,UNCHANGED,258.27,2026-09-17T17:27:14+00:00,2026-06-30,2026-09-17T17:27:56.893916+00:00,WAIT_PRICE,165.92128763023686,25.430721399784066,0.0321216725965533,0.3561691695942555,,,,,,,,,,
RMBS,MOS_Radar_V6.8.0,1,2026-09-17T18:03:49.880993+00:00,QUALITY_PRICE_WAIT,质量通过，但价格超过20倍盈利或5%正常化Owner FCF收益率约束,UNCHANGED,NOT_ELIGIBLE,先满足质量与合理估值条件,UNCHANGED,85.14,2026-09-17T17:27:58+00:00,2026-06-30,2026-09-17T17:28:14.830400+00:00,WAIT_PRICE,33.92122119359685,38.528124220712165,0.0199208487159953,0.1634190360540521,,,,,,,,,,
CSL,MOS_Radar_V6.8.0,1,2026-09-17T18:03:49.880993+00:00,QUALITY_WATCH,通过质量门槛及合理估值初始规则；不等于厚安全边际或买入指令,UNCHANGED,TREND_WAIT,长均线或相对强度未同时通过；若此前持有，应复核趋势理由,UNCHANGED,321.625,2026-09-17T17:28:13+00:00,2026-06-30,2026-09-17T17:28:27.206908+00:00,WAIT_PRICE,363.9510397973437,17.67408056748997,0.0652467089944655,0.4468835023497403,2026-09-16T00:00:00+00:00,317.5400085449219,350.6823382568359,350.198973236084,-0.1128515106508655,0.1329531224509794,-0.2458046331018449,^GSPC,7551.81005859375,378.0
DECK,MOS_Radar_V6.8.0,1,2026-09-17T18:03:49.880993+00:00,QUALITY_WATCH,通过质量门槛及合理估值初始规则；不等于厚安全边际或买入指令,UNCHANGED,TREND_WAIT,长均线或相对强度未同时通过；若此前持有，应复核趋势理由,UNCHANGED,79.63,2026-09-17T17:27:57+00:00,2026-06-30,2026-09-17T17:28:35.414693+00:00,WAIT_PRICE,121.4896457951516,10.685586790898428,0.076283841388391,0.4409123414963491,2026-09-16T00:00:00+00:00,77.95999908447266,93.94960021972656,102.4054999923706,-0.2213773611287732,0.1329531224509794,-0.3543304835797527,^GSPC,7551.81005859375,378.0
GGG,MOS_Radar_V6.8.0,1,2026-09-17T18:03:49.880993+00:00,QUALITY_PRICE_WAIT,质量通过，但价格超过20倍盈利或5%正常化Owner FCF收益率约束,UNCHANGED,NOT_ELIGIBLE,先满足质量与合理估值条件,UNCHANGED,76.35,2026-09-17T17:28:45+00:00,2026-06-30,2026-09-17T17:29:33.667885+00:00,WAIT_PRICE,51.68791301462684,23.175417002209883,0.033849320900214,0.211499400639318,,,,,,,,,,
RPM,MOS_Radar_V6.8.0,1,2026-09-17T18:03:49.880993+00:00,QUALITY_PRICE_WAIT,质量通过，但价格超过20倍盈利或5%正常化Owner FCF收益率约束,UNCHANGED,NOT_ELIGIBLE,先满足质量与合理估值条件,UNCHANGED,99.485,2026-09-17T17:28:32+00:00,2026-05-31,2026-09-17T17:29:57.305784+00:00,WAIT_PRICE,91.26932090695632,19.27865965204476,0.0458708955656412,0.1989063675343111,,,,,,,,,,
NYT,MOS_Radar_V6.8.0,1,2026-09-17T18:03:49.880993+00:00,QUALITY_PRICE_WAIT,质量通过，但价格超过20倍盈利或5%正常化Owner FCF收益率约束,UNCHANGED,NOT_ELIGIBLE,先满足质量与合理估值条件,UNCHANGED,70.445,2026-09-17T17:29:44+00:00,2026-06-30,2026-09-17T17:30:02.309739+00:00,WAIT_PRICE,35.70589647571247,28.92285920333521,0.0253431020482024,0.1918525486242976,,,,,,,,,,
MEDP,MOS_Radar_V6.8.0,1,2026-09-17T18:03:49.880993+00:00,QUALITY_PRICE_WAIT,质量通过，但价格超过20倍盈利或5%正常化Owner FCF收益率约束,UNCHANGED,NOT_ELIGIBLE,先满足质量与合理估值条件,UNCHANGED,620.66,2026-09-17T17:26:46+00:00,2026-06-30,2026-09-17T17:30:20.371272+00:00,WAIT_PRICE,340.32433444075264,35.24648431885945,0.0274163257210673,1.1328513049110198,,,,,,,,,,
PNR,MOS_Radar_V6.8.0,1,2026-09-17T18:03:49.880993+00:00,QUALITY_WATCH,通过质量门槛及合理估值初始规则；不等于厚安全边际或买入指令,UNCHANGED,TREND_WAIT,长均线或相对强度未同时通过；若此前持有，应复核趋势理由,UNCHANGED,56.07,2026-09-17T17:30:27+00:00,2026-06-30,2026-09-17T17:30:32.905127+00:00,WAIT_PRICE,66.69486251839287,13.737752458234487,0.0594746410900596,0.1737390979649534,2026-09-16T00:00:00+00:00,56.459999084472656,64.28828804016113,83.57444620132446,-0.3629621581226748,0.1329531224509794,-0.4959152805736543,^GSPC,7551.81005859375,378.0
GDDY,MOS_Radar_V6.8.0,1,2026-09-17T18:03:49.880993+00:00,QUALITY_WATCH,通过质量门槛及合理估值初始规则；不等于厚安全边际或买入指令,UNCHANGED,TREND_WAIT,长均线或相对强度未同时通过；若此前持有，应复核趋势理由,UNCHANGED,97.74,2026-09-17T17:30:22+00:00,2026-06-30,2026-09-17T17:30:46.312620+00:00,WAIT_PRICE,140.07360439578116,13.598315191048354,0.0716562330651632,135.86567164179104,2026-09-16T00:00:00+00:00,99.08999633789062,95.0879995727539,95.21334980010988,0.0364676828976493,0.1329531224509794,-0.0964854395533301,^GSPC,7551.81005859375,378.0
AIT,MOS_Radar_V6.8.0,1,2026-09-17T18:03:49.880993+00:00,QUALITY_PRICE_WAIT,质量通过，但价格超过20倍盈利或5%正常化Owner FCF收益率约束,UNCHANGED,NOT_ELIGIBLE,先满足质量与合理估值条件,UNCHANGED,318.0,2026-09-17T17:30:14+00:00,2026-06-30,2026-09-17T17:30:57.900715+00:00,WAIT_PRICE,211.7918614402312,28.180154658946982,0.0333006071446904,0.2226535370772322,,,,,,,,,,
ALLE,MOS_Radar_V6.8.0,1,2026-09-17T18:03:49.880993+00:00,QUALITY_PRICE_WAIT,质量通过，但价格超过20倍盈利或5%正常化Owner FCF收益率约束,UNCHANGED,NOT_ELIGIBLE,先满足质量与合理估值条件,UNCHANGED,153.865,2026-09-17T17:31:31+00:00,2025-12-31,2026-09-17T17:31:36.973068+00:00,WAIT_PRICE,121.80610436296422,20.32336990526719,0.0395821351064128,0.3038799207023506,,,,,,,,,,
WTS,MOS_Radar_V6.8.0,1,2026-09-17T18:03:49.880993+00:00,QUALITY_PRICE_WAIT,质量通过，但价格超过20倍盈利或5%正常化Owner FCF收益率约束,UNCHANGED,NOT_ELIGIBLE,先满足质量与合理估值条件,UNCHANGED,351.21,2026-09-17T17:31:53+00:00,2026-06-30,2026-09-17T17:32:54.818711+00:00,WAIT_PRICE,161.7287854572127,30.54836035759366,0.0230245131769045,0.1752991687220243,,,,,,,,,,
BSY,MOS_Radar_V6.8.0,1,2026-09-17T18:03:49.880993+00:00,QUALITY_PRICE_WAIT,质量通过，但价格超过20倍盈利或5%正常化Owner FCF收益率约束,UNCHANGED,NOT_ELIGIBLE,先满足质量与合理估值条件,UNCHANGED,31.16,2026-09-17T17:32:57+00:00,2026-06-30,2026-09-17T17:33:13.045345+00:00,WAIT_PRICE,19.19548668487967,32.465965058906065,0.0343601013543306,0.2412070460100396,,,,,,,,,,
JKHY,MOS_Radar_V6.8.0,1,2026-09-17T18:03:49.880993+00:00,QUALITY_PRICE_WAIT,质量通过，但价格超过20倍盈利或5%正常化Owner FCF收益率约束,UNCHANGED,NOT_ELIGIBLE,先满足质量与合理估值条件,UNCHANGED,156.865,2026-09-17T17:32:43+00:00,2026-06-30,2026-09-17T17:33:14.680125+00:00,WAIT_PRICE,93.32850335358825,21.87502290101946,0.0297480328159845,0.2450231462867741,,,,,,,,,,
DCI,MOS_Radar_V6.8.0,1,2026-09-17T18:03:49.880993+00:00,QUALITY_PRICE_WAIT,质量通过，但价格超过20倍盈利或5%正常化Owner FCF收益率约束,UNCHANGED,NOT_ELIGIBLE,先满足质量与合理估值条件,UNCHANGED,86.185,2026-09-17T17:28:39+00:00,2025-07-31,2026-09-17T17:33:31.591416+00:00,WAIT_PRICE,54.06300653075175,27.22014735251777,0.0313645103734708,0.2164808588450421,,,,,,,,,,
AYI,MOS_Radar_V6.8.0,1,2026-09-17T18:03:49.880993+00:00,QUALITY_PRICE_WAIT,质量通过，但价格超过20倍盈利或5%正常化Owner FCF收益率约束,UNCHANGED,NOT_ELIGIBLE,先满足质量与合理估值条件,UNCHANGED,299.46,2026-09-17T17:34:27+00:00,2026-05-31,2026-09-17T17:34:48.897308+00:00,WAIT_PRICE,281.98917630846825,18.98051799454392,0.0470829453530468,0.1656321234438015,,,,,,,,,,
CRUS,MOS_Radar_V6.8.0,1,2026-09-17T18:03:49.880993+00:00,QUALITY_WATCH,通过质量门槛及合理估值初始规则；不等于厚安全边际或买入指令,UNCHANGED,TREND_WAIT,长均线或相对强度未同时通过；若此前持有，应复核趋势理由,UNCHANGED,121.185,2026-09-17T17:35:14+00:00,2026-06-30,2026-09-17T17:35:32.736474+00:00,WAIT_PRICE,139.7403425336714,14.105974302023109,0.0576557917785499,0.1966816969838717,2026-09-16T00:00:00+00:00,118.0,125.06519973754882,139.97909992218018,-0.1711954732788154,0.1329531224509794,-0.3041485957297949,^GSPC,7551.81005859375,378.0
ZWS,MOS_Radar_V6.8.0,1,2026-09-17T18:03:49.880993+00:00,QUALITY_PRICE_WAIT,质量通过，但价格超过20倍盈利或5%正常化Owner FCF收益率约束,UNCHANGED,NOT_ELIGIBLE,先满足质量与合理估值条件,UNCHANGED,45.73,2026-09-17T17:35:10+00:00,2026-06-30,2026-09-17T17:35:48.867455+00:00,WAIT_PRICE,23.11531011065568,27.471803983641585,0.0252736826051341,0.1664155264902658,,,,,,,,,,
WFRD,MOS_Radar_V6.8.0,1,2026-09-17T18:03:49.880993+00:00,QUALITY_WATCH,通过质量门槛及合理估值初始规则；不等于厚安全边际或买入指令,UNCHANGED,TREND_WAIT,长均线或相对强度未同时通过；若此前持有，应复核趋势理由,UNCHANGED,82.51,2026-09-17T17:33:16+00:00,2026-06-30,2026-09-17T17:36:11.048099+00:00,WAIT_PRICE,102.36029148969068,16.121485939361573,0.0694860624788867,0.2046979865771812,2026-09-16T00:00:00+00:00,82.30000305175781,88.33190353393555,92.4650023651123,-0.0770027002564078,0.1329531224509794,-0.2099558227073873,^GSPC,7551.81005859375,378.0
MANH,MOS_Radar_V6.8.0,1,2026-09-17T18:03:49.880993+00:00,QUALITY_PRICE_WAIT,质量通过，但价格超过20倍盈利或5%正常化Owner FCF收益率约束,UNCHANGED,NOT_ELIGIBLE,先满足质量与合理估值条件,UNCHANGED,209.635,2026-09-17T17:34:54+00:00,2026-06-30,2026-09-17T17:36:17.796150+00:00,WAIT_PRICE,63.41406178676369,58.13912413817632,0.0151248746122459,1.33475337604043,,,,,,,,,,
AOS,MOS_Radar_V6.8.0,1,2026-09-17T18:03:49.880993+00:00,QUALITY_WATCH,通过质量门槛及合理估值初始规则；不等于厚安全边际或买入指令,UNCHANGED,TREND_WAIT,长均线或相对强度未同时通过；若此前持有，应复核趋势理由,UNCHANGED,57.01,2026-09-17T17:36:11+00:00,2026-06-30,2026-09-17T17:36:24.413746+00:00,WAIT_PRICE,69.43270810315889,15.487002835522633,0.0608952009324319,0.2716216949888702,2026-09-16T00:00:00+00:00,56.88999938964844,60.55026000976562,64.34973800659179,-0.2279019678480406,0.1329531224509794,-0.3608550902990201,^GSPC,7551.81005859375,378.0
QGEN,MOS_Radar_V6.8.0,1,2026-09-17T18:03:49.880993+00:00,QUALITY_PRICE_WAIT,质量通过，但价格超过20倍盈利或5%正常化Owner FCF收益率约束,UNCHANGED,NOT_ELIGIBLE,先满足质量与合理估值条件,UNCHANGED,44.39,2026-09-17T17:36:47+00:00,2026-06-30,2026-09-17T17:37:48.953921+00:00,WAIT_PRICE,35.675924847057125,22.39422090503536,0.0401846416389469,0.1219022318583332,,,,,,,,,,
IDCC,MOS_Radar_V6.8.0,1,2026-09-17T18:03:49.880993+00:00,QUALITY_PRICE_WAIT,质量通过，但价格超过20倍盈利或5%正常化Owner FCF收益率约束,UNCHANGED,NOT_ELIGIBLE,先满足质量与合理估值条件,UNCHANGED,323.0251,2026-09-17T17:37:49+00:00,2026-06-30,2026-09-17T17:38:00.795407+00:00,WAIT_PRICE,184.47818038819287,27.58662237537234,0.0285547749057569,0.2513581701075306,,,,,,,,,,
AWI,MOS_Radar_V6.8.0,1,2026-09-17T18:03:49.880993+00:00,QUALITY_PRICE_WAIT,质量通过，但价格超过20倍盈利或5%正常化Owner FCF收益率约束,UNCHANGED,NOT_ELIGIBLE,先满足质量与合理估值条件,UNCHANGED,158.975,2026-09-17T17:37:25+00:00,2026-06-30,2026-09-17T17:38:22.620362+00:00,WAIT_PRICE,72.65249801597558,21.309016876948363,0.0228502903022411,0.3565532059255908,,,,,,,,,,
DOX,MOS_Radar_V6.8.0,1,2026-09-17T18:03:49.880993+00:00,QUALITY_WATCH,通过质量门槛及合理估值初始规则；不等于厚安全边际或买入指令,UNCHANGED,TREND_WAIT,长均线或相对强度未同时通过；若此前持有，应复核趋势理由,UNCHANGED,61.04,2026-09-17T17:37:46+00:00,2026-06-30,2026-09-17T17:38:38.126607+00:00,WAIT_PRICE,86.58755796001688,14.099023332702403,0.0829090277728347,0.1375475655968603,2026-09-16T00:00:00+00:00,61.400001525878906,57.57919990539551,64.9341223526001,-0.1563864121932123,0.1329531224509794,-0.2893395346441918,^GSPC,7551.81005859375,378.0
PAYC,MOS_Radar_V6.8.0,1,2026-09-17T18:03:49.880993+00:00,QUALITY_PRICE_WAIT,质量通过，但价格超过20倍盈利或5%正常化Owner FCF收益率约束,UNCHANGED,NOT_ELIGIBLE,先满足质量与合理估值条件,UNCHANGED,228.72,2026-09-17T17:37:56+00:00,2026-06-30,2026-09-17T17:38:50.197205+00:00,WAIT_PRICE,98.7650338507225,21.14188013268881,0.0215908171237151,0.8531933508311461,,,,,,,,,,
LNTH,MOS_Radar_V6.8.0,1,2026-09-17T18:03:49.880993+00:00,QUALITY_PRICE_WAIT,质量通过，但价格超过20倍盈利或5%正常化Owner FCF收益率约束,UNCHANGED,NOT_ELIGIBLE,先满足质量与合理估值条件,UNCHANGED,100.88,2026-09-17T17:38:57+00:00,2026-06-30,2026-09-17T17:39:37.153470+00:00,WAIT_PRICE,83.78102023857949,23.927829900105472,0.0415250893331579,0.2098716398658919,,,,,,,,,,
PCTY,MOS_Radar_V6.8.0,1,2026-09-17T18:03:49.880993+00:00,QUALITY_PRICE_WAIT,质量通过，但价格超过20倍盈利或5%正常化Owner FCF收益率约束,UNCHANGED,NOT_ELIGIBLE,先满足质量与合理估值条件,UNCHANGED,145.87,2026-09-17T17:39:06+00:00,2026-06-30,2026-09-17T17:40:50.071042+00:00,WAIT_PRICE,64.79292562368855,29.94071405406743,0.0222091333460233,0.2208426769891036,,,,,,,,,,
BCPC,MOS_Radar_V6.8.0,1,2026-09-17T18:03:49.880993+00:00,QUALITY_PRICE_WAIT,质量通过，但价格超过20倍盈利或5%正常化Owner FCF收益率约束,UNCHANGED,NOT_ELIGIBLE,先满足质量与合理估值条件,UNCHANGED,167.01,2026-09-17T17:38:51+00:00,2025-12-31,2026-09-17T17:42:48.973882+00:00,WAIT_PRICE,76.83303428904809,34.38243477089219,0.0230025250850392,0.1204910685105469,,,,,,,,,,
G,MOS_Radar_V6.8.0,1,2026-09-17T18:03:49.880993+00:00,QUALITY_WATCH,通过质量门槛及合理估值初始规则；不等于厚安全边际或买入指令,UNCHANGED,TREND_WAIT,长均线或相对强度未同时通过；若此前持有，应复核趋势理由,UNCHANGED,35.195,2026-09-17T17:42:31+00:00,2026-06-30,2026-09-17T17:43:17.658801+00:00,WAIT_PRICE,52.18824068596633,10.150056299424648,0.0741415551725619,0.2236849934946946,2026-09-16T00:00:00+00:00,35.27000045776367,34.15227188110352,36.8733624458313,-0.0882630754568088,0.1329531224509794,-0.2212161979077883,^GSPC,7551.81005859375,378.0
LAUR,MOS_Radar_V6.8.0,1,2026-09-17T18:03:49.880993+00:00,QUALITY_PRICE_WAIT,质量通过，但价格超过20倍盈利或5%正常化Owner FCF收益率约束,UNCHANGED,NOT_ELIGIBLE,先满足质量与合理估值条件,UNCHANGED,36.05,2026-09-17T17:44:49+00:00,2026-06-30,2026-09-17T17:44:54.133348+00:00,WAIT_PRICE,25.653041689520634,15.44342539590977,0.0355798081685445,0.2817216321967579,,,,,,,,,,
EXLS,MOS_Radar_V6.8.0,1,2026-09-17T18:03:49.880993+00:00,QUALITY_PRICE_WAIT,质量通过，但价格超过20倍盈利或5%正常化Owner FCF收益率约束,UNCHANGED,NOT_ELIGIBLE,先满足质量与合理估值条件,UNCHANGED,35.615,2026-09-17T17:45:45+00:00,2026-06-30,2026-09-17T17:46:21.036755+00:00,WAIT_PRICE,17.813570058747963,21.598804020662264,0.0250085217727754,0.2886017994971382,,,,,,,,,,
LOPE,MOS_Radar_V6.8.0,1,2026-09-17T18:03:49.880993+00:00,QUALITY_WATCH,通过质量门槛及合理估值初始规则；不等于厚安全边际或买入指令,UNCHANGED,TREND_WAIT,长均线或相对强度未同时通过；若此前持有，应复核趋势理由,UNCHANGED,153.6,2026-09-17T17:34:34+00:00,2026-06-30,2026-09-17T17:46:25.735539+00:00,WAIT_PRICE,157.41277623978155,17.856747108856858,0.0512411380988872,0.3348812338594403,2026-09-16T00:00:00+00:00,153.8699951171875,147.89140045166016,158.925249710083,-0.119498419750551,0.1329531224509794,-0.2524515422015305,^GSPC,7551.81005859375,378.0
CVSA,MOS_Radar_V6.8.0,1,2026-09-17T18:03:49.880993+00:00,QUALITY_WATCH,通过质量门槛及合理估值初始规则；不等于厚安全边际或买入指令,UNCHANGED,TREND_WATCH,完整交易日趋势通过，需复核当前报价,UNCHANGED,126.495,2026-09-17T17:46:08+00:00,2026-06-30,2026-09-17T17:46:27.758265+00:00,WAIT_PRICE,142.48848504998298,17.115749462925876,0.0563217854658219,0.1739514654072611,2026-09-16T00:00:00+00:00,127.1999969482422,127.71620010375976,115.75359992980955,0.3852597568513793,0.1329531224509794,0.2523066344003999,^GSPC,7551.81005859375,378.0
CAAP,MOS_Radar_V6.8.0,1,2026-09-17T18:03:49.880993+00:00,QUALITY_WATCH,通过质量门槛及合理估值初始规则；不等于厚安全边际或买入指令,UNCHANGED,TREND_WAIT,长均线或相对强度未同时通过；若此前持有，应复核趋势理由,UNCHANGED,23.935,2026-09-17T17:47:17+00:00,2025-12-31,2026-09-17T17:47:32.157623+00:00,WAIT_PRICE,30.32647820092215,15.784885960989826,0.0941453884031054,0.1372534027456886,2026-09-16T00:00:00+00:00,23.540000915527344,23.96108654022217,24.977735528945924,-0.1412732349972435,0.1329531224509794,-0.274226357448223,^GSPC,7551.81005859375,378.0
LRN,MOS_Radar_V6.8.0,1,2026-09-17T18:03:49.880993+00:00,QUALITY_WATCH,通过质量门槛及合理估值初始规则；不等于厚安全边际或买入指令,UNCHANGED,TREND_WAIT,长均线或相对强度未同时通过；若此前持有，应复核趋势理由,UNCHANGED,81.265,2026-09-17T17:47:12+00:00,2026-06-30,2026-09-17T17:48:13.875556+00:00,WAIT_PRICE,114.62422527752184,9.98651883710698,0.0705249647926671,0.2071837233792942,2026-09-16T00:00:00+00:00,82.04000091552734,84.9327995300293,83.64609991073608,-0.0171987171041337,0.1329531224509794,-0.1501518395551132,^GSPC,7551.81005859375,378.0
KTB,MOS_Radar_V6.8.0,1,2026-09-17T18:03:49.880993+00:00,QUALITY_WATCH,通过质量门槛及合理估值初始规则；不等于厚安全边际或买入指令,UNCHANGED,TREND_WAIT,长均线或相对强度未同时通过；若此前持有，应复核趋势理由,UNCHANGED,66.085,2026-09-17T17:49:14+00:00,2026-06-30,2026-09-17T17:49:52.432798+00:00,WAIT_PRICE,95.76986981856032,13.47972481978606,0.0724596124828329,0.4331817946661838,2026-09-16T00:00:00+00:00,68.37000274658203,79.17453460693359,71.01046644210815,0.2303025643041645,0.1329531224509794,0.097349441853185,^GSPC,7551.81005859375,378.0
BRC,MOS_Radar_V6.8.0,1,2026-09-17T18:03:49.880993+00:00,QUALITY_PRICE_WAIT,质量通过，但价格超过20倍盈利或5%正常化Owner FCF收益率约束,UNCHANGED,NOT_ELIGIBLE,先满足质量与合理估值条件,UNCHANGED,85.35,2026-09-17T17:38:45+00:00,2026-07-31,2026-09-17T17:50:06.064671+00:00,WAIT_PRICE,68.1400202243471,19.56024590913633,0.0399179966164892,0.1507422865401359,,,,,,,,,,
BMI,MOS_Radar_V6.8.0,1,2026-09-17T18:03:49.880993+00:00,QUALITY_PRICE_WAIT,质量通过，但价格超过20倍盈利或5%正常化Owner FCF收益率约束,UNCHANGED,NOT_ELIGIBLE,先满足质量与合理估值条件,UNCHANGED,127.685,2026-09-17T17:41:17+00:00,2026-06-30,2026-09-17T17:50:15.446240+00:00,WAIT_PRICE,79.83862626556433,29.442954556439425,0.0312639018935522,0.1840835871602624,,,,,,,,,,
FIZZ,MOS_Radar_V6.8.0,1,2026-09-17T18:03:49.880993+00:00,QUALITY_WATCH,通过质量门槛及合理估值初始规则；不等于厚安全边际或买入指令,UNCHANGED,TREND_WAIT,长均线或相对强度未同时通过；若此前持有，应复核趋势理由,UNCHANGED,31.94,2026-09-17T17:48:01+00:00,2026-07-31,2026-09-17T17:51:13.815824+00:00,WAIT_PRICE,33.71334471824064,17.09668135692865,0.0527760562276779,0.4756338675507134,2026-09-16T00:00:00+00:00,32.18000030517578,31.56402416229248,31.27872797012329,-0.0556009056762897,0.1329531224509794,-0.1885540281272691,^GSPC,7551.81005859375,378.0
QLYS,MOS_Radar_V6.8.0,1,2026-09-17T18:03:49.880993+00:00,QUALITY_PRICE_WAIT,质量通过，但价格超过20倍盈利或5%正常化Owner FCF收益率约束,UNCHANGED,NOT_ELIGIBLE,先满足质量与合理估值条件,UNCHANGED,179.73,2026-09-17T17:46:16+00:00,2026-06-30,2026-09-17T17:51:27.054405+00:00,WAIT_PRICE,96.8746923773034,30.103800555446828,0.0269500618642695,0.3673702427684389,,,,,,,,,,
PRDO,MOS_Radar_V6.8.0,1,2026-09-17T18:03:49.880993+00:00,QUALITY_WATCH,通过质量门槛及合理估值初始规则；不等于厚安全边际或买入指令,UNCHANGED,TREND_WAIT,长均线或相对强度未同时通过；若此前持有，应复核趋势理由,UNCHANGED,33.05,2026-09-17T17:56:16+00:00,2026-06-30,2026-09-17T17:58:53.302367+00:00,WAIT_PRICE,46.02853340558603,11.6766690379827,0.0696346950160151,0.1713939011562701,2026-09-16T00:00:00+00:00,33.27000045776367,32.6814058303833,32.63663230895996,0.0287798105431684,0.1329531224509794,-0.1041733119078109,^GSPC,7551.81005859375,378.0
MCRI,MOS_Radar_V6.8.0,1,2026-09-17T18:03:49.880993+00:00,QUALITY_PRICE_WAIT,质量通过，但价格超过20倍盈利或5%正常化Owner FCF收益率约束,UNCHANGED,NOT_ELIGIBLE,先满足质量与合理估值条件,UNCHANGED,122.59,2026-09-17T17:43:12+00:00,2026-06-30,2026-09-17T17:59:10.274325+00:00,WAIT_PRICE,116.36895625919524,19.166238790559323,0.047462662639365,0.1987537471674101,,,,,,,,,,
MD,MOS_Radar_V6.8.0,1,2026-09-17T18:03:49.880993+00:00,QUALITY_WATCH,通过质量门槛及合理估值初始规则；不等于厚安全边际或买入指令,UNCHANGED,TREND_WATCH,完整交易日趋势通过，需复核当前报价,UNCHANGED,26.1,2026-09-17T18:00:20+00:00,2026-06-30,2026-09-17T18:00:59.216118+00:00,WAIT_PRICE,38.15544797805874,12.131794126607,0.0730947279273156,0.198422887317149,2026-09-16T00:00:00+00:00,26.1299991607666,26.39299991607666,23.094199962615967,0.2239776762219041,0.1329531224509794,0.0910245537709246,^GSPC,7551.81005859375,378.0
EPAC,MOS_Radar_V6.8.0,1,2026-09-17T18:03:49.880993+00:00,QUALITY_PRICE_WAIT,质量通过，但价格超过20倍盈利或5%正常化Owner FCF收益率约束,UNCHANGED,NOT_ELIGIBLE,先满足质量与合理估值条件,UNCHANGED,35.59,2026-09-17T18:02:05+00:00,2026-05-31,2026-09-17T18:02:10.017374+00:00,WAIT_PRICE,22.21787829515669,19.503084388252915,0.0312136531260981,0.2200750893808899,,,,,,,,,,
CTS,MOS_Radar_V6.8.0,1,2026-09-17T18:03:49.880993+00:00,QUALITY_PRICE_WAIT,质量通过，但价格超过20倍盈利或5%正常化Owner FCF收益率约束,UNCHANGED,NOT_ELIGIBLE,先满足质量与合理估值条件,UNCHANGED,57.745,2026-09-17T18:02:24+00:00,2026-06-30,2026-09-17T18:03:00.012503+00:00,WAIT_PRICE,48.87485975691221,23.6297353229063,0.045346284153408,0.1218264186517462,,,,,,,,,,
TILE,MOS_Radar_V6.8.0,1,2026-09-17T18:03:49.880993+00:00,QUALITY_PRICE_WAIT,质量通过，但价格超过20倍盈利或5%正常化Owner FCF收益率约束,UNCHANGED,NOT_ELIGIBLE,先满足质量与合理估值条件,UNCHANGED,34.64,2026-09-17T18:03:16+00:00,2026-06-30,2026-09-17T18:03:27.954317+00:00,WAIT_PRICE,28.617679325480395,13.755868303101956,0.041307273853176,0.2145644306531144,,,,,,,,,,
AAPL,MOS_Radar_V6.8.0,1,2026-09-18T17:22:46.180692+00:00,QUALITY_PRICE_WAIT,质量通过，但价格超过20倍盈利或5%正常化Owner FCF收益率约束,UNCHANGED,NOT_ELIGIBLE,先满足质量与合理估值条件,UNCHANGED,334.9099,2026-09-18T16:35:55+00:00,2026-06-30,2026-09-18T16:35:57.717277+00:00,WAIT_PRICE,124.14720122379248,37.90999411392537,0.0185344179470049,1.199125744047619,,,,,,,,,,
JNJ,MOS_Radar_V6.8.0,1,2026-09-18T17:22:46.180692+00:00,QUALITY_PRICE_WAIT,质量通过，但价格超过20倍盈利或5%正常化Owner FCF收益率约束,UNCHANGED,NOT_ELIGIBLE,先满足质量与合理估值条件,UNCHANGED,269.73,2026-09-18T16:36:18+00:00,2026-06-30,2026-09-18T16:36:24.734379+00:00,WAIT_PRICE,140.05775457627087,30.8989863119621,0.0259625838016295,0.247578585635099,,,,,,,,,,
NFLX,MOS_Radar_V6.8.0,1,2026-09-18T17:22:46.180692+00:00,QUALITY_PRICE_WAIT,质量通过，但价格超过20倍盈利或5%正常化Owner FCF收益率约束,UNCHANGED,NOT_ELIGIBLE,先满足质量与合理估值条件,UNCHANGED,71.615,2026-09-18T16:36:33+00:00,2026-06-30,2026-09-18T16:36:36.079621+00:00,WAIT_PRICE,28.06392685256469,21.84676572481573,0.0195936094760627,0.4526936342508297,,,,,,,,,,
NVS,MOS_Radar_V6.8.0,1,2026-09-18T17:22:46.180692+00:00,QUALITY_PRICE_WAIT,质量通过，但价格超过20倍盈利或5%正常化Owner FCF收益率约束,UNCHANGED,NOT_ELIGIBLE,先满足质量与合理估值条件,UNCHANGED,139.69,2026-09-18T16:36:15+00:00,2026-06-30,2026-09-18T16:36:53.049041+00:00,WAIT_PRICE,128.78049382830625,20.812954506546767,0.0460951012342709,0.3070868037167204,,,,,,,,,,
KLAC,MOS_Radar_V6.8.0,1,2026-09-18T17:22:46.180692+00:00,QUALITY_PRICE_WAIT,质量通过，但价格超过20倍盈利或5%正常化Owner FCF收益率约束,UNCHANGED,NOT_ELIGIBLE,先满足质量与合理估值条件,UNCHANGED,173.94,2026-09-18T16:36:59+00:00,2026-06-30,2026-09-18T16:37:01.938222+00:00,WAIT_PRICE,49.41989826453047,47.04440567040572,0.0142060188181356,0.7607729037988479,,,,,,,,,,
QCOM,MOS_Radar_V6.8.0,1,2026-09-18T17:22:46.180692+00:00,QUALITY_PRICE_WAIT,质量通过，但价格超过20倍盈利或5%正常化Owner FCF收益率约束,UNCHANGED,NOT_ELIGIBLE,先满足质量与合理估值条件,UNCHANGED,176.92,2026-09-18T16:37:08+00:00,2026-06-30,2026-09-18T16:37:10.611124+00:00,WAIT_PRICE,134.33696240179646,20.408387450519804,0.0379654539910118,0.3347675175356135,,,,,,,,,,
ADI,MOS_Radar_V6.8.0,1,2026-09-18T17:22:46.180692+00:00,QUALITY_PRICE_WAIT,质量通过，但价格超过20倍盈利或5%正常化Owner FCF收益率约束,UNCHANGED,NOT_ELIGIBLE,先满足质量与合理估值条件,UNCHANGED,369.41,2026-09-18T16:37:00+00:00,2026-07-31,2026-09-18T16:37:18.447432+00:00,WAIT_PRICE,138.58181027056006,43.289759864846985,0.0187571817588262,0.1232457063666584,,,,,,,,,,
TJX,MOS_Radar_V6.8.0,1,2026-09-18T17:22:46.180692+00:00,QUALITY_PRICE_WAIT,质量通过，但价格超过20倍盈利或5%正常化Owner FCF收益率约束,UNCHANGED,NOT_ELIGIBLE,先满足质量与合理估值条件,UNCHANGED,128.1799,2026-09-18T16:37:43+00:00,2026-07-31,2026-09-18T16:37:47.954152+00:00,WAIT_PRICE,69.69284825839554,23.33952639829739,0.0271855603953488,0.5696178762557507,,,,,,,,,,
LMT,MOS_Radar_V6.8.0,1,2026-09-18T17:22:46.180692+00:00,QUALITY_PRICE_WAIT,质量通过，但价格超过20倍盈利或5%正常化Owner FCF收益率约束,UNCHANGED,NOT_ELIGIBLE,先满足质量与合理估值条件,UNCHANGED,528.6701,2026-09-18T16:38:29+00:00,2026-06-30,2026-09-18T16:38:42.370210+00:00,WAIT_PRICE,507.7615287414935,19.40705767727556,0.0480225313235506,0.7170392335766423,,,,,,,,,,
SYK,MOS_Radar_V6.8.0,1,2026-09-18T17:22:46.180692+00:00,QUALITY_PRICE_WAIT,质量通过，但价格超过20倍盈利或5%正常化Owner FCF收益率约束,UNCHANGED,NOT_ELIGIBLE,先满足质量与合理估值条件,UNCHANGED,276.68,2026-09-18T16:38:32+00:00,2026-06-30,2026-09-18T16:38:44.019516+00:00,WAIT_PRICE,157.6883522757934,28.459905486164416,0.028496521663256,0.1554527263631815,,,,,,,,,,
BMY,MOS_Radar_V6.8.0,1,2026-09-18T17:22:46.180692+00:00,QUALITY_WATCH,通过质量门槛及合理估值初始规则；不等于厚安全边际或买入指令,UNCHANGED,TREND_WAIT,长均线或相对强度未同时通过；若此前持有，应复核趋势理由,UNCHANGED,62.715,2026-09-18T16:38:41+00:00,2026-06-30,2026-09-18T16:38:50.470100+00:00,WAIT_PRICE,90.8790657584292,13.801858431667046,0.0849824192721033,0.4158788476186209,2026-09-17T00:00:00+00:00,62.84000015258789,63.905599975585936,58.0174517250061,0.1182157848978651,0.1239971130756054,-0.0057813281777403,^GSPC,7637.759765625,379.0
ACN,MOS_Radar_V6.8.0,1,2026-09-18T17:22:46.180692+00:00,QUALITY_WATCH,通过质量门槛及合理估值初始规则；不等于厚安全边际或买入指令,UNCHANGED,TREND_WAIT,长均线或相对强度未同时通过；若此前持有，应复核趋势理由,UNCHANGED,182.9,2026-09-18T16:38:38+00:00,2026-05-31,2026-09-18T16:38:56.013889+00:00,WAIT_PRICE,242.50494902972923,14.36813495488711,0.066294409248149,0.2442650908108686,2026-09-17T00:00:00+00:00,190.2899932861328,170.1459991455078,197.7484354019165,-0.1973555909480563,0.1239971130756054,-0.3213527040236618,^GSPC,7637.759765625,379.0
PH,MOS_Radar_V6.8.0,1,2026-09-18T17:22:46.180692+00:00,QUALITY_PRICE_WAIT,质量通过，但价格超过20倍盈利或5%正常化Owner FCF收益率约束,UNCHANGED,NOT_ELIGIBLE,先满足质量与合理估值条件,UNCHANGED,935.975,2026-09-18T16:37:14+00:00,2026-06-30,2026-09-18T16:39:01.798818+00:00,WAIT_PRICE,483.6670031844669,32.34026225875664,0.0258376026701817,0.2368216047779797,,,,,,,,,,
INTU,MOS_Radar_V6.8.0,1,2026-09-18T17:22:46.180692+00:00,QUALITY_WATCH,通过质量门槛及合理估值初始规则；不等于厚安全边际或买入指令,ENTERED,TREND_WAIT,长均线或相对强度未同时通过；若此前持有，应复核趋势理由,CHANGED,304.59,2026-09-18T16:38:56+00:00,2026-07-31,2026-09-18T16:39:03.443069+00:00,WAIT_PRICE,307.66813224467325,17.826853320488947,0.0505052910871455,0.2404170176916596,2026-09-17T00:00:00+00:00,313.1300048828125,323.7626007080078,411.9371585845947,-0.0688876078223841,0.1239971130756054,-0.1928847208979895,^GSPC,7637.759765625,379.0
TT,MOS_Radar_V6.8.0,1,2026-09-18T17:22:46.180692+00:00,QUALITY_PRICE_WAIT,质量通过，但价格超过20倍盈利或5%正常化Owner FCF收益率约束,UNCHANGED,NOT_ELIGIBLE,先满足质量与合理估值条件,UNCHANGED,424.275,2026-09-18T16:38:58+00:00,2026-06-30,2026-09-18T16:39:09.196257+00:00,WAIT_PRICE,195.37714710122376,31.65491084393357,0.0230248243593452,0.3419963121455658,,,,,,,,,,
ADBE,MOS_Radar_V6.8.0,1,2026-09-18T17:22:46.180692+00:00,QUALITY_WATCH,通过质量门槛及合理估值初始规则；不等于厚安全边际或买入指令,UNCHANGED,TREND_WAIT,长均线或相对强度未同时通过；若此前持有，应复核趋势理由,UNCHANGED,248.27,2026-09-18T16:38:41+00:00,2025-11-30,2026-09-18T16:39:11.906469+00:00,WAIT_PRICE,316.10062349106425,13.84113978938334,0.063660656440783,0.6190310817850321,2026-09-17T00:00:00+00:00,252.6699981689453,255.5333987426758,265.3578000640869,0.0103282868701422,0.1239971130756054,-0.1136688262054632,^GSPC,7637.759765625,379.0
CDNS,MOS_Radar_V6.8.0,1,2026-09-18T17:22:46.180692+00:00,QUALITY_PRICE_WAIT,质量通过，但价格超过20倍盈利或5%正常化Owner FCF收益率约束,UNCHANGED,NOT_ELIGIBLE,先满足质量与合理估值条件,UNCHANGED,283.64,2026-09-18T16:39:16+00:00,2026-06-30,2026-09-18T16:39:22.541304+00:00,WAIT_PRICE,65.84820261761284,56.68564199414304,0.0116077074139072,0.200933425858378,,,,,,,,,,
FTNT,MOS_Radar_V6.8.0,1,2026-09-18T17:22:46.180692+00:00,QUALITY_PRICE_WAIT,质量通过，但价格超过20倍盈利或5%正常化Owner FCF收益率约束,UNCHANGED,NOT_ELIGIBLE,先满足质量与合理估值条件,UNCHANGED,167.4875,2026-09-18T16:39:27+00:00,2026-06-30,2026-09-18T16:39:38.465535+00:00,WAIT_PRICE,42.81029704060213,57.94684193707449,0.0127801468887535,1.367223260911611,,,,,,,,,,
ADP,MOS_Radar_V6.8.0,1,2026-09-18T17:22:46.180692+00:00,QUALITY_PRICE_WAIT,质量通过，但价格超过20倍盈利或5%正常化Owner FCF收益率约束,UNCHANGED,NOT_ELIGIBLE,先满足质量与合理估值条件,UNCHANGED,271.155,2026-09-18T16:39:42+00:00,2026-06-30,2026-09-18T16:39:52.793201+00:00,WAIT_PRICE,194.15865915266505,24.407435756173275,0.0358021535934548,0.7317615068311447,,,,,,,,,,
MNST,MOS_Radar_V6.8.0,1,2026-09-18T17:22:46.180692+00:00,QUALITY_PRICE_WAIT,质量通过，但价格超过20倍盈利或5%正常化Owner FCF收益率约束,UNCHANGED,NOT_ELIGIBLE,先满足质量与合理估值条件,UNCHANGED,44.955,2026-09-18T16:39:54+00:00,2026-06-30,2026-09-18T16:39:58.144401+00:00,WAIT_PRICE,13.709961318832152,41.392309727425264,0.015248538893151,0.2272144780283267,,,,,,,,,,
ITW,MOS_Radar_V6.8.0,1,2026-09-18T17:22:46.180692+00:00,QUALITY_PRICE_WAIT,质量通过，但价格超过20倍盈利或5%正常化Owner FCF收益率约束,UNCHANGED,NOT_ELIGIBLE,先满足质量与合理估值条件,UNCHANGED,268.7167,2026-09-18T16:40:10+00:00,2026-06-30,2026-09-18T16:40:53.363270+00:00,WAIT_PRICE,180.9866537187069,23.960713110764324,0.0336761082803389,1.103662750518314,,,,,,,,,,
CL,MOS_Radar_V6.8.0,1,2026-09-18T17:22:46.180692+00:00,QUALITY_PRICE_WAIT,质量通过，但价格超过20倍盈利或5%正常化Owner FCF收益率约束,UNCHANGED,NOT_ELIGIBLE,先满足质量与合理估值条件,UNCHANGED,87.37,2026-09-18T16:40:51+00:00,2026-06-30,2026-09-18T16:40:58.705604+00:00,WAIT_PRICE,51.10560375018587,34.19194514444308,0.0414327602797088,8.63135593220339,,,,,,,,,,
ROST,MOS_Radar_V6.8.0,1,2026-09-18T17:22:46.180692+00:00,QUALITY_PRICE_WAIT,质量通过，但价格超过20倍盈利或5%正常化Owner FCF收益率约束,UNCHANGED,NOT_ELIGIBLE,先满足质量与合理估值条件,UNCHANGED,228.735,2026-09-18T16:39:29+00:00,2026-07-31,2026-09-18T16:41:11.617511+00:00,WAIT_PRICE,94.41753413988184,27.479645014363594,0.0206390657616634,0.3943334484125007,,,,,,,,,,
CTAS,MOS_Radar_V6.8.0,1,2026-09-18T17:22:46.180692+00:00,QUALITY_PRICE_WAIT,质量通过，但价格超过20倍盈利或5%正常化Owner FCF收益率约束,UNCHANGED,NOT_ELIGIBLE,先满足质量与合理估值条件,UNCHANGED,197.61,2026-09-18T16:41:04+00:00,2026-05-31,2026-09-18T16:41:21.196690+00:00,WAIT_PRICE,75.90949654008433,39.66745465334985,0.0192068965487789,0.3878511336922388,,,,,,,,,,
TEL,MOS_Radar_V6.8.0,1,2026-09-18T17:22:46.180692+00:00,QUALITY_PRICE_WAIT,质量通过，但价格超过20倍盈利或5%正常化Owner FCF收益率约束,UNCHANGED,NOT_ELIGIBLE,先满足质量与合理估值条件,UNCHANGED,207.14,2026-09-18T16:41:36+00:00,2026-06-30,2026-09-18T16:41:39.858904+00:00,WAIT_PRICE,165.24070186734596,19.91323296456043,0.0398862368126257,0.2276913785293673,,,,,,,,,,
AME,MOS_Radar_V6.8.0,1,2026-09-18T17:22:46.180692+00:00,QUALITY_PRICE_WAIT,质量通过，但价格超过20倍盈利或5%正常化Owner FCF收益率约束,UNCHANGED,NOT_ELIGIBLE,先满足质量与合理估值条件,UNCHANGED,236.09,2026-09-18T16:42:01+00:00,2026-06-30,2026-09-18T16:42:20.171766+00:00,WAIT_PRICE,126.35147111619628,34.33820744947265,0.0267591747037562,0.1399789694534908,,,,,,,,,,
ADSK,MOS_Radar_V6.8.0,1,2026-09-18T17:22:46.180692+00:00,QUALITY_PRICE_WAIT,质量通过，但价格超过20倍盈利或5%正常化Owner FCF收益率约束,UNCHANGED,NOT_ELIGIBLE,先满足质量与合理估值条件,UNCHANGED,217.14,2026-09-18T16:41:49+00:00,2026-07-31,2026-09-18T16:42:38.901248+00:00,WAIT_PRICE,94.38596517758704,27.638404307208603,0.0217338963750545,0.485368016553355,,,,,,,,,,
ROK,MOS_Radar_V6.8.0,1,2026-09-18T17:22:46.180692+00:00,QUALITY_PRICE_WAIT,质量通过，但价格超过20倍盈利或5%正常化Owner FCF收益率约束,UNCHANGED,NOT_ELIGIBLE,先满足质量与合理估值条件,UNCHANGED,410.35,2026-09-18T16:42:29+00:00,2026-06-30,2026-09-18T16:42:40.434446+00:00,WAIT_PRICE,159.8803369427014,37.94240206027255,0.0194809719681615,0.3437321121923297,,,,,,,,,,
GRMN,MOS_Radar_V6.8.0,1,2026-09-18T17:22:46.180692+00:00,QUALITY_PRICE_WAIT,质量通过，但价格超过20倍盈利或5%正常化Owner FCF收益率约束,UNCHANGED,NOT_ELIGIBLE,先满足质量与合理估值条件,UNCHANGED,272.265,2026-09-18T16:42:45+00:00,2026-06-30,2026-09-18T16:43:09.801921+00:00,WAIT_PRICE,99.74301797658836,27.96951278756994,0.0183172677311788,0.2079179640122347,,,,,,,,,,
IDXX,MOS_Radar_V6.8.0,1,2026-09-18T17:22:46.180692+00:00,QUALITY_PRICE_WAIT,质量通过，但价格超过20倍盈利或5%正常化Owner FCF收益率约束,UNCHANGED,NOT_ELIGIBLE,先满足质量与合理估值条件,UNCHANGED,510.94,2026-09-18T16:42:38+00:00,2026-06-30,2026-09-18T16:43:24.057985+00:00,WAIT_PRICE,175.7315793019248,35.31980141496795,0.0171968899774851,0.7067305396648218,,,,,,,,,,
EME,MOS_Radar_V6.8.0,1,2026-09-18T17:22:46.180692+00:00,QUALITY_PRICE_WAIT,质量通过，但价格超过20倍盈利或5%正常化Owner FCF收益率约束,UNCHANGED,NOT_ELIGIBLE,先满足质量与合理估值条件,UNCHANGED,740.285,2026-09-18T16:40:17+00:00,2026-06-30,2026-09-18T16:43:33.653768+00:00,WAIT_PRICE,422.3218654649125,22.68958438002841,0.0285242754793702,0.3528293241302143,,,,,,,,,,
KVUE,MOS_Radar_V6.8.0,1,2026-09-18T17:22:46.180692+00:00,QUALITY_PRICE_WAIT,质量通过，但价格超过20倍盈利或5%正常化Owner FCF收益率约束,UNCHANGED,NOT_ELIGIBLE,先满足质量与合理估值条件,UNCHANGED,17.945,2026-09-18T16:44:44+00:00,2026-06-30,2026-09-18T16:44:46.787706+00:00,WAIT_PRICE,17.263878918379874,20.78907073530848,0.0500750265489606,0.1571117217852743,,,,,,,,,,
A,MOS_Radar_V6.8.0,1,2026-09-18T17:22:46.180692+00:00,QUALITY_PRICE_WAIT,质量通过，但价格超过20倍盈利或5%正常化Owner FCF收益率约束,UNCHANGED,NOT_ELIGIBLE,先满足质量与合理估值条件,UNCHANGED,155.8,2026-09-18T16:44:52+00:00,2026-07-31,2026-09-18T16:45:02.292088+00:00,WAIT_PRICE,80.28621134548104,30.503136328874017,0.0257657931147243,0.1955724568789895,,,,,,,,,,
RMD,MOS_Radar_V6.8.0,1,2026-09-18T17:22:46.180692+00:00,QUALITY_PRICE_WAIT,质量通过，但价格超过20倍盈利或5%正常化Owner FCF收益率约束,UNCHANGED,NOT_ELIGIBLE,先满足质量与合理估值条件,UNCHANGED,227.16,2026-09-18T16:44:27+00:00,2026-06-30,2026-09-18T16:45:35.637447+00:00,WAIT_PRICE,165.61156127975596,21.51152428273991,0.0364526239830419,0.2313139094356252,,,,,,,,,,
DOV,MOS_Radar_V6.8.0,1,2026-09-18T17:22:46.180692+00:00,QUALITY_PRICE_WAIT,质量通过，但价格超过20倍盈利或5%正常化Owner FCF收益率约束,UNCHANGED,NOT_ELIGIBLE,先满足质量与合理估值条件,UNCHANGED,187.52,2026-09-18T16:43:46+00:00,2026-06-30,2026-09-18T16:45:51.392024+00:00,WAIT_PRICE,122.38466801236444,22.256211824116324,0.0326324306773582,0.1472935372307698,,,,,,,,,,
EXPE,MOS_Radar_V6.8.0,1,2026-09-18T17:22:46.180692+00:00,QUALITY_WATCH,通过质量门槛及合理估值初始规则；不等于厚安全边际或买入指令,UNCHANGED,TREND_WATCH,完整交易日趋势通过，需复核当前报价,UNCHANGED,277.155,2026-09-18T16:45:42+00:00,2026-06-30,2026-09-18T16:46:22.087488+00:00,WAIT_PRICE,334.0496557972467,16.33827043439277,0.0602640500437024,1.684036393713813,2026-09-17T00:00:00+00:00,284.54998779296875,297.2903356933594,259.2236167907715,0.6106240145252999,0.1239971130756054,0.4866269014496944,^GSPC,7637.759765625,379.0
TPR,MOS_Radar_V6.8.0,1,2026-09-18T17:22:46.180692+00:00,QUALITY_PRICE_WAIT,质量通过，但价格超过20倍盈利或5%正常化Owner FCF收益率约束,UNCHANGED,NOT_ELIGIBLE,先满足质量与合理估值条件,UNCHANGED,114.79,2026-09-18T16:46:04+00:00,2026-06-30,2026-09-18T16:46:23.475371+00:00,WAIT_PRICE,112.5322784085396,14.982110951213285,0.0490165861174926,2.2073399797717093,,,,,,,,,,
STRL,MOS_Radar_V6.8.0,1,2026-09-18T17:22:46.180692+00:00,QUALITY_PRICE_WAIT,质量通过，但价格超过20倍盈利或5%正常化Owner FCF收益率约束,UNCHANGED,NOT_ELIGIBLE,先满足质量与合理估值条件,UNCHANGED,509.67,2026-09-18T16:45:17+00:00,2026-06-30,2026-09-18T16:46:24.870290+00:00,WAIT_PRICE,209.34423273768928,36.13157128903888,0.0205372331839905,0.3178923094491698,,,,,,,,,,
ROL,MOS_Radar_V6.8.0,1,2026-09-18T17:22:46.180692+00:00,QUALITY_PRICE_WAIT,质量通过，但价格超过20倍盈利或5%正常化Owner FCF收益率约束,UNCHANGED,NOT_ELIGIBLE,先满足质量与合理估值条件,UNCHANGED,32.93,2026-09-18T16:46:30+00:00,2026-06-30,2026-09-18T16:46:33.490717+00:00,WAIT_PRICE,21.25962301658804,29.79808450479941,0.0322800228007713,0.3719341884461145,,,,,,,,,,
NTAP,MOS_Radar_V6.8.0,1,2026-09-18T17:22:46.180692+00:00,QUALITY_PRICE_WAIT,质量通过，但价格超过20倍盈利或5%正常化Owner FCF收益率约束,UNCHANGED,NOT_ELIGIBLE,先满足质量与合理估值条件,UNCHANGED,194.59,2026-09-18T16:46:20+00:00,2026-07-31,2026-09-18T16:47:10.013336+00:00,WAIT_PRICE,106.09971470021873,26.95428311963478,0.0272623759443493,0.948494983277592,,,,,,,,,,
CHD,MOS_Radar_V6.8.0,1,2026-09-18T17:22:46.180692+00:00,QUALITY_PRICE_WAIT,质量通过，但价格超过20倍盈利或5%正常化Owner FCF收益率约束,UNCHANGED,NOT_ELIGIBLE,先满足质量与合理估值条件,UNCHANGED,95.125,2026-09-18T16:47:25+00:00,2025-12-31,2026-09-18T16:47:28.963585+00:00,WAIT_PRICE,62.12376594623292,30.624350778196256,0.0373359861527163,0.1760152890587673,,,,,,,,,,
WST,MOS_Radar_V6.8.0,1,2026-09-18T17:22:46.180692+00:00,QUALITY_PRICE_WAIT,质量通过，但价格超过20倍盈利或5%正常化Owner FCF收益率约束,UNCHANGED,NOT_ELIGIBLE,先满足质量与合理估值条件,UNCHANGED,362.755,2026-09-18T16:47:32+00:00,2026-06-30,2026-09-18T16:47:51.933436+00:00,WAIT_PRICE,103.63416363665732,45.19235243041538,0.0142843191185038,0.1889171292890107,,,,,,,,,,
MTD,MOS_Radar_V6.8.0,1,2026-09-18T17:22:46.180692+00:00,QUALITY_PRICE_WAIT,质量通过，但价格超过20倍盈利或5%正常化Owner FCF收益率约束,UNCHANGED,NOT_ELIGIBLE,先满足质量与合理估值条件,UNCHANGED,1395.535,2026-09-18T16:47:39+00:00,2026-06-30,2026-09-18T16:48:01.451040+00:00,WAIT_PRICE,806.3742184614032,30.8760826104236,0.028891221591053,70.62395695235125,,,,,,,,,,
VLTO,MOS_Radar_V6.8.0,1,2026-09-18T17:22:46.180692+00:00,QUALITY_PRICE_WAIT,质量通过，但价格超过20倍盈利或5%正常化Owner FCF收益率约束,UNCHANGED,NOT_ELIGIBLE,先满足质量与合理估值条件,UNCHANGED,94.865,2026-09-18T16:45:25+00:00,2026-06-30,2026-09-18T16:48:02.814753+00:00,WAIT_PRICE,68.58267786224555,23.40835532162068,0.0361475137628448,0.3190184049079754,,,,,,,,,,
FFIV,MOS_Radar_V6.8.0,1,2026-09-18T17:22:46.180692+00:00,QUALITY_PRICE_WAIT,质量通过，但价格超过20倍盈利或5%正常化Owner FCF收益率约束,UNCHANGED,NOT_ELIGIBLE,先满足质量与合理估值条件,UNCHANGED,425.22,2026-09-18T16:46:45+00:00,2026-06-30,2026-09-18T16:48:14.994919+00:00,WAIT_PRICE,153.65235683142123,33.14339843796366,0.0180673953284677,0.1884235121296128,,,,,,,,,,
SNA,MOS_Radar_V6.8.0,1,2026-09-18T17:22:46.180692+00:00,QUALITY_PRICE_WAIT,质量通过，但价格超过20倍盈利或5%正常化Owner FCF收益率约束,UNCHANGED,NOT_ELIGIBLE,先满足质量与合理估值条件,UNCHANGED,371.49,2026-09-18T16:45:03+00:00,2026-06-30,2026-09-18T16:49:09.446361+00:00,WAIT_PRICE,353.1706205092172,18.58963798937052,0.0475343374665828,0.1711055567510304,,,,,,,,,,
BR,MOS_Radar_V6.8.0,1,2026-09-18T17:22:46.180692+00:00,QUALITY_PRICE_WAIT,质量通过，但价格超过20倍盈利或5%正常化Owner FCF收益率约束,UNCHANGED,NOT_ELIGIBLE,先满足质量与合理估值条件,UNCHANGED,164.12,2026-09-18T16:48:12+00:00,2026-06-30,2026-09-18T16:49:57.173264+00:00,WAIT_PRICE,158.64404908101838,16.881749500980277,0.0483317234587553,0.3958318665070759,,,,,,,,,,
NBIX,MOS_Radar_V6.8.0,1,2026-09-18T17:22:46.180692+00:00,QUALITY_PRICE_WAIT,质量通过，但价格超过20倍盈利或5%正常化Owner FCF收益率约束,UNCHANGED,NOT_ELIGIBLE,先满足质量与合理估值条件,UNCHANGED,148.63,2026-09-18T16:49:54+00:00,2025-12-31,2026-09-18T16:50:28.489986+00:00,WAIT_PRICE,59.49875583660932,31.56731773582092,0.0200157289364897,0.1295754819146632,,,,,,,,,,
NDSN,MOS_Radar_V6.8.0,1,2026-09-18T17:22:46.180692+00:00,QUALITY_PRICE_WAIT,质量通过，但价格超过20倍盈利或5%正常化Owner FCF收益率约束,UNCHANGED,NOT_ELIGIBLE,先满足质量与合理估值条件,UNCHANGED,309.95,2026-09-18T16:49:54+00:00,2026-07-31,2026-09-18T16:50:43.368319+00:00,WAIT_PRICE,191.1359797488126,31.106741734634177,0.0308333569525427,0.1698280759080824,,,,,,,,,,
LOGI,MOS_Radar_V6.8.0,1,2026-09-18T17:22:46.180692+00:00,QUALITY_WATCH,通过质量门槛及合理估值初始规则；不等于厚安全边际或买入指令,UNCHANGED,TREND_WAIT,长均线或相对强度未同时通过；若此前持有，应复核趋势理由,UNCHANGED,101.05,2026-09-18T16:49:05+00:00,2026-06-30,2026-09-18T16:50:50.694935+00:00,WAIT_PRICE,102.55632809878664,18.06685161440399,0.0507453380003892,0.3405424482671378,2026-09-17T00:00:00+00:00,102.54000091552734,101.76919998168944,100.31735012054445,0.0930619845450899,0.1239971130756054,-0.0309351285305155,^GSPC,7637.759765625,379.0
MLI,MOS_Radar_V6.8.0,1,2026-09-18T17:22:46.180692+00:00,QUALITY_PRICE_WAIT,质量通过，但价格超过20倍盈利或5%正常化Owner FCF收益率约束,UNCHANGED,NOT_ELIGIBLE,先满足质量与合理估值条件,UNCHANGED,59.96,2026-09-18T16:49:56+00:00,2026-06-30,2026-09-18T16:50:52.228555+00:00,WAIT_PRICE,54.0854135942241,15.593075928718356,0.0451012454921815,0.2397316609118455,,,,,,,,,,
LECO,MOS_Radar_V6.8.0,1,2026-09-18T17:22:46.180692+00:00,QUALITY_PRICE_WAIT,质量通过，但价格超过20倍盈利或5%正常化Owner FCF收益率约束,UNCHANGED,NOT_ELIGIBLE,先满足质量与合理估值条件,UNCHANGED,255.395,2026-09-18T16:50:53+00:00,2026-06-30,2026-09-18T16:51:10.855416+00:00,WAIT_PRICE,165.92127779658244,25.147634169008303,0.0324832666646924,0.3561691695942555,,,,,,,,,,
RMBS,MOS_Radar_V6.8.0,1,2026-09-18T17:22:46.180692+00:00,QUALITY_PRICE_WAIT,质量通过，但价格超过20倍盈利或5%正常化Owner FCF收益率约束,UNCHANGED,NOT_ELIGIBLE,先满足质量与合理估值条件,UNCHANGED,86.205,2026-09-18T16:51:22+00:00,2026-06-30,2026-09-18T16:51:27.963146+00:00,WAIT_PRICE,33.9212202299119,39.01006627676121,0.0196747405776416,0.1634190360540521,,,,,,,,,,
CSL,MOS_Radar_V6.8.0,1,2026-09-18T17:22:46.180692+00:00,QUALITY_WATCH,通过质量门槛及合理估值初始规则；不等于厚安全边际或买入指令,UNCHANGED,TREND_WAIT,长均线或相对强度未同时通过；若此前持有，应复核趋势理由,UNCHANGED,315.595,2026-09-18T16:51:03+00:00,2026-06-30,2026-09-18T16:51:38.502830+00:00,WAIT_PRICE,363.9510383896022,17.342717382889397,0.0664933623763884,0.4468835023497403,2026-09-17T00:00:00+00:00,320.3699951171875,350.492958984375,350.2255686950684,-0.1237836691640367,0.1239971130756054,-0.2477807822396421,^GSPC,7637.759765625,379.0
DECK,MOS_Radar_V6.8.0,1,2026-09-18T17:22:46.180692+00:00,QUALITY_WATCH,通过质量门槛及合理估值初始规则；不等于厚安全边际或买入指令,UNCHANGED,TREND_WAIT,长均线或相对强度未同时通过；若此前持有，应复核趋势理由,UNCHANGED,78.83,2026-09-18T16:51:35+00:00,2026-06-30,2026-09-18T16:51:45.996253+00:00,WAIT_PRICE,121.48963878280686,10.578235028838463,0.0770579974519896,0.4409123414963491,2026-09-17T00:00:00+00:00,79.70999908447266,93.49940017700196,102.36389999389648,-0.2372390004251267,0.1239971130756054,-0.3612361135007321,^GSPC,7637.759765625,379.0
GGG,MOS_Radar_V6.8.0,1,2026-09-18T17:22:46.180692+00:00,QUALITY_PRICE_WAIT,质量通过，但价格超过20倍盈利或5%正常化Owner FCF收益率约束,UNCHANGED,NOT_ELIGIBLE,先满足质量与合理估值条件,UNCHANGED,76.065,2026-09-18T16:52:28+00:00,2026-06-30,2026-09-18T16:52:36.492702+00:00,WAIT_PRICE,51.687910322636064,23.088908789581943,0.033976145614038,0.211499400639318,,,,,,,,,,
RPM,MOS_Radar_V6.8.0,1,2026-09-18T17:22:46.180692+00:00,QUALITY_PRICE_WAIT,质量通过，但价格超过20倍盈利或5%正常化Owner FCF收益率约束,UNCHANGED,NOT_ELIGIBLE,先满足质量与合理估值条件,UNCHANGED,98.58,2026-09-18T16:52:52+00:00,2026-05-31,2026-09-18T16:52:56.651150+00:00,WAIT_PRICE,91.26931977163989,19.10328483830862,0.0462920063763643,0.1989063675343111,,,,,,,,,,
NYT,MOS_Radar_V6.8.0,1,2026-09-18T17:22:46.180692+00:00,QUALITY_PRICE_WAIT,质量通过，但价格超过20倍盈利或5%正常化Owner FCF收益率约束,UNCHANGED,NOT_ELIGIBLE,先满足质量与合理估值条件,UNCHANGED,70.38,2026-09-18T16:52:56+00:00,2026-06-30,2026-09-18T16:53:01.487494+00:00,WAIT_PRICE,35.7058977144544,28.89617091504207,0.0253665087485467,0.1918525486242976,,,,,,,,,,
MEDP,MOS_Radar_V6.8.0,1,2026-09-18T17:22:46.180692+00:00,QUALITY_PRICE_WAIT,质量通过，但价格超过20倍盈利或5%正常化Owner FCF收益率约束,UNCHANGED,NOT_ELIGIBLE,先满足质量与合理估值条件,UNCHANGED,611.515,2026-09-18T16:52:19+00:00,2026-06-30,2026-09-18T16:53:16.621123+00:00,WAIT_PRICE,340.3243115629432,34.72715384778664,0.0278263257289635,1.1328513049110198,,,,,,,,,,
PNR,MOS_Radar_V6.8.0,1,2026-09-18T17:22:46.180692+00:00,QUALITY_WATCH,通过质量门槛及合理估值初始规则；不等于厚安全边际或买入指令,UNCHANGED,TREND_WAIT,长均线或相对强度未同时通过；若此前持有，应复核趋势理由,UNCHANGED,55.8,2026-09-18T16:53:25+00:00,2026-06-30,2026-09-18T16:53:28.357980+00:00,WAIT_PRICE,65.86717311592422,13.843397397151914,0.0590207644407923,0.1737390979649534,2026-09-17T00:00:00+00:00,55.720001220703125,63.94386161804199,83.33203340530396,-0.3582353699400111,0.1239971130756054,-0.4822324830156166,^GSPC,7637.759765625,379.0
GDDY,MOS_Radar_V6.8.0,1,2026-09-18T17:22:46.180692+00:00,QUALITY_WATCH,通过质量门槛及合理估值初始规则；不等于厚安全边际或买入指令,UNCHANGED,TREND_WAIT,长均线或相对强度未同时通过；若此前持有，应复核趋势理由,UNCHANGED,97.73,2026-09-18T16:53:30+00:00,2026-06-30,2026-09-18T16:53:40.585484+00:00,WAIT_PRICE,140.07359652290026,13.596924680949064,0.0716635610983834,135.86567164179104,2026-09-17T00:00:00+00:00,98.1500015258789,95.31319961547852,95.0647998046875,0.0504386651035331,0.1239971130756054,-0.0735584479720723,^GSPC,7637.759765625,379.0
AIT,MOS_Radar_V6.8.0,1,2026-09-18T17:22:46.180692+00:00,QUALITY_PRICE_WAIT,质量通过，但价格超过20倍盈利或5%正常化Owner FCF收益率约束,UNCHANGED,NOT_ELIGIBLE,先满足质量与合理估值条件,UNCHANGED,315.19,2026-09-18T16:53:19+00:00,2026-06-30,2026-09-18T16:53:49.994639+00:00,WAIT_PRICE,211.7918597997287,27.931141558970776,0.0335974903708443,0.2226535370772322,,,,,,,,,,
ALLE,MOS_Radar_V6.8.0,1,2026-09-18T17:22:46.180692+00:00,QUALITY_PRICE_WAIT,质量通过，但价格超过20倍盈利或5%正常化Owner FCF收益率约束,UNCHANGED,NOT_ELIGIBLE,先满足质量与合理估值条件,UNCHANGED,152.12,2026-09-18T16:53:50+00:00,2025-12-31,2026-09-18T16:54:24.201191+00:00,WAIT_PRICE,121.80611262137192,20.09287895480168,0.0400361926838587,0.3038799207023506,,,,,,,,,,
WTS,MOS_Radar_V6.8.0,1,2026-09-18T17:22:46.180692+00:00,QUALITY_PRICE_WAIT,质量通过，但价格超过20倍盈利或5%正常化Owner FCF收益率约束,UNCHANGED,NOT_ELIGIBLE,先满足质量与合理估值条件,UNCHANGED,350.3319,2026-09-18T16:54:36+00:00,2026-06-30,2026-09-18T16:55:32.881906+00:00,WAIT_PRICE,161.72877728460762,30.471984473009293,0.0230822224988086,0.1752991687220243,,,,,,,,,,
BSY,MOS_Radar_V6.8.0,1,2026-09-18T17:22:46.180692+00:00,QUALITY_PRICE_WAIT,质量通过，但价格超过20倍盈利或5%正常化Owner FCF收益率约束,UNCHANGED,NOT_ELIGIBLE,先满足质量与合理估值条件,UNCHANGED,32.23,2026-09-18T16:55:32+00:00,2026-06-30,2026-09-18T16:55:49.532369+00:00,WAIT_PRICE,19.195486863515075,33.58081014476342,0.0332193846777733,0.2412070460100396,,,,,,,,,,
JKHY,MOS_Radar_V6.8.0,1,2026-09-18T17:22:46.180692+00:00,QUALITY_PRICE_WAIT,质量通过，但价格超过20倍盈利或5%正常化Owner FCF收益率约束,UNCHANGED,NOT_ELIGIBLE,先满足质量与合理估值条件,UNCHANGED,155.26,2026-09-18T16:55:39+00:00,2026-06-30,2026-09-18T16:55:51.012240+00:00,WAIT_PRICE,93.32850992380664,21.65120209425676,0.0300555551731954,0.2450231462867741,,,,,,,,,,
DCI,MOS_Radar_V6.8.0,1,2026-09-18T17:22:46.180692+00:00,QUALITY_PRICE_WAIT,质量通过，但价格超过20倍盈利或5%正常化Owner FCF收益率约束,UNCHANGED,NOT_ELIGIBLE,先满足质量与合理估值条件,UNCHANGED,85.96,2026-09-18T16:54:37+00:00,2025-07-31,2026-09-18T16:56:05.848006+00:00,WAIT_PRICE,54.06300557508607,27.14908519792986,0.0314466063140333,0.2164808588450421,,,,,,,,,,
AYI,MOS_Radar_V6.8.0,1,2026-09-18T17:22:46.180692+00:00,QUALITY_PRICE_WAIT,质量通过，但价格超过20倍盈利或5%正常化Owner FCF收益率约束,UNCHANGED,NOT_ELIGIBLE,先满足质量与合理估值条件,UNCHANGED,300.535,2026-09-18T16:56:10+00:00,2026-05-31,2026-09-18T16:57:08.440124+00:00,WAIT_PRICE,281.9891648259437,19.04865493811613,0.046914529892682,0.1656321234438015,,,,,,,,,,
CRUS,MOS_Radar_V6.8.0,1,2026-09-18T17:22:46.180692+00:00,QUALITY_WATCH,通过质量门槛及合理估值初始规则；不等于厚安全边际或买入指令,UNCHANGED,TREND_WAIT,长均线或相对强度未同时通过；若此前持有，应复核趋势理由,UNCHANGED,118.78,2026-09-18T16:53:47+00:00,2026-06-30,2026-09-18T16:57:46.098014+00:00,WAIT_PRICE,139.74034115455993,13.826031638652124,0.0588231777885839,0.1966816969838717,2026-09-17T00:00:00+00:00,120.37000274658205,124.5367999267578,139.97924995422363,-0.1896839101343681,0.1239971130756054,-0.3136810232099736,^GSPC,7637.759765625,379.0
ZWS,MOS_Radar_V6.8.0,1,2026-09-18T17:22:46.180692+00:00,QUALITY_PRICE_WAIT,质量通过，但价格超过20倍盈利或5%正常化Owner FCF收益率约束,UNCHANGED,NOT_ELIGIBLE,先满足质量与合理估值条件,UNCHANGED,45.6501,2026-09-18T16:57:19+00:00,2026-06-30,2026-09-18T16:57:59.978194+00:00,WAIT_PRICE,23.115309520762537,27.423805620763407,0.0253179177271928,0.1664155264902658,,,,,,,,,,
WFRD,MOS_Radar_V6.8.0,1,2026-09-18T17:22:46.180692+00:00,QUALITY_WATCH,通过质量门槛及合理估值初始规则；不等于厚安全边际或买入指令,UNCHANGED,TREND_WAIT,长均线或相对强度未同时通过；若此前持有，应复核趋势理由,UNCHANGED,81.63,2026-09-18T16:57:55+00:00,2026-06-30,2026-09-18T16:58:20.156614+00:00,WAIT_PRICE,102.11278524559056,15.98820359344276,0.0700653186386998,0.2046979865771812,2026-09-17T00:00:00+00:00,82.05000305175781,88.29937789916993,92.5043843460083,-0.0944486958902612,0.1239971130756054,-0.2184458089658667,^GSPC,7637.759765625,379.0
MANH,MOS_Radar_V6.8.0,1,2026-09-18T17:22:46.180692+00:00,QUALITY_PRICE_WAIT,质量通过，但价格超过20倍盈利或5%正常化Owner FCF收益率约束,UNCHANGED,NOT_ELIGIBLE,先满足质量与合理估值条件,UNCHANGED,208.435,2026-09-18T16:58:13+00:00,2026-06-30,2026-09-18T16:58:25.944314+00:00,WAIT_PRICE,63.41406086786638,57.8063229677257,0.0152119511761139,1.33475337604043,,,,,,,,,,
AOS,MOS_Radar_V6.8.0,1,2026-09-18T17:22:46.180692+00:00,QUALITY_WATCH,通过质量门槛及合理估值初始规则；不等于厚安全边际或买入指令,UNCHANGED,TREND_WAIT,长均线或相对强度未同时通过；若此前持有，应复核趋势理由,UNCHANGED,56.87,2026-09-18T16:57:26+00:00,2026-06-30,2026-09-18T16:58:31.891831+00:00,WAIT_PRICE,69.43270736301166,15.448971419836065,0.0610451093397324,0.2716216949888702,2026-09-17T00:00:00+00:00,56.93000030517578,60.50661903381348,64.30993198394775,-0.2251585808500074,0.1239971130756054,-0.3491556939256128,^GSPC,7637.759765625,379.0
QGEN,MOS_Radar_V6.8.0,1,2026-09-18T17:22:46.180692+00:00,QUALITY_PRICE_WAIT,质量通过，但价格超过20倍盈利或5%正常化Owner FCF收益率约束,UNCHANGED,NOT_ELIGIBLE,先满足质量与合理估值条件,UNCHANGED,43.91,2026-09-18T16:59:40+00:00,2026-06-30,2026-09-18T16:59:48.043585+00:00,WAIT_PRICE,35.6759244804963,22.15206690794243,0.0406239176503032,0.1219022318583332,,,,,,,,,,
IDCC,MOS_Radar_V6.8.0,1,2026-09-18T17:22:46.180692+00:00,QUALITY_PRICE_WAIT,质量通过，但价格超过20倍盈利或5%正常化Owner FCF收益率约束,UNCHANGED,NOT_ELIGIBLE,先满足质量与合理估值条件,UNCHANGED,323.86,2026-09-18T16:58:36+00:00,2026-06-30,2026-09-18T16:59:58.930153+00:00,WAIT_PRICE,184.47818042239751,27.65792355093016,0.0284811616782556,0.2513581701075306,,,,,,,,,,
AWI,MOS_Radar_V6.8.0,1,2026-09-18T17:22:46.180692+00:00,QUALITY_PRICE_WAIT,质量通过，但价格超过20倍盈利或5%正常化Owner FCF收益率约束,UNCHANGED,NOT_ELIGIBLE,先满足质量与合理估值条件,UNCHANGED,158.85,2026-09-18T16:55:15+00:00,2026-06-30,2026-09-18T17:00:18.596563+00:00,WAIT_PRICE,72.65249801378063,21.292261871398093,0.0228682713294871,0.3565532059255908,,,,,,,,,,
DOX,MOS_Radar_V6.8.0,1,2026-09-18T17:22:46.180692+00:00,QUALITY_WATCH,通过质量门槛及合理估值初始规则；不等于厚安全边际或买入指令,UNCHANGED,TREND_WAIT,长均线或相对强度未同时通过；若此前持有，应复核趋势理由,UNCHANGED,59.53,2026-09-18T17:00:00+00:00,2026-06-30,2026-09-18T17:00:32.697342+00:00,WAIT_PRICE,85.16107329596358,13.980565931364696,0.0836115163577476,0.1375475655968603,2026-09-17T00:00:00+00:00,60.5099983215332,57.762599868774416,64.86425462722778,-0.1370057869301286,0.1239971130756054,-0.2610029000057341,^GSPC,7637.759765625,379.0
PAYC,MOS_Radar_V6.8.0,1,2026-09-18T17:22:46.180692+00:00,QUALITY_PRICE_WAIT,质量通过，但价格超过20倍盈利或5%正常化Owner FCF收益率约束,UNCHANGED,NOT_ELIGIBLE,先满足质量与合理估值条件,UNCHANGED,224.895,2026-09-18T17:00:03+00:00,2026-06-30,2026-09-18T17:00:42.984404+00:00,WAIT_PRICE,98.76503250154538,20.78831408443752,0.0219580320819816,0.8531933508311461,,,,,,,,,,
LNTH,MOS_Radar_V6.8.0,1,2026-09-18T17:22:46.180692+00:00,QUALITY_PRICE_WAIT,质量通过，但价格超过20倍盈利或5%正常化Owner FCF收益率约束,UNCHANGED,NOT_ELIGIBLE,先满足质量与合理估值条件,UNCHANGED,100.64,2026-09-18T17:01:14+00:00,2026-06-30,2026-09-18T17:01:25.095160+00:00,WAIT_PRICE,83.78101846564508,23.870904560920145,0.0416241148974786,0.2098716398658919,,,,,,,,,,
PCTY,MOS_Radar_V6.8.0,1,2026-09-18T17:22:46.180692+00:00,QUALITY_PRICE_WAIT,质量通过，但价格超过20倍盈利或5%正常化Owner FCF收益率约束,UNCHANGED,NOT_ELIGIBLE,先满足质量与合理估值条件,UNCHANGED,144.6101,2026-09-18T16:58:45+00:00,2026-06-30,2026-09-18T17:02:29.492270+00:00,WAIT_PRICE,64.79292012943804,29.68211435235849,0.0224026261407184,0.2208426769891036,,,,,,,,,,
BCPC,MOS_Radar_V6.8.0,1,2026-09-18T17:22:46.180692+00:00,QUALITY_PRICE_WAIT,质量通过，但价格超过20倍盈利或5%正常化Owner FCF收益率约束,UNCHANGED,NOT_ELIGIBLE,先满足质量与合理估值条件,UNCHANGED,165.65,2026-09-18T16:55:46+00:00,2025-12-31,2026-09-18T17:04:15.408989+00:00,WAIT_PRICE,76.83303459289394,34.10245073513514,0.0231913777823404,0.1204910685105469,,,,,,,,,,
G,MOS_Radar_V6.8.0,1,2026-09-18T17:22:46.180692+00:00,QUALITY_WATCH,通过质量门槛及合理估值初始规则；不等于厚安全边际或买入指令,UNCHANGED,TREND_WAIT,长均线或相对强度未同时通过；若此前持有，应复核趋势理由,UNCHANGED,34.43,2026-09-18T17:04:29+00:00,2026-06-30,2026-09-18T17:04:38.835384+00:00,WAIT_PRICE,52.18823977086343,9.929434422985222,0.0757889046919306,0.2236849934946946,2026-09-17T00:00:00+00:00,34.95000076293945,34.267635612487794,36.83133209228516,-0.0717542415608282,0.1239971130756054,-0.1957513546364336,^GSPC,7637.759765625,379.0
LAUR,MOS_Radar_V6.8.0,1,2026-09-18T17:22:46.180692+00:00,QUALITY_PRICE_WAIT,质量通过，但价格超过20倍盈利或5%正常化Owner FCF收益率约束,UNCHANGED,NOT_ELIGIBLE,先满足质量与合理估值条件,UNCHANGED,36.01,2026-09-18T17:05:13+00:00,2026-06-30,2026-09-18T17:06:05.335091+00:00,WAIT_PRICE,25.653042342333148,15.4262894411861,0.0356193312167913,0.2817216321967579,,,,,,,,,,
EXLS,MOS_Radar_V6.8.0,1,2026-09-18T17:22:46.180692+00:00,QUALITY_PRICE_WAIT,质量通过，但价格超过20倍盈利或5%正常化Owner FCF收益率约束,UNCHANGED,NOT_ELIGIBLE,先满足质量与合理估值条件,UNCHANGED,35.02,2026-09-18T17:06:37+00:00,2026-06-30,2026-09-18T17:07:22.619733+00:00,WAIT_PRICE,17.813570665417473,21.23796408938713,0.0254334247079061,0.2886017994971382,,,,,,,,,,
LOPE,MOS_Radar_V6.8.0,1,2026-09-18T17:22:46.180692+00:00,QUALITY_WATCH,通过质量门槛及合理估值初始规则；不等于厚安全边际或买入指令,UNCHANGED,TREND_WAIT,长均线或相对强度未同时通过；若此前持有，应复核趋势理由,UNCHANGED,153.18,2026-09-18T17:06:28+00:00,2026-06-30,2026-09-18T17:07:27.625723+00:00,WAIT_PRICE,157.4127900214106,17.80791850688192,0.0513816392549323,0.3348812338594403,2026-09-17T00:00:00+00:00,152.41000366210938,147.92580047607422,158.89859970092775,-0.096150292722493,0.1239971130756054,-0.2201474057980985,^GSPC,7637.759765625,379.0
CVSA,MOS_Radar_V6.8.0,1,2026-09-18T17:22:46.180692+00:00,QUALITY_WATCH,通过质量门槛及合理估值初始规则；不等于厚安全边际或买入指令,UNCHANGED,TREND_WATCH,完整交易日趋势通过，需复核当前报价,UNCHANGED,126.195,2026-09-18T17:05:14+00:00,2026-06-30,2026-09-18T17:07:29.135823+00:00,WAIT_PRICE,142.4884884884092,17.07515673625282,0.0564556791031376,0.1739514654072611,2026-09-17T00:00:00+00:00,126.41000366210938,127.62740005493164,115.92284996032714,0.3752485798742326,0.1239971130756054,0.2512514667986272,^GSPC,7637.759765625,379.0
CAAP,MOS_Radar_V6.8.0,1,2026-09-18T17:22:46.180692+00:00,QUALITY_WATCH,通过质量门槛及合理估值初始规则；不等于厚安全边际或买入指令,UNCHANGED,TREND_WAIT,长均线或相对强度未同时通过；若此前持有，应复核趋势理由,UNCHANGED,23.765,2026-09-18T17:06:08+00:00,2025-12-31,2026-09-18T17:08:25.011473+00:00,WAIT_PRICE,30.32647830312121,15.672772659233631,0.0948188461612496,0.1372534027456886,2026-09-17T00:00:00+00:00,23.920000076293945,23.96544593811036,24.975361003875733,-0.2000695984208358,0.1239971130756054,-0.3240667114964413,^GSPC,7637.759765625,379.0
LRN,MOS_Radar_V6.8.0,1,2026-09-18T17:22:46.180692+00:00,QUALITY_WATCH,通过质量门槛及合理估值初始规则；不等于厚安全边际或买入指令,UNCHANGED,TREND_WAIT,长均线或相对强度未同时通过；若此前持有，应复核趋势理由,UNCHANGED,80.215,2026-09-18T17:07:44+00:00,2026-06-30,2026-09-18T17:08:59.953522+00:00,WAIT_PRICE,114.62422964963848,9.85748573141382,0.0714481266905432,0.2071837233792942,2026-09-17T00:00:00+00:00,80.94999694824219,84.75419952392578,83.7331999015808,-0.0002386803933845,0.1239971130756054,-0.12423579346899,^GSPC,7637.759765625,379.0
KTB,MOS_Radar_V6.8.0,1,2026-09-18T17:22:46.180692+00:00,QUALITY_WATCH,通过质量门槛及合理估值初始规则；不等于厚安全边际或买入指令,UNCHANGED,TREND_WAIT,长均线或相对强度未同时通过；若此前持有，应复核趋势理由,UNCHANGED,65.92,2026-09-18T17:09:16+00:00,2026-06-30,2026-09-18T17:10:27.603532+00:00,WAIT_PRICE,95.7698711519774,13.446068665331426,0.0726409823664877,0.4331817946661838,2026-09-17T00:00:00+00:00,65.52999877929688,78.81048309326172,70.97702589035035,0.2467784337780563,0.1239971130756054,0.1227813207024508,^GSPC,7637.759765625,379.0
BRC,MOS_Radar_V6.8.0,1,2026-09-18T17:22:46.180692+00:00,QUALITY_PRICE_WAIT,质量通过，但价格超过20倍盈利或5%正常化Owner FCF收益率约束,UNCHANGED,NOT_ELIGIBLE,先满足质量与合理估值条件,UNCHANGED,83.82,2026-09-18T16:59:43+00:00,2026-07-31,2026-09-18T17:10:39.972491+00:00,WAIT_PRICE,68.14001925423388,19.20960557054513,0.040646635202955,0.1507422865401359,,,,,,,,,,
BMI,MOS_Radar_V6.8.0,1,2026-09-18T17:22:46.180692+00:00,QUALITY_PRICE_WAIT,质量通过，但价格超过20倍盈利或5%正常化Owner FCF收益率约束,UNCHANGED,NOT_ELIGIBLE,先满足质量与合理估值条件,UNCHANGED,132.76,2026-09-18T17:09:32+00:00,2026-06-30,2026-09-18T17:10:47.740915+00:00,WAIT_PRICE,79.83862804246158,30.61320092350063,0.0300687812754073,0.1840835871602624,,,,,,,,,,
FIZZ,MOS_Radar_V6.8.0,1,2026-09-18T17:22:46.180692+00:00,QUALITY_WATCH,通过质量门槛及合理估值初始规则；不等于厚安全边际或买入指令,UNCHANGED,TREND_WAIT,长均线或相对强度未同时通过；若此前持有，应复核趋势理由,UNCHANGED,31.82,2026-09-18T17:05:16+00:00,2026-07-31,2026-09-18T17:11:36.707768+00:00,WAIT_PRICE,33.71449804929105,17.031865706103503,0.0529768982546999,0.4756338675507134,2026-09-17T00:00:00+00:00,31.65999984741211,31.608060188293457,31.28309328079224,-0.0502659839842228,0.1239971130756054,-0.1742630970598283,^GSPC,7637.759765625,379.0
QLYS,MOS_Radar_V6.8.0,1,2026-09-18T17:22:46.180692+00:00,QUALITY_PRICE_WAIT,质量通过，但价格超过20倍盈利或5%正常化Owner FCF收益率约束,UNCHANGED,NOT_ELIGIBLE,先满足质量与合理估值条件,UNCHANGED,174.325,2026-09-18T17:09:41+00:00,2026-06-30,2026-09-18T17:11:49.748068+00:00,WAIT_PRICE,95.16368210023434,29.72347121098276,0.02729490380044,0.3673702427684389,,,,,,,,,,
PRDO,MOS_Radar_V6.8.0,1,2026-09-18T17:22:46.180692+00:00,QUALITY_WATCH,通过质量门槛及合理估值初始规则；不等于厚安全边际或买入指令,UNCHANGED,TREND_WAIT,长均线或相对强度未同时通过；若此前持有，应复核趋势理由,UNCHANGED,32.67,2026-09-18T17:18:08+00:00,2026-06-30,2026-09-18T17:18:20.790692+00:00,WAIT_PRICE,46.02853492280507,11.542413461314307,0.0704446509378712,0.1713939011562701,2026-09-17T00:00:00+00:00,32.72999954223633,32.63799396514892,32.66246429443359,0.0368117874064015,0.1239971130756054,-0.0871853256692039,^GSPC,7637.759765625,379.0
MCRI,MOS_Radar_V6.8.0,1,2026-09-18T17:22:46.180692+00:00,QUALITY_PRICE_WAIT,质量通过，但价格超过20倍盈利或5%正常化Owner FCF收益率约束,UNCHANGED,NOT_ELIGIBLE,先满足质量与合理估值条件,UNCHANGED,121.405,2026-09-18T17:12:25+00:00,2026-06-30,2026-09-18T17:18:35.801703+00:00,WAIT_PRICE,116.3689539529927,18.980971257704216,0.0479259313673212,0.1987537471674101,,,,,,,,,,
MD,MOS_Radar_V6.8.0,1,2026-09-18T17:22:46.180692+00:00,QUALITY_WATCH,通过质量门槛及合理估值初始规则；不等于厚安全边际或买入指令,UNCHANGED,TREND_WATCH,完整交易日趋势通过，需复核当前报价,UNCHANGED,25.86,2026-09-18T17:20:08+00:00,2026-06-30,2026-09-18T17:20:12.652093+00:00,WAIT_PRICE,38.15544763517672,12.020237507025278,0.0737731006093904,0.198422887317149,2026-09-17T00:00:00+00:00,25.489999771118164,26.36699989318848,23.10119996070862,0.223399382127958,0.1239971130756054,0.0994022690523526,^GSPC,7637.759765625,379.0
EPAC,MOS_Radar_V6.8.0,1,2026-09-18T17:22:46.180692+00:00,QUALITY_PRICE_WAIT,质量通过，但价格超过20倍盈利或5%正常化Owner FCF收益率约束,UNCHANGED,NOT_ELIGIBLE,先满足质量与合理估值条件,UNCHANGED,35.41,2026-09-18T17:17:12+00:00,2026-05-31,2026-09-18T17:21:15.883511+00:00,WAIT_PRICE,22.217878486153925,19.40444541307159,0.0313723220646059,0.2200750893808899,,,,,,,,,,
CTS,MOS_Radar_V6.8.0,1,2026-09-18T17:22:46.180692+00:00,QUALITY_PRICE_WAIT,质量通过，但价格超过20倍盈利或5%正常化Owner FCF收益率约束,UNCHANGED,NOT_ELIGIBLE,先满足质量与合理估值条件,UNCHANGED,57.635,2026-09-18T17:20:11+00:00,2026-06-30,2026-09-18T17:22:01.447862+00:00,WAIT_PRICE,48.87486027621979,23.58472215542782,0.0454328308538386,0.1218264186517462,,,,,,,,,,
TILE,MOS_Radar_V6.8.0,1,2026-09-18T17:22:46.180692+00:00,QUALITY_PRICE_WAIT,质量通过，但价格超过20倍盈利或5%正常化Owner FCF收益率约束,UNCHANGED,NOT_ELIGIBLE,先满足质量与合理估值条件,UNCHANGED,34.0,2026-09-18T17:21:08+00:00,2026-06-30,2026-09-18T17:22:27.715221+00:00,WAIT_PRICE,28.617678821241217,13.501718549256973,0.0420848217959429,0.2145644306531144,,,,,,,,,,
AAPL,MOS_Radar_V6.8.0,1,2026-09-21T19:07:42.607722+00:00,QUALITY_PRICE_WAIT,质量通过，但价格超过20倍盈利或5%正常化Owner FCF收益率约束,UNCHANGED,NOT_ELIGIBLE,先满足质量与合理估值条件,UNCHANGED,337.92,2026-09-21T18:15:11+00:00,2026-06-30,2026-09-21T18:15:15.506620+00:00,WAIT_PRICE,124.12883866282884,38.25637968211557,0.0183666013646467,1.199125744047619,,,,,,,,,,
JNJ,MOS_Radar_V6.8.0,1,2026-09-21T19:07:42.607722+00:00,QUALITY_PRICE_WAIT,质量通过，但价格超过20倍盈利或5%正常化Owner FCF收益率约束,UNCHANGED,NOT_ELIGIBLE,先满足质量与合理估值条件,UNCHANGED,271.415,2026-09-21T18:15:35+00:00,2026-06-30,2026-09-21T18:15:47.595984+00:00,WAIT_PRICE,140.05775587152067,31.092011612737096,0.0258014029938508,0.247578585635099,,,,,,,,,,
NFLX,MOS_Radar_V6.8.0,1,2026-09-21T19:07:42.607722+00:00,QUALITY_PRICE_WAIT,质量通过，但价格超过20倍盈利或5%正常化Owner FCF收益率约束,UNCHANGED,NOT_ELIGIBLE,先满足质量与合理估值条件,UNCHANGED,73.295,2026-09-21T18:15:56+00:00,2026-06-30,2026-09-21T18:15:59.532671+00:00,WAIT_PRICE,28.06392671652802,22.3592641424602,0.0191445028423003,0.4526936342508297,,,,,,,,,,
NVS,MOS_Radar_V6.8.0,1,2026-09-21T19:07:42.607722+00:00,QUALITY_PRICE_WAIT,质量通过，但价格超过20倍盈利或5%正常化Owner FCF收益率约束,UNCHANGED,NOT_ELIGIBLE,先满足质量与合理估值条件,UNCHANGED,141.805,2026-09-21T18:15:27+00:00,2026-06-30,2026-09-21T18:16:20.199016+00:00,WAIT_PRICE,128.78050273054794,21.1280750932781,0.045407602951429,0.3070868037167204,,,,,,,,,,
KLAC,MOS_Radar_V6.8.0,1,2026-09-21T19:07:42.607722+00:00,QUALITY_PRICE_WAIT,质量通过，但价格超过20倍盈利或5%正常化Owner FCF收益率约束,UNCHANGED,NOT_ELIGIBLE,先满足质量与合理估值条件,UNCHANGED,184.1,2026-09-21T18:16:27+00:00,2026-06-30,2026-09-21T18:16:30.107364+00:00,WAIT_PRICE,49.41989731975289,49.79231487578871,0.0134220253448541,0.7607729037988479,,,,,,,,,,
QCOM,MOS_Radar_V6.8.0,1,2026-09-21T19:07:42.607722+00:00,QUALITY_PRICE_WAIT,质量通过，但价格超过20倍盈利或5%正常化Owner FCF收益率约束,UNCHANGED,NOT_ELIGIBLE,先满足质量与合理估值条件,UNCHANGED,193.205,2026-09-21T18:16:34+00:00,2026-06-30,2026-09-21T18:16:39.879011+00:00,WAIT_PRICE,134.33695973831323,22.28692389529238,0.034765394202612,0.3347675175356135,,,,,,,,,,
ADI,MOS_Radar_V6.8.0,1,2026-09-21T19:07:42.607722+00:00,QUALITY_PRICE_WAIT,质量通过，但价格超过20倍盈利或5%正常化Owner FCF收益率约束,UNCHANGED,NOT_ELIGIBLE,先满足质量与合理估值条件,UNCHANGED,380.88,2026-09-21T18:16:30+00:00,2026-07-31,2026-09-21T18:16:47.421983+00:00,WAIT_PRICE,138.58180986778342,44.63388588626331,0.0181923190857728,0.1232457063666584,,,,,,,,,,
TJX,MOS_Radar_V6.8.0,1,2026-09-21T19:07:42.607722+00:00,QUALITY_PRICE_WAIT,质量通过，但价格超过20倍盈利或5%正常化Owner FCF收益率约束,UNCHANGED,NOT_ELIGIBLE,先满足质量与合理估值条件,UNCHANGED,130.33,2026-09-21T18:17:13+00:00,2026-07-31,2026-09-21T18:17:20.995669+00:00,WAIT_PRICE,69.99255859574205,23.62940850242998,0.026852051943429,0.5696178762557507,,,,,,,,,,
LMT,MOS_Radar_V6.8.0,1,2026-09-21T19:07:42.607722+00:00,QUALITY_PRICE_WAIT,质量通过，但价格超过20倍盈利或5%正常化Owner FCF收益率约束,UNCHANGED,NOT_ELIGIBLE,先满足质量与合理估值条件,UNCHANGED,533.86,2026-09-21T18:17:54+00:00,2026-06-30,2026-09-21T18:18:22.277814+00:00,WAIT_PRICE,507.7615474573169,19.597574044195337,0.047555683836335,0.7170392335766423,,,,,,,,,,
SYK,MOS_Radar_V6.8.0,1,2026-09-21T19:07:42.607722+00:00,QUALITY_PRICE_WAIT,质量通过，但价格超过20倍盈利或5%正常化Owner FCF收益率约束,UNCHANGED,NOT_ELIGIBLE,先满足质量与合理估值条件,UNCHANGED,273.87,2026-09-21T18:18:08+00:00,2026-06-30,2026-09-21T18:18:24.204309+00:00,WAIT_PRICE,157.6883509129148,28.17086302899028,0.0287889054867117,0.1554527263631815,,,,,,,,,,
BMY,MOS_Radar_V6.8.0,1,2026-09-21T19:07:42.607722+00:00,QUALITY_WATCH,通过质量门槛及合理估值初始规则；不等于厚安全边际或买入指令,UNCHANGED,TREND_WATCH,完整交易日趋势通过，需复核当前报价,ENTERED,63.0569,2026-09-21T18:18:12+00:00,2026-06-30,2026-09-21T18:18:31.599945+00:00,WAIT_PRICE,90.87906594435518,13.877101254233716,0.0845216373712271,0.4158788476186209,2026-09-18T00:00:00+00:00,63.060001373291016,64.00800003051758,58.09488920211792,0.156507570244228,0.1201326367851438,0.0363749334590841,^GSPC,7650.5,379.0
ACN,MOS_Radar_V6.8.0,1,2026-09-21T19:07:42.607722+00:00,QUALITY_WATCH,通过质量门槛及合理估值初始规则；不等于厚安全边际或买入指令,UNCHANGED,TREND_WAIT,长均线或相对强度未同时通过；若此前持有，应复核趋势理由,UNCHANGED,185.64,2026-09-21T18:18:31+00:00,2026-05-31,2026-09-21T18:18:38.765927+00:00,WAIT_PRICE,242.50494173446344,14.58338246728011,0.0653159183727815,0.2442650908108686,2026-09-18T00:00:00+00:00,181.2899932861328,170.9905990600586,197.393723487854,-0.163970795530268,0.1201326367851438,-0.2841034323154119,^GSPC,7650.5,379.0
PH,MOS_Radar_V6.8.0,1,2026-09-21T19:07:42.607722+00:00,QUALITY_PRICE_WAIT,质量通过，但价格超过20倍盈利或5%正常化Owner FCF收益率约束,UNCHANGED,NOT_ELIGIBLE,先满足质量与合理估值条件,UNCHANGED,961.83,2026-09-21T18:18:33+00:00,2026-06-30,2026-09-21T18:18:44.763188+00:00,WAIT_PRICE,483.4179007417377,33.25074185161498,0.0251301113887972,0.2368216047779797,,,,,,,,,,
INTU,MOS_Radar_V6.8.0,1,2026-09-21T19:07:42.607722+00:00,QUALITY_WATCH,通过质量门槛及合理估值初始规则；不等于厚安全边际或买入指令,UNCHANGED,TREND_WAIT,长均线或相对强度未同时通过；若此前持有，应复核趋势理由,UNCHANGED,302.87,2026-09-21T18:18:39+00:00,2026-07-31,2026-09-21T18:18:46.850157+00:00,WAIT_PRICE,307.6681335057223,17.72618616187839,0.0507921110551923,0.2404170176916596,2026-09-18T00:00:00+00:00,303.19000244140625,324.3588006591797,410.3243831634521,-0.0625542522646842,0.1201326367851438,-0.1826868890498281,^GSPC,7650.5,379.0
TT,MOS_Radar_V6.8.0,1,2026-09-21T19:07:42.607722+00:00,QUALITY_PRICE_WAIT,质量通过，但价格超过20倍盈利或5%正常化Owner FCF收益率约束,UNCHANGED,NOT_ELIGIBLE,先满足质量与合理估值条件,UNCHANGED,433.15,2026-09-21T18:18:45+00:00,2026-06-30,2026-09-21T18:18:52.909153+00:00,WAIT_PRICE,195.37714704363515,32.31706943866907,0.0225530586452308,0.3419963121455658,,,,,,,,,,
ADBE,MOS_Radar_V6.8.0,1,2026-09-21T19:07:42.607722+00:00,QUALITY_WATCH,通过质量门槛及合理估值初始规则；不等于厚安全边际或买入指令,UNCHANGED,TREND_WAIT,长均线或相对强度未同时通过；若此前持有，应复核趋势理由,UNCHANGED,248.6825,2026-09-21T18:18:52+00:00,2025-11-30,2026-09-21T18:18:55.690249+00:00,WAIT_PRICE,316.1006351373666,13.86413629860898,0.0635550622052952,0.6190310817850321,2026-09-18T00:00:00+00:00,248.9199981689453,256.058798828125,264.98815002441404,0.035338326247122,0.1201326367851438,-0.0847943105380217,^GSPC,7650.5,379.0
CDNS,MOS_Radar_V6.8.0,1,2026-09-21T19:07:42.607722+00:00,QUALITY_PRICE_WAIT,质量通过，但价格超过20倍盈利或5%正常化Owner FCF收益率约束,UNCHANGED,NOT_ELIGIBLE,先满足质量与合理估值条件,UNCHANGED,294.175,2026-09-21T18:18:58+00:00,2026-06-30,2026-09-21T18:19:07.267327+00:00,WAIT_PRICE,65.84820875073343,58.79106325083349,0.0111920130450808,0.200933425858378,,,,,,,,,,
FTNT,MOS_Radar_V6.8.0,1,2026-09-21T19:07:42.607722+00:00,QUALITY_PRICE_WAIT,质量通过，但价格超过20倍盈利或5%正常化Owner FCF收益率约束,UNCHANGED,NOT_ELIGIBLE,先满足质量与合理估值条件,UNCHANGED,174.45,2026-09-21T18:19:06+00:00,2026-06-30,2026-09-21T18:19:26.029316+00:00,WAIT_PRICE,42.81029856954645,60.35570544005924,0.0122700769760809,1.367223260911611,,,,,,,,,,
ADP,MOS_Radar_V6.8.0,1,2026-09-21T19:07:42.607722+00:00,QUALITY_PRICE_WAIT,质量通过，但价格超过20倍盈利或5%正常化Owner FCF收益率约束,UNCHANGED,NOT_ELIGIBLE,先满足质量与合理估值条件,UNCHANGED,270.4525,2026-09-21T18:19:14+00:00,2026-06-30,2026-09-21T18:19:40.470520+00:00,WAIT_PRICE,194.15864776243257,24.344203153525825,0.035895147532826,0.7317615068311447,,,,,,,,,,
MNST,MOS_Radar_V6.8.0,1,2026-09-21T19:07:42.607722+00:00,QUALITY_PRICE_WAIT,质量通过，但价格超过20倍盈利或5%正常化Owner FCF收益率约束,UNCHANGED,NOT_ELIGIBLE,先满足质量与合理估值条件,UNCHANGED,44.215,2026-09-21T18:19:36+00:00,2026-06-30,2026-09-21T18:19:46.346503+00:00,WAIT_PRICE,13.70996182993665,40.71095331709691,0.0155037451429793,0.2272144780283267,,,,,,,,,,
ITW,MOS_Radar_V6.8.0,1,2026-09-21T19:07:42.607722+00:00,QUALITY_PRICE_WAIT,质量通过，但价格超过20倍盈利或5%正常化Owner FCF收益率约束,UNCHANGED,NOT_ELIGIBLE,先满足质量与合理估值条件,UNCHANGED,267.89,2026-09-21T18:20:45+00:00,2026-06-30,2026-09-21T18:20:48.489321+00:00,WAIT_PRICE,180.9934102629652,23.88610688497965,0.0337812927438435,1.103662750518314,,,,,,,,,,
CL,MOS_Radar_V6.8.0,1,2026-09-21T19:07:42.607722+00:00,QUALITY_PRICE_WAIT,质量通过，但价格超过20倍盈利或5%正常化Owner FCF收益率约束,UNCHANGED,NOT_ELIGIBLE,先满足质量与合理估值条件,UNCHANGED,86.11,2026-09-21T18:20:45+00:00,2026-06-30,2026-09-21T18:20:55.471881+00:00,WAIT_PRICE,51.10560499451374,33.69884771317903,0.042039023966764,8.63135593220339,,,,,,,,,,
ROST,MOS_Radar_V6.8.0,1,2026-09-21T19:07:42.607722+00:00,QUALITY_PRICE_WAIT,质量通过，但价格超过20倍盈利或5%正常化Owner FCF收益率约束,UNCHANGED,NOT_ELIGIBLE,先满足质量与合理估值条件,UNCHANGED,231.96,2026-09-21T18:20:59+00:00,2026-07-31,2026-09-21T18:21:09.494494+00:00,WAIT_PRICE,94.41753165899564,27.86708909881629,0.020352114946326,0.3943334484125007,,,,,,,,,,
CTAS,MOS_Radar_V6.8.0,1,2026-09-21T19:07:42.607722+00:00,QUALITY_PRICE_WAIT,质量通过，但价格超过20倍盈利或5%正常化Owner FCF收益率约束,UNCHANGED,NOT_ELIGIBLE,先满足质量与合理估值条件,UNCHANGED,197.56,2026-09-21T18:21:06+00:00,2026-05-31,2026-09-21T18:21:20.894402+00:00,WAIT_PRICE,75.90949771261765,39.65741723731824,0.0192117578742198,0.3878511336922388,,,,,,,,,,
TEL,MOS_Radar_V6.8.0,1,2026-09-21T19:07:42.607722+00:00,QUALITY_PRICE_WAIT,质量通过，但价格超过20倍盈利或5%正常化Owner FCF收益率约束,UNCHANGED,NOT_ELIGIBLE,先满足质量与合理估值条件,UNCHANGED,210.465,2026-09-21T18:21:17+00:00,2026-06-30,2026-09-21T18:21:43.306471+00:00,WAIT_PRICE,165.48466943844858,20.20305055397576,0.0393140592113768,0.2276913785293673,,,,,,,,,,
AME,MOS_Radar_V6.8.0,1,2026-09-21T19:07:42.607722+00:00,QUALITY_PRICE_WAIT,质量通过，但价格超过20倍盈利或5%正常化Owner FCF收益率约束,UNCHANGED,NOT_ELIGIBLE,先满足质量与合理估值条件,UNCHANGED,241.93,2026-09-21T18:22:00+00:00,2026-06-30,2026-09-21T18:22:28.709989+00:00,WAIT_PRICE,126.3514729814759,35.18760813931655,0.026113229649377,0.1399789694534908,,,,,,,,,,
ADSK,MOS_Radar_V6.8.0,1,2026-09-21T19:07:42.607722+00:00,QUALITY_PRICE_WAIT,质量通过，但价格超过20倍盈利或5%正常化Owner FCF收益率约束,UNCHANGED,NOT_ELIGIBLE,先满足质量与合理估值条件,UNCHANGED,218.38,2026-09-21T18:22:24+00:00,2026-07-31,2026-09-21T18:22:49.913130+00:00,WAIT_PRICE,94.3859628018816,27.79623691870147,0.0216104869497851,0.485368016553355,,,,,,,,,,
ROK,MOS_Radar_V6.8.0,1,2026-09-21T19:07:42.607722+00:00,QUALITY_PRICE_WAIT,质量通过，但价格超过20倍盈利或5%正常化Owner FCF收益率约束,UNCHANGED,NOT_ELIGIBLE,先满足质量与合理估值条件,UNCHANGED,423.03,2026-09-21T18:21:52+00:00,2026-06-30,2026-09-21T18:22:51.713932+00:00,WAIT_PRICE,159.8803397821034,39.114838695022925,0.0188970451010688,0.3437321121923297,,,,,,,,,,
GRMN,MOS_Radar_V6.8.0,1,2026-09-21T19:07:42.607722+00:00,QUALITY_PRICE_WAIT,质量通过，但价格超过20倍盈利或5%正常化Owner FCF收益率约束,UNCHANGED,NOT_ELIGIBLE,先满足质量与合理估值条件,UNCHANGED,280.145,2026-09-21T18:23:11+00:00,2026-06-30,2026-09-21T18:23:22.974077+00:00,WAIT_PRICE,99.74302725455551,28.77901467696523,0.017802035955408,0.2079179640122347,,,,,,,,,,
IDXX,MOS_Radar_V6.8.0,1,2026-09-21T19:07:42.607722+00:00,QUALITY_PRICE_WAIT,质量通过，但价格超过20倍盈利或5%正常化Owner FCF收益率约束,UNCHANGED,NOT_ELIGIBLE,先满足质量与合理估值条件,UNCHANGED,516.115,2026-09-21T18:23:06+00:00,2026-06-30,2026-09-21T18:23:38.589037+00:00,WAIT_PRICE,175.73158346670652,35.67753332145241,0.0170244600008434,0.7067305396648218,,,,,,,,,,
EME,MOS_Radar_V6.8.0,1,2026-09-21T19:07:42.607722+00:00,QUALITY_PRICE_WAIT,质量通过，但价格超过20倍盈利或5%正常化Owner FCF收益率约束,UNCHANGED,NOT_ELIGIBLE,先满足质量与合理估值条件,UNCHANGED,759.825,2026-09-21T18:23:24+00:00,2026-06-30,2026-09-21T18:23:49.665487+00:00,WAIT_PRICE,422.3218433594103,23.28848261676337,0.0277907309814371,0.3528293241302143,,,,,,,,,,
KVUE,MOS_Radar_V6.8.0,1,2026-09-21T19:07:42.607722+00:00,QUALITY_PRICE_WAIT,质量通过，但价格超过20倍盈利或5%正常化Owner FCF收益率约束,UNCHANGED,NOT_ELIGIBLE,先满足质量与合理估值条件,UNCHANGED,17.705,2026-09-21T18:24:49+00:00,2026-06-30,2026-09-21T18:25:10.896270+00:00,WAIT_PRICE,17.26387869918043,20.51103382792015,0.0507538175663159,0.1571117217852743,,,,,,,,,,
A,MOS_Radar_V6.8.0,1,2026-09-21T19:07:42.607722+00:00,QUALITY_PRICE_WAIT,质量通过，但价格超过20倍盈利或5%正常化Owner FCF收益率约束,UNCHANGED,NOT_ELIGIBLE,先满足质量与合理估值条件,UNCHANGED,162.655,2026-09-21T18:25:26+00:00,2026-07-31,2026-09-21T18:25:28.549458+00:00,WAIT_PRICE,80.27568991093442,31.849409006471145,0.0246766745291981,0.1955724568789895,,,,,,,,,,
RMD,MOS_Radar_V6.8.0,1,2026-09-21T19:07:42.607722+00:00,QUALITY_PRICE_WAIT,质量通过，但价格超过20倍盈利或5%正常化Owner FCF收益率约束,UNCHANGED,NOT_ELIGIBLE,先满足质量与合理估值条件,UNCHANGED,224.81,2026-09-21T18:26:01+00:00,2026-06-30,2026-09-21T18:26:04.343046+00:00,WAIT_PRICE,165.6115657481451,21.288984167643072,0.0368336741577654,0.2313139094356252,,,,,,,,,,
DOV,MOS_Radar_V6.8.0,1,2026-09-21T19:07:42.607722+00:00,QUALITY_PRICE_WAIT,质量通过，但价格超过20倍盈利或5%正常化Owner FCF收益率约束,UNCHANGED,NOT_ELIGIBLE,先满足质量与合理估值条件,UNCHANGED,186.9,2026-09-21T18:26:05+00:00,2026-06-30,2026-09-21T18:26:22.838896+00:00,WAIT_PRICE,122.3846747974456,22.18262456970887,0.0327406834664113,0.1472935372307698,,,,,,,,,,
EXPE,MOS_Radar_V6.8.0,1,2026-09-21T19:07:42.607722+00:00,QUALITY_WATCH,通过质量门槛及合理估值初始规则；不等于厚安全边际或买入指令,UNCHANGED,TREND_WATCH,完整交易日趋势通过，需复核当前报价,UNCHANGED,282.43,2026-09-21T18:26:29+00:00,2026-06-30,2026-09-21T18:26:57.448122+00:00,WAIT_PRICE,334.049662988821,16.649231005914565,0.0591384879419362,1.684036393713813,2026-09-18T00:00:00+00:00,279.3500061035156,297.52944519042967,259.3330122375488,0.6078908128453544,0.1201326367851438,0.4877581760602105,^GSPC,7650.5,379.0
TPR,MOS_Radar_V6.8.0,1,2026-09-21T19:07:42.607722+00:00,QUALITY_PRICE_WAIT,质量通过，但价格超过20倍盈利或5%正常化Owner FCF收益率约束,UNCHANGED,NOT_ELIGIBLE,先满足质量与合理估值条件,UNCHANGED,113.72,2026-09-21T18:26:32+00:00,2026-06-30,2026-09-21T18:26:58.933806+00:00,WAIT_PRICE,112.53227809810632,14.842457200731848,0.0494777867121466,2.2073399797717093,,,,,,,,,,
STRL,MOS_Radar_V6.8.0,1,2026-09-21T19:07:42.607722+00:00,QUALITY_PRICE_WAIT,质量通过，但价格超过20倍盈利或5%正常化Owner FCF收益率约束,UNCHANGED,NOT_ELIGIBLE,先满足质量与合理估值条件,UNCHANGED,517.925,2026-09-21T18:26:51+00:00,2026-06-30,2026-09-21T18:27:00.558446+00:00,WAIT_PRICE,209.344243187117,36.7167836556851,0.0202098994243487,0.3178923094491698,,,,,,,,,,
ROL,MOS_Radar_V6.8.0,1,2026-09-21T19:07:42.607722+00:00,QUALITY_PRICE_WAIT,质量通过，但价格超过20倍盈利或5%正常化Owner FCF收益率约束,UNCHANGED,NOT_ELIGIBLE,先满足质量与合理估值条件,UNCHANGED,32.645,2026-09-21T18:27:00+00:00,2026-06-30,2026-09-21T18:27:10.354791+00:00,WAIT_PRICE,21.259622915497147,29.540190503635188,0.0325618362926897,0.3719341884461145,,,,,,,,,,
NTAP,MOS_Radar_V6.8.0,1,2026-09-21T19:07:42.607722+00:00,QUALITY_PRICE_WAIT,质量通过，但价格超过20倍盈利或5%正常化Owner FCF收益率约束,UNCHANGED,NOT_ELIGIBLE,先满足质量与合理估值条件,UNCHANGED,197.3,2026-09-21T18:27:15+00:00,2026-07-31,2026-09-21T18:27:50.900784+00:00,WAIT_PRICE,106.0997110623546,27.32966874888804,0.0268879146128622,0.948494983277592,,,,,,,,,,
CHD,MOS_Radar_V6.8.0,1,2026-09-21T19:07:42.607722+00:00,QUALITY_PRICE_WAIT,质量通过，但价格超过20倍盈利或5%正常化Owner FCF收益率约束,UNCHANGED,NOT_ELIGIBLE,先满足质量与合理估值条件,UNCHANGED,95.235,2026-09-21T18:27:39+00:00,2025-12-31,2026-09-21T18:28:11.644588+00:00,WAIT_PRICE,62.12376554808793,30.65976415298965,0.0372928614481585,0.1760152890587673,,,,,,,,,,
WST,MOS_Radar_V6.8.0,1,2026-09-21T19:07:42.607722+00:00,QUALITY_PRICE_WAIT,质量通过，但价格超过20倍盈利或5%正常化Owner FCF收益率约束,UNCHANGED,NOT_ELIGIBLE,先满足质量与合理估值条件,UNCHANGED,362.87,2026-09-21T18:20:31+00:00,2026-06-30,2026-09-21T18:28:37.089442+00:00,WAIT_PRICE,103.63416642612135,45.206678019664274,0.0142797925463831,0.1889171292890107,,,,,,,,,,
MTD,MOS_Radar_V6.8.0,1,2026-09-21T19:07:42.607722+00:00,QUALITY_PRICE_WAIT,质量通过，但价格超过20倍盈利或5%正常化Owner FCF收益率约束,UNCHANGED,NOT_ELIGIBLE,先满足质量与合理估值条件,UNCHANGED,1429.85,2026-09-21T18:28:41+00:00,2026-06-30,2026-09-21T18:28:47.990730+00:00,WAIT_PRICE,806.3742519797489,31.635297491943227,0.0281978617330401,70.62395695235125,,,,,,,,,,
VLTO,MOS_Radar_V6.8.0,1,2026-09-21T19:07:42.607722+00:00,QUALITY_PRICE_WAIT,质量通过，但价格超过20倍盈利或5%正常化Owner FCF收益率约束,UNCHANGED,NOT_ELIGIBLE,先满足质量与合理估值条件,UNCHANGED,94.955,2026-09-21T18:27:20+00:00,2026-06-30,2026-09-21T18:28:49.749951+00:00,WAIT_PRICE,68.58267499535039,23.43056419627424,0.0361132510111897,0.3190184049079754,,,,,,,,,,
FFIV,MOS_Radar_V6.8.0,1,2026-09-21T19:07:42.607722+00:00,QUALITY_PRICE_WAIT,质量通过，但价格超过20倍盈利或5%正常化Owner FCF收益率约束,UNCHANGED,NOT_ELIGIBLE,先满足质量与合理估值条件,UNCHANGED,446.235,2026-09-21T18:28:57+00:00,2026-06-30,2026-09-21T18:29:03.036689+00:00,WAIT_PRICE,153.65236231642493,34.781392864888666,0.017216529666703,0.1884235121296128,,,,,,,,,,
SNA,MOS_Radar_V6.8.0,1,2026-09-21T19:07:42.607722+00:00,QUALITY_PRICE_WAIT,质量通过，但价格超过20倍盈利或5%正常化Owner FCF收益率约束,UNCHANGED,NOT_ELIGIBLE,先满足质量与合理估值条件,UNCHANGED,371.52,2026-09-21T18:26:33+00:00,2026-06-30,2026-09-21T18:30:04.864917+00:00,WAIT_PRICE,353.17062166888013,18.59113915080665,0.0475304992556094,0.1711055567510304,,,,,,,,,,
BR,MOS_Radar_V6.8.0,1,2026-09-21T19:07:42.607722+00:00,QUALITY_PRICE_WAIT,质量通过，但价格超过20倍盈利或5%正常化Owner FCF收益率约束,UNCHANGED,NOT_ELIGIBLE,先满足质量与合理估值条件,UNCHANGED,164.1401,2026-09-21T18:30:27+00:00,2026-06-30,2026-09-21T18:31:00.836476+00:00,WAIT_PRICE,160.92097852025006,16.644921765358028,0.0490193982214736,0.3958318665070759,,,,,,,,,,
NBIX,MOS_Radar_V6.8.0,1,2026-09-21T19:07:42.607722+00:00,QUALITY_PRICE_WAIT,质量通过，但价格超过20倍盈利或5%正常化Owner FCF收益率约束,UNCHANGED,NOT_ELIGIBLE,先满足质量与合理估值条件,UNCHANGED,144.03,2026-09-21T18:31:32+00:00,2025-12-31,2026-09-21T18:31:36.424346+00:00,WAIT_PRICE,59.49875829554252,30.590328907953463,0.020654987952351,0.1295754819146632,,,,,,,,,,
NDSN,MOS_Radar_V6.8.0,1,2026-09-21T19:07:42.607722+00:00,QUALITY_PRICE_WAIT,质量通过，但价格超过20倍盈利或5%正常化Owner FCF收益率约束,UNCHANGED,NOT_ELIGIBLE,先满足质量与合理估值条件,UNCHANGED,315.4701,2026-09-21T18:31:42+00:00,2026-07-31,2026-09-21T18:31:51.676642+00:00,WAIT_PRICE,191.1997569946452,31.65018094996857,0.0303039427499856,0.1698280759080824,,,,,,,,,,
LOGI,MOS_Radar_V6.8.0,1,2026-09-21T19:07:42.607722+00:00,QUALITY_PRICE_WAIT,质量通过，但价格超过20倍盈利或5%正常化Owner FCF收益率约束,EXIT_REVIEW,NOT_ELIGIBLE,先满足质量与合理估值条件,CHANGED,104.45,2026-09-21T18:31:56+00:00,2026-06-30,2026-09-21T18:31:59.848118+00:00,WAIT_PRICE,102.5563341924661,18.674740613538404,0.0490935060758573,0.3405424482671378,,,,,,,,,,
MLI,MOS_Radar_V6.8.0,1,2026-09-21T19:07:42.607722+00:00,QUALITY_PRICE_WAIT,质量通过，但价格超过20倍盈利或5%正常化Owner FCF收益率约束,UNCHANGED,NOT_ELIGIBLE,先满足质量与合理估值条件,UNCHANGED,60.675,2026-09-21T18:31:28+00:00,2026-06-30,2026-09-21T18:32:01.595601+00:00,WAIT_PRICE,54.08541344847631,15.779017420355826,0.0445697679839112,0.2397316609118455,,,,,,,,,,
LECO,MOS_Radar_V6.8.0,1,2026-09-21T19:07:42.607722+00:00,QUALITY_PRICE_WAIT,质量通过，但价格超过20倍盈利或5%正常化Owner FCF收益率约束,UNCHANGED,NOT_ELIGIBLE,先满足质量与合理估值条件,UNCHANGED,259.28,2026-09-21T18:31:51+00:00,2026-06-30,2026-09-21T18:32:21.490243+00:00,WAIT_PRICE,165.9212813534178,25.53017266417124,0.0319965445374533,0.3561691695942555,,,,,,,,,,
RMBS,MOS_Radar_V6.8.0,1,2026-09-21T19:07:42.607722+00:00,QUALITY_PRICE_WAIT,质量通过，但价格超过20倍盈利或5%正常化Owner FCF收益率约束,UNCHANGED,NOT_ELIGIBLE,先满足质量与合理估值条件,UNCHANGED,97.42,2026-09-21T18:32:30+00:00,2026-06-30,2026-09-21T18:32:40.777305+00:00,WAIT_PRICE,33.92122158798772,44.08515172588816,0.0174097832005685,0.1634190360540521,,,,,,,,,,
CSL,MOS_Radar_V6.8.0,1,2026-09-21T19:07:42.607722+00:00,QUALITY_WATCH,通过质量门槛及合理估值初始规则；不等于厚安全边际或买入指令,UNCHANGED,TREND_WAIT,长均线或相对强度未同时通过；若此前持有，应复核趋势理由,UNCHANGED,316.63,2026-09-21T18:32:51+00:00,2026-06-30,2026-09-21T18:32:52.910911+00:00,WAIT_PRICE,363.9510341847844,17.399593366136248,0.0662760081379896,0.4468835023497403,2026-09-18T00:00:00+00:00,314.70001220703125,350.2101098632813,350.2219828796387,-0.0924214119498787,0.1201326367851438,-0.2125540487350226,^GSPC,7650.5,379.0
DECK,MOS_Radar_V6.8.0,1,2026-09-21T19:07:42.607722+00:00,QUALITY_WATCH,通过质量门槛及合理估值初始规则；不等于厚安全边际或买入指令,UNCHANGED,TREND_WAIT,长均线或相对强度未同时通过；若此前持有，应复核趋势理由,UNCHANGED,80.2,2026-09-21T18:32:27+00:00,2026-06-30,2026-09-21T18:33:01.303712+00:00,WAIT_PRICE,121.48964622765996,10.762075318085564,0.0757416747055236,0.4409123414963491,2026-09-18T00:00:00+00:00,78.43000030517578,92.98280014038086,102.29595001220704,-0.2297922435451111,0.1201326367851438,-0.349924880330255,^GSPC,7650.5,379.0
GGG,MOS_Radar_V6.8.0,1,2026-09-21T19:07:42.607722+00:00,QUALITY_PRICE_WAIT,质量通过，但价格超过20倍盈利或5%正常化Owner FCF收益率约束,UNCHANGED,NOT_ELIGIBLE,先满足质量与合理估值条件,UNCHANGED,76.98,2026-09-21T18:33:33+00:00,2026-06-30,2026-09-21T18:33:57.546237+00:00,WAIT_PRICE,51.68790972762807,23.36664982689104,0.0335722978225695,0.211499400639318,,,,,,,,,,
RPM,MOS_Radar_V6.8.0,1,2026-09-21T19:07:42.607722+00:00,QUALITY_PRICE_WAIT,质量通过，但价格超过20倍盈利或5%正常化Owner FCF收益率约束,UNCHANGED,NOT_ELIGIBLE,先满足质量与合理估值条件,UNCHANGED,99.45,2026-09-21T18:34:16+00:00,2026-05-31,2026-09-21T18:34:19.532316+00:00,WAIT_PRICE,91.2693242676265,19.27187648187597,0.0458870408585351,0.1989063675343111,,,,,,,,,,
NYT,MOS_Radar_V6.8.0,1,2026-09-21T19:07:42.607722+00:00,QUALITY_PRICE_WAIT,质量通过，但价格超过20倍盈利或5%正常化Owner FCF收益率约束,UNCHANGED,NOT_ELIGIBLE,先满足质量与合理估值条件,UNCHANGED,70.245,2026-09-21T18:34:20+00:00,2026-06-30,2026-09-21T18:34:24.507549+00:00,WAIT_PRICE,35.70589492492868,28.84074573041074,0.0254152572602524,0.1918525486242976,,,,,,,,,,
MEDP,MOS_Radar_V6.8.0,1,2026-09-21T19:07:42.607722+00:00,QUALITY_PRICE_WAIT,质量通过，但价格超过20倍盈利或5%正常化Owner FCF收益率约束,UNCHANGED,NOT_ELIGIBLE,先满足质量与合理估值条件,UNCHANGED,625.48,2026-09-21T18:34:35+00:00,2026-06-30,2026-09-21T18:34:40.513962+00:00,WAIT_PRICE,340.32433034216086,35.52020635656254,0.0272050529467097,1.1328513049110198,,,,,,,,,,
PNR,MOS_Radar_V6.8.0,1,2026-09-21T19:07:42.607722+00:00,QUALITY_WATCH,通过质量门槛及合理估值初始规则；不等于厚安全边际或买入指令,UNCHANGED,TREND_WAIT,长均线或相对强度未同时通过；若此前持有，应复核趋势理由,UNCHANGED,55.92,2026-09-21T18:34:42+00:00,2026-06-30,2026-09-21T18:34:53.111234+00:00,WAIT_PRICE,66.69486433925728,13.701000472464957,0.059634177699622,0.1737390979649534,2026-09-18T00:00:00+00:00,55.91999816894531,63.577349166870114,83.09151140213012,-0.3508438376500232,0.1201326367851438,-0.4709764744351671,^GSPC,7650.5,379.0
GDDY,MOS_Radar_V6.8.0,1,2026-09-21T19:07:42.607722+00:00,QUALITY_WATCH,通过质量门槛及合理估值初始规则；不等于厚安全边际或买入指令,UNCHANGED,TREND_WAIT,长均线或相对强度未同时通过；若此前持有，应复核趋势理由,UNCHANGED,103.82,2026-09-21T18:35:01+00:00,2026-06-30,2026-09-21T18:35:06.736651+00:00,WAIT_PRICE,140.07360174603875,14.444210250060626,0.0674598351695428,135.86567164179104,2026-09-18T00:00:00+00:00,97.45999908447266,95.50499954223632,94.91239978790284,0.0693462781426601,0.1201326367851438,-0.0507863586424837,^GSPC,7650.5,379.0
AIT,MOS_Radar_V6.8.0,1,2026-09-21T19:07:42.607722+00:00,QUALITY_PRICE_WAIT,质量通过，但价格超过20倍盈利或5%正常化Owner FCF收益率约束,UNCHANGED,NOT_ELIGIBLE,先满足质量与合理估值条件,UNCHANGED,320.74,2026-09-21T18:34:51+00:00,2026-06-30,2026-09-21T18:35:18.231626+00:00,WAIT_PRICE,211.791867888694,28.422963931175577,0.0330161295580055,0.2226535370772322,,,,,,,,,,
ALLE,MOS_Radar_V6.8.0,1,2026-09-21T19:07:42.607722+00:00,QUALITY_PRICE_WAIT,质量通过，但价格超过20倍盈利或5%正常化Owner FCF收益率约束,UNCHANGED,NOT_ELIGIBLE,先满足质量与合理估值条件,UNCHANGED,152.19,2026-09-21T18:35:50+00:00,2025-12-31,2026-09-21T18:35:56.222731+00:00,WAIT_PRICE,121.80610675759448,20.102125922568096,0.0400177760554551,0.3038799207023506,,,,,,,,,,
WTS,MOS_Radar_V6.8.0,1,2026-09-21T19:07:42.607722+00:00,QUALITY_PRICE_WAIT,质量通过，但价格超过20倍盈利或5%正常化Owner FCF收益率约束,UNCHANGED,NOT_ELIGIBLE,先满足质量与合理估值条件,UNCHANGED,351.53,2026-09-21T18:36:10+00:00,2026-06-30,2026-09-21T18:37:14.470964+00:00,WAIT_PRICE,161.72878208396958,30.576194699711326,0.023003553335984,0.1752991687220243,,,,,,,,,,
BSY,MOS_Radar_V6.8.0,1,2026-09-21T19:07:42.607722+00:00,QUALITY_PRICE_WAIT,质量通过，但价格超过20倍盈利或5%正常化Owner FCF收益率约束,UNCHANGED,NOT_ELIGIBLE,先满足质量与合理估值条件,UNCHANGED,32.095,2026-09-21T18:37:31+00:00,2026-06-30,2026-09-21T18:37:34.115757+00:00,WAIT_PRICE,19.195485860798748,33.44015382860904,0.0333591123924734,0.2412070460100396,,,,,,,,,,
JKHY,MOS_Radar_V6.8.0,1,2026-09-21T19:07:42.607722+00:00,QUALITY_PRICE_WAIT,质量通过，但价格超过20倍盈利或5%正常化Owner FCF收益率约束,UNCHANGED,NOT_ELIGIBLE,先满足质量与合理估值条件,UNCHANGED,151.75,2026-09-21T18:37:00+00:00,2026-06-30,2026-09-21T18:37:35.814788+00:00,WAIT_PRICE,93.32850662180472,21.16172893242504,0.0307507435327198,0.2450231462867741,,,,,,,,,,
DCI,MOS_Radar_V6.8.0,1,2026-09-21T19:07:42.607722+00:00,QUALITY_PRICE_WAIT,质量通过，但价格超过20倍盈利或5%正常化Owner FCF收益率约束,UNCHANGED,NOT_ELIGIBLE,先满足质量与合理估值条件,UNCHANGED,86.83,2026-09-21T18:36:34+00:00,2025-07-31,2026-09-21T18:37:52.374585+00:00,WAIT_PRICE,54.06300385921107,27.423861593241096,0.0311315235858638,0.2164808588450421,,,,,,,,,,
AYI,MOS_Radar_V6.8.0,1,2026-09-21T19:07:42.607722+00:00,QUALITY_PRICE_WAIT,质量通过，但价格超过20倍盈利或5%正常化Owner FCF收益率约束,UNCHANGED,NOT_ELIGIBLE,先满足质量与合理估值条件,UNCHANGED,307.665,2026-09-21T18:38:38+00:00,2026-05-31,2026-09-21T18:39:03.427830+00:00,WAIT_PRICE,281.9891604302516,19.50057235560429,0.0458273057433005,0.1656321234438015,,,,,,,,,,
CRUS,MOS_Radar_V6.8.0,1,2026-09-21T19:07:42.607722+00:00,QUALITY_WATCH,通过质量门槛及合理估值初始规则；不等于厚安全边际或买入指令,UNCHANGED,TREND_WAIT,长均线或相对强度未同时通过；若此前持有，应复核趋势理由,UNCHANGED,120.37,2026-09-21T18:39:17+00:00,2026-06-30,2026-09-21T18:39:45.417829+00:00,WAIT_PRICE,139.74033652987617,14.01110863295412,0.0580461645467625,0.1966816969838717,2026-09-18T00:00:00+00:00,118.81999969482422,123.9147999572754,139.98134994506836,-0.191190552469989,0.1201326367851438,-0.3113231892551329,^GSPC,7650.5,379.0
ZWS,MOS_Radar_V6.8.0,1,2026-09-21T19:07:42.607722+00:00,QUALITY_PRICE_WAIT,质量通过，但价格超过20倍盈利或5%正常化Owner FCF收益率约束,UNCHANGED,NOT_ELIGIBLE,先满足质量与合理估值条件,UNCHANGED,46.19,2026-09-21T18:39:27+00:00,2026-06-30,2026-09-21T18:40:01.549690+00:00,WAIT_PRICE,23.11531056651757,27.748143472112734,0.0250219858914457,0.1664155264902658,,,,,,,,,,
WFRD,MOS_Radar_V6.8.0,1,2026-09-21T19:07:42.607722+00:00,QUALITY_WATCH,通过质量门槛及合理估值初始规则；不等于厚安全边际或买入指令,UNCHANGED,TREND_WAIT,长均线或相对强度未同时通过；若此前持有，应复核趋势理由,UNCHANGED,82.59,2026-09-21T18:40:20+00:00,2026-06-30,2026-09-21T18:40:24.478591+00:00,WAIT_PRICE,102.36029867859726,16.137115867417634,0.0694187603558576,0.2046979865771812,2026-09-18T00:00:00+00:00,82.02999877929688,88.28957946777344,92.53419658660889,-0.1150623554979811,0.1201326367851438,-0.235194992283125,^GSPC,7650.5,379.0
MANH,MOS_Radar_V6.8.0,1,2026-09-21T19:07:42.607722+00:00,QUALITY_PRICE_WAIT,质量通过，但价格超过20倍盈利或5%正常化Owner FCF收益率约束,UNCHANGED,NOT_ELIGIBLE,先满足质量与合理估值条件,UNCHANGED,208.975,2026-09-21T18:40:22+00:00,2026-06-30,2026-09-21T18:40:31.220463+00:00,WAIT_PRICE,63.41405827296615,57.9560862450962,0.0151726422473899,1.33475337604043,,,,,,,,,,
AOS,MOS_Radar_V6.8.0,1,2026-09-21T19:07:42.607722+00:00,QUALITY_WATCH,通过质量门槛及合理估值初始规则；不等于厚安全边际或买入指令,UNCHANGED,TREND_WAIT,长均线或相对强度未同时通过；若此前持有，应复核趋势理由,UNCHANGED,56.91,2026-09-21T18:39:45+00:00,2026-06-30,2026-09-21T18:40:38.247941+00:00,WAIT_PRICE,69.43270624511138,15.459837834683183,0.0610022019373672,0.2716216949888702,2026-09-18T00:00:00+00:00,56.95000076293945,60.47232391357422,64.27002904891968,-0.1824814167960782,0.1201326367851438,-0.302614053581222,^GSPC,7650.5,379.0
QGEN,MOS_Radar_V6.8.0,1,2026-09-21T19:07:42.607722+00:00,QUALITY_PRICE_WAIT,质量通过，但价格超过20倍盈利或5%正常化Owner FCF收益率约束,UNCHANGED,NOT_ELIGIBLE,先满足质量与合理估值条件,UNCHANGED,44.66,2026-09-21T18:41:28+00:00,2026-06-30,2026-09-21T18:42:00.359462+00:00,WAIT_PRICE,35.67592447841433,22.530432889238053,0.0399416978038673,0.1219022318583332,,,,,,,,,,
IDCC,MOS_Radar_V6.8.0,1,2026-09-21T19:07:42.607722+00:00,QUALITY_PRICE_WAIT,质量通过，但价格超过20倍盈利或5%正常化Owner FCF收益率约束,UNCHANGED,NOT_ELIGIBLE,先满足质量与合理估值条件,UNCHANGED,326.4,2026-09-21T18:39:55+00:00,2026-06-30,2026-09-21T18:42:11.902584+00:00,WAIT_PRICE,184.47817552795613,27.87484248297388,0.0282595244374932,0.2513581701075306,,,,,,,,,,
AWI,MOS_Radar_V6.8.0,1,2026-09-21T19:07:42.607722+00:00,QUALITY_PRICE_WAIT,质量通过，但价格超过20倍盈利或5%正常化Owner FCF收益率约束,UNCHANGED,NOT_ELIGIBLE,先满足质量与合理估值条件,UNCHANGED,161.72,2026-09-21T18:40:15+00:00,2026-06-30,2026-09-21T18:42:32.488382+00:00,WAIT_PRICE,72.65250025691836,21.67695614433988,0.0224624351523987,0.3565532059255908,,,,,,,,,,
DOX,MOS_Radar_V6.8.0,1,2026-09-21T19:07:42.607722+00:00,QUALITY_WATCH,通过质量门槛及合理估值初始规则；不等于厚安全边际或买入指令,UNCHANGED,TREND_WAIT,长均线或相对强度未同时通过；若此前持有，应复核趋势理由,UNCHANGED,59.31,2026-09-21T18:42:33+00:00,2026-06-30,2026-09-21T18:42:48.153280+00:00,WAIT_PRICE,86.58755725383907,13.6994279273008,0.0853273817902544,0.1375475655968603,2026-09-18T00:00:00+00:00,59.29999923706055,57.90879981994629,64.79286586761475,-0.1294926128408539,0.1201326367851438,-0.2496252496259977,^GSPC,7650.5,379.0
PAYC,MOS_Radar_V6.8.0,1,2026-09-21T19:07:42.607722+00:00,QUALITY_PRICE_WAIT,质量通过，但价格超过20倍盈利或5%正常化Owner FCF收益率约束,UNCHANGED,NOT_ELIGIBLE,先满足质量与合理估值条件,UNCHANGED,225.48,2026-09-21T18:42:39+00:00,2026-06-30,2026-09-21T18:42:59.432845+00:00,WAIT_PRICE,98.76503624927084,20.842388145105144,0.0219010635642342,0.8531933508311461,,,,,,,,,,
LNTH,MOS_Radar_V6.8.0,1,2026-09-21T19:07:42.607722+00:00,QUALITY_PRICE_WAIT,质量通过，但价格超过20倍盈利或5%正常化Owner FCF收益率约束,UNCHANGED,NOT_ELIGIBLE,先满足质量与合理估值条件,UNCHANGED,100.335,2026-09-21T18:43:05+00:00,2026-06-30,2026-09-21T18:43:48.083746+00:00,WAIT_PRICE,83.78101872201533,23.79856122606265,0.0417506447012584,0.2098716398658919,,,,,,,,,,
PCTY,MOS_Radar_V6.8.0,1,2026-09-21T19:07:42.607722+00:00,QUALITY_PRICE_WAIT,质量通过，但价格超过20倍盈利或5%正常化Owner FCF收益率约束,UNCHANGED,NOT_ELIGIBLE,先满足质量与合理估值条件,UNCHANGED,144.35,2026-09-21T18:43:43+00:00,2026-06-30,2026-09-21T18:44:59.652341+00:00,WAIT_PRICE,64.7929207152047,29.62872695632939,0.022442992973746,0.2208426769891036,,,,,,,,,,
BCPC,MOS_Radar_V6.8.0,1,2026-09-21T19:07:42.607722+00:00,QUALITY_PRICE_WAIT,质量通过，但价格超过20倍盈利或5%正常化Owner FCF收益率约束,UNCHANGED,NOT_ELIGIBLE,先满足质量与合理估值条件,UNCHANGED,167.89,2026-09-21T18:43:10+00:00,2025-12-31,2026-09-21T18:46:57.865038+00:00,WAIT_PRICE,76.83303204123595,34.56360183559818,0.0228819560549276,0.1204910685105469,,,,,,,,,,
G,MOS_Radar_V6.8.0,1,2026-09-21T19:07:42.607722+00:00,QUALITY_WATCH,通过质量门槛及合理估值初始规则；不等于厚安全边际或买入指令,UNCHANGED,TREND_WAIT,长均线或相对强度未同时通过；若此前持有，应复核趋势理由,UNCHANGED,34.045,2026-09-21T18:47:03+00:00,2026-06-30,2026-09-21T18:47:23.540157+00:00,WAIT_PRICE,52.18824304030155,9.818401793576996,0.0766459730361309,0.2236849934946946,2026-09-18T00:00:00+00:00,34.13999938964844,34.36083168029785,36.78461198806762,-0.0609614438557489,0.1201326367851438,-0.1810940806408928,^GSPC,7650.5,379.0
LAUR,MOS_Radar_V6.8.0,1,2026-09-21T19:07:42.607722+00:00,QUALITY_PRICE_WAIT,质量通过，但价格超过20倍盈利或5%正常化Owner FCF收益率约束,UNCHANGED,NOT_ELIGIBLE,先满足质量与合理估值条件,UNCHANGED,36.33,2026-09-21T18:48:17+00:00,2026-06-30,2026-09-21T18:48:59.344096+00:00,WAIT_PRICE,25.65303985368662,15.563375444800876,0.0353055874672262,0.2817216321967579,,,,,,,,,,
EXLS,MOS_Radar_V6.8.0,1,2026-09-21T19:07:42.607722+00:00,QUALITY_PRICE_WAIT,质量通过，但价格超过20倍盈利或5%正常化Owner FCF收益率约束,UNCHANGED,NOT_ELIGIBLE,先满足质量与合理估值条件,UNCHANGED,35.325,2026-09-21T18:49:37+00:00,2026-06-30,2026-09-21T18:50:24.078372+00:00,WAIT_PRICE,17.813570513534927,21.42293226311368,0.0252138294600635,0.2886017994971382,,,,,,,,,,
LOPE,MOS_Radar_V6.8.0,1,2026-09-21T19:07:42.607722+00:00,QUALITY_WATCH,通过质量门槛及合理估值初始规则；不等于厚安全边际或买入指令,UNCHANGED,TREND_WAIT,长均线或相对强度未同时通过；若此前持有，应复核趋势理由,UNCHANGED,151.34,2026-09-21T18:49:41+00:00,2026-06-30,2026-09-21T18:50:29.610623+00:00,WAIT_PRICE,157.41278630386128,17.594009991378392,0.0520063388079362,0.3348812338594403,2026-09-18T00:00:00+00:00,151.27000427246094,147.9390005493164,158.86464973449708,-0.1243816434368516,0.1201326367851438,-0.2445142802219955,^GSPC,7650.5,379.0
CVSA,MOS_Radar_V6.8.0,1,2026-09-21T19:07:42.607722+00:00,QUALITY_WATCH,通过质量门槛及合理估值初始规则；不等于厚安全边际或买入指令,UNCHANGED,TREND_WATCH,完整交易日趋势通过，需复核当前报价,UNCHANGED,126.37,2026-09-21T18:49:13+00:00,2026-06-30,2026-09-21T18:50:31.376234+00:00,WAIT_PRICE,142.48848504692268,17.098835998864757,0.0563774966554256,0.1739514654072611,2026-09-18T00:00:00+00:00,126.72000122070312,127.53539993286132,116.0872999572754,0.3516032358449759,0.1201326367851438,0.231470599059832,^GSPC,7650.5,379.0
CAAP,MOS_Radar_V6.8.0,1,2026-09-21T19:07:42.607722+00:00,QUALITY_WATCH,通过质量门槛及合理估值初始规则；不等于厚安全边际或买入指令,UNCHANGED,TREND_WAIT,长均线或相对强度未同时通过；若此前持有，应复核趋势理由,UNCHANGED,24.18,2026-09-21T18:48:58+00:00,2025-12-31,2026-09-21T18:51:36.087634+00:00,WAIT_PRICE,30.326477141502085,15.946461494473704,0.0931914719896396,0.1372534027456886,2026-09-18T00:00:00+00:00,23.6200008392334,23.9682320022583,24.96768530845642,-0.1852499594727719,0.1201326367851438,-0.3053825962579157,^GSPC,7650.5,379.0
LRN,MOS_Radar_V6.8.0,1,2026-09-21T19:07:42.607722+00:00,QUALITY_WATCH,通过质量门槛及合理估值初始规则；不等于厚安全边际或买入指令,UNCHANGED,TREND_WAIT,长均线或相对强度未同时通过；若此前持有，应复核趋势理由,UNCHANGED,79.45,2026-09-21T18:46:16+00:00,2026-06-30,2026-09-21T18:52:14.930586+00:00,WAIT_PRICE,114.6242288194582,9.763476245503792,0.0721360785522078,0.2071837233792942,2026-09-18T00:00:00+00:00,78.9000015258789,84.51039962768554,83.81459991455078,-0.0009495766297292,0.1201326367851438,-0.1210822134148731,^GSPC,7650.5,379.0
KTB,MOS_Radar_V6.8.0,1,2026-09-21T19:07:42.607722+00:00,QUALITY_WATCH,通过质量门槛及合理估值初始规则；不等于厚安全边际或买入指令,UNCHANGED,TREND_WAIT,长均线或相对强度未同时通过；若此前持有，应复核趋势理由,UNCHANGED,66.99,2026-09-21T18:53:11+00:00,2026-06-30,2026-09-21T18:53:50.179512+00:00,WAIT_PRICE,95.76987154577112,13.664322454289628,0.0714807221568675,0.4331817946661838,2026-09-18T00:00:00+00:00,66.36000061035156,78.46660552978516,70.9438009262085,0.2292145759040964,0.1201326367851438,0.1090819391189525,^GSPC,7650.5,379.0
BRC,MOS_Radar_V6.8.0,1,2026-09-21T19:07:42.607722+00:00,QUALITY_PRICE_WAIT,质量通过，但价格超过20倍盈利或5%正常化Owner FCF收益率约束,UNCHANGED,NOT_ELIGIBLE,先满足质量与合理估值条件,UNCHANGED,84.17,2026-09-21T18:47:08+00:00,2026-07-31,2026-09-21T18:54:04.333545+00:00,WAIT_PRICE,68.14002048848113,19.28981712700704,0.0404776170182256,0.1507422865401359,,,,,,,,,,
BMI,MOS_Radar_V6.8.0,1,2026-09-21T19:07:42.607722+00:00,QUALITY_PRICE_WAIT,质量通过，但价格超过20倍盈利或5%正常化Owner FCF收益率约束,UNCHANGED,NOT_ELIGIBLE,先满足质量与合理估值条件,UNCHANGED,132.0,2026-09-21T18:53:28+00:00,2026-06-30,2026-09-21T18:54:12.732054+00:00,WAIT_PRICE,79.83862473900662,30.437953367751994,0.0302419033102297,0.1840835871602624,,,,,,,,,,
FIZZ,MOS_Radar_V6.8.0,1,2026-09-21T19:07:42.607722+00:00,QUALITY_WATCH,通过质量门槛及合理估值初始规则；不等于厚安全边际或买入指令,UNCHANGED,TREND_WAIT,长均线或相对强度未同时通过；若此前持有，应复核趋势理由,UNCHANGED,31.4,2026-09-21T18:50:54+00:00,2026-07-31,2026-09-21T18:55:09.957011+00:00,WAIT_PRICE,33.71334569152365,16.807632407935163,0.0536836714833179,0.4756338675507134,2026-09-18T00:00:00+00:00,31.600000381469727,31.65180011749268,31.28218713760376,-0.0368142750921197,0.1201326367851438,-0.1569469118772636,^GSPC,7650.5,379.0
QLYS,MOS_Radar_V6.8.0,1,2026-09-21T19:07:42.607722+00:00,QUALITY_PRICE_WAIT,质量通过，但价格超过20倍盈利或5%正常化Owner FCF收益率约束,UNCHANGED,NOT_ELIGIBLE,先满足质量与合理估值条件,UNCHANGED,180.11,2026-09-21T18:55:15+00:00,2026-06-30,2026-09-21T18:55:24.038509+00:00,WAIT_PRICE,96.87468974615552,30.167449314553377,0.026893201306467,0.3673702427684389,,,,,,,,,,
PRDO,MOS_Radar_V6.8.0,1,2026-09-21T19:07:42.607722+00:00,QUALITY_WATCH,通过质量门槛及合理估值初始规则；不等于厚安全边际或买入指令,UNCHANGED,TREND_WAIT,长均线或相对强度未同时通过；若此前持有，应复核趋势理由,UNCHANGED,32.53,2026-09-21T19:01:49+00:00,2026-06-30,2026-09-21T19:02:41.664598+00:00,WAIT_PRICE,46.028534070286696,11.492951235106103,0.0707478236555282,0.1713939011562701,2026-09-18T00:00:00+00:00,32.54999923706055,32.580038414001464,32.68803694725037,0.0319426191057714,0.1201326367851438,-0.0881900176793724,^GSPC,7650.5,379.0
MCRI,MOS_Radar_V6.8.0,1,2026-09-21T19:07:42.607722+00:00,QUALITY_PRICE_WAIT,质量通过，但价格超过20倍盈利或5%正常化Owner FCF收益率约束,UNCHANGED,NOT_ELIGIBLE,先满足质量与合理估值条件,UNCHANGED,119.5089,2026-09-21T18:34:59+00:00,2026-06-30,2026-09-21T19:02:58.352610+00:00,WAIT_PRICE,116.36894937155608,18.6845276985823,0.0486863109657758,0.1987537471674101,,,,,,,,,,
MD,MOS_Radar_V6.8.0,1,2026-09-21T19:07:42.607722+00:00,QUALITY_WATCH,通过质量门槛及合理估值初始规则；不等于厚安全边际或买入指令,UNCHANGED,TREND_WATCH,完整交易日趋势通过，需复核当前报价,UNCHANGED,25.79,2026-09-21T19:04:28+00:00,2026-06-30,2026-09-21T19:04:46.611723+00:00,WAIT_PRICE,38.155447181235,11.987700270468927,0.0739733369159267,0.198422887317149,2026-09-18T00:00:00+00:00,25.93000030517578,26.34719989776612,23.110449962615967,0.1934456136926974,0.1201326367851438,0.0733129769075535,^GSPC,7650.5,379.0
EPAC,MOS_Radar_V6.8.0,1,2026-09-21T19:07:42.607722+00:00,QUALITY_PRICE_WAIT,质量通过，但价格超过20倍盈利或5%正常化Owner FCF收益率约束,UNCHANGED,NOT_ELIGIBLE,先满足质量与合理估值条件,UNCHANGED,35.31,2026-09-21T19:00:00+00:00,2026-05-31,2026-09-21T19:05:57.844822+00:00,WAIT_PRICE,22.217877526306385,19.34964691149478,0.0314611689695644,0.2200750893808899,,,,,,,,,,
CTS,MOS_Radar_V6.8.0,1,2026-09-21T19:07:42.607722+00:00,QUALITY_PRICE_WAIT,质量通过，但价格超过20倍盈利或5%正常化Owner FCF收益率约束,UNCHANGED,NOT_ELIGIBLE,先满足质量与合理估值条件,UNCHANGED,58.6,2026-09-21T19:03:04+00:00,2026-06-30,2026-09-21T19:06:48.303712+00:00,WAIT_PRICE,48.87486012551594,23.979608268753644,0.0446846620851002,0.1218264186517462,,,,,,,,,,
TILE,MOS_Radar_V6.8.0,1,2026-09-21T19:07:42.607722+00:00,QUALITY_PRICE_WAIT,质量通过，但价格超过20倍盈利或5%正常化Owner FCF收益率约束,UNCHANGED,NOT_ELIGIBLE,先满足质量与合理估值条件,UNCHANGED,34.265,2026-09-21T19:06:21+00:00,2026-06-30,2026-09-21T19:07:20.011628+00:00,WAIT_PRICE,28.617679330998847,13.606952289691034,0.0417593452954893,0.2145644306531144,,,,,,,,,,
AAPL,MOS_Radar_V6.8.0,1,2026-09-22T17:56:55.478152+00:00,QUALITY_PRICE_WAIT,质量通过，但价格超过20倍盈利或5%正常化Owner FCF收益率约束,UNCHANGED,NOT_ELIGIBLE,先满足质量与合理估值条件,UNCHANGED,341.83,2026-09-22T17:06:39+00:00,2026-06-30,2026-09-22T17:06:42.121594+00:00,WAIT_PRICE,124.15083499920748,38.692179589629774,0.0181597336394125,1.199125744047619,,,,,,,,,,
JNJ,MOS_Radar_V6.8.0,1,2026-09-22T17:56:55.478152+00:00,QUALITY_PRICE_WAIT,质量通过，但价格超过20倍盈利或5%正常化Owner FCF收益率约束,UNCHANGED,NOT_ELIGIBLE,先满足质量与合理估值条件,UNCHANGED,268.39,2026-09-22T17:07:07+00:00,2026-06-30,2026-09-22T17:07:10.706627+00:00,WAIT_PRICE,140.05775263673866,30.74548270904021,0.026092207726953,0.247578585635099,,,,,,,,,,
NFLX,MOS_Radar_V6.8.0,1,2026-09-22T17:56:55.478152+00:00,QUALITY_PRICE_WAIT,质量通过，但价格超过20倍盈利或5%正常化Owner FCF收益率约束,UNCHANGED,NOT_ELIGIBLE,先满足质量与合理估值条件,UNCHANGED,71.94,2026-09-22T17:07:15+00:00,2026-06-30,2026-09-22T17:07:23.450948+00:00,WAIT_PRICE,28.06392506303836,21.945911142380755,0.0195050910919087,0.4526936342508297,,,,,,,,,,
NVS,MOS_Radar_V6.8.0,1,2026-09-22T17:56:55.478152+00:00,QUALITY_PRICE_WAIT,质量通过，但价格超过20倍盈利或5%正常化Owner FCF收益率约束,UNCHANGED,NOT_ELIGIBLE,先满足质量与合理估值条件,UNCHANGED,141.18,2026-09-22T17:07:12+00:00,2026-06-30,2026-09-22T17:07:40.923679+00:00,WAIT_PRICE,128.78050275999396,21.034953922548304,0.045608621178635,0.3070868037167204,,,,,,,,,,
KLAC,MOS_Radar_V6.8.0,1,2026-09-22T17:56:55.478152+00:00,QUALITY_PRICE_WAIT,质量通过，但价格超过20倍盈利或5%正常化Owner FCF收益率约束,UNCHANGED,NOT_ELIGIBLE,先满足质量与合理估值条件,UNCHANGED,185.8936,2026-09-22T17:07:49+00:00,2026-06-30,2026-09-22T17:07:51.065614+00:00,WAIT_PRICE,49.416868773278544,50.280499344454384,0.0132917079375725,0.7607729037988479,,,,,,,,,,
QCOM,MOS_Radar_V6.8.0,1,2026-09-22T17:56:55.478152+00:00,QUALITY_PRICE_WAIT,质量通过，但价格超过20倍盈利或5%正常化Owner FCF收益率约束,UNCHANGED,NOT_ELIGIBLE,先满足质量与合理估值条件,UNCHANGED,196.71,2026-09-22T17:07:57+00:00,2026-06-30,2026-09-22T17:07:59.850453+00:00,WAIT_PRICE,134.33695642643391,22.691239396110404,0.0341459398165914,0.3347675175356135,,,,,,,,,,
ADI,MOS_Radar_V6.8.0,1,2026-09-22T17:56:55.478152+00:00,QUALITY_PRICE_WAIT,质量通过，但价格超过20倍盈利或5%正常化Owner FCF收益率约束,UNCHANGED,NOT_ELIGIBLE,先满足质量与合理估值条件,UNCHANGED,386.32,2026-09-22T17:07:37+00:00,2026-07-31,2026-09-22T17:08:06.950607+00:00,WAIT_PRICE,138.58180901701252,45.27137917831844,0.0179361421900254,0.1232457063666584,,,,,,,,,,
TJX,MOS_Radar_V6.8.0,1,2026-09-22T17:56:55.478152+00:00,QUALITY_PRICE_WAIT,质量通过，但价格超过20倍盈利或5%正常化Owner FCF收益率约束,UNCHANGED,NOT_ELIGIBLE,先满足质量与合理估值条件,UNCHANGED,131.0,2026-09-22T17:08:34+00:00,2026-07-31,2026-09-22T17:08:39.732703+00:00,WAIT_PRICE,69.99255957909357,23.75088214784902,0.0267147173966006,0.5696178762557507,,,,,,,,,,
LMT,MOS_Radar_V6.8.0,1,2026-09-22T17:56:55.478152+00:00,QUALITY_PRICE_WAIT,质量通过，但价格超过20倍盈利或5%正常化Owner FCF收益率约束,UNCHANGED,NOT_ELIGIBLE,先满足质量与合理估值条件,UNCHANGED,520.13,2026-09-22T17:09:31+00:00,2026-06-30,2026-09-22T17:09:35.716921+00:00,WAIT_PRICE,507.7615287582864,19.09355741765516,0.048811021163775,0.7170392335766423,,,,,,,,,,
SYK,MOS_Radar_V6.8.0,1,2026-09-22T17:56:55.478152+00:00,QUALITY_PRICE_WAIT,质量通过，但价格超过20倍盈利或5%正常化Owner FCF收益率约束,UNCHANGED,NOT_ELIGIBLE,先满足质量与合理估值条件,UNCHANGED,276.18,2026-09-22T17:09:27+00:00,2026-06-30,2026-09-22T17:09:37.330852+00:00,WAIT_PRICE,157.6883522833506,28.40847439927785,0.028548112152102,0.1554527263631815,,,,,,,,,,
BMY,MOS_Radar_V6.8.0,1,2026-09-22T17:56:55.478152+00:00,QUALITY_WATCH,通过质量门槛及合理估值初始规则；不等于厚安全边际或买入指令,UNCHANGED,TREND_WAIT,长均线或相对强度未同时通过；若此前持有，应复核趋势理由,EXIT_REVIEW,62.63,2026-09-22T17:09:38+00:00,2026-06-30,2026-09-22T17:09:43.722830+00:00,WAIT_PRICE,90.87906442965604,13.783152454981108,0.0850977542187935,0.4158788476186209,2026-09-21T00:00:00+00:00,62.619998931884766,64.10879997253419,58.1746244430542,0.1093155441946007,0.1135649222014336,-0.0042493780068328,^GSPC,7764.7001953125,377.0
ACN,MOS_Radar_V6.8.0,1,2026-09-22T17:56:55.478152+00:00,QUALITY_WATCH,通过质量门槛及合理估值初始规则；不等于厚安全边际或买入指令,UNCHANGED,TREND_WAIT,长均线或相对强度未同时通过；若此前持有，应复核趋势理由,UNCHANGED,183.26,2026-09-22T17:09:48+00:00,2026-05-31,2026-09-22T17:09:50.453264+00:00,WAIT_PRICE,242.5115510736606,14.396023669661574,0.0661659803213086,0.2442650908108686,2026-09-21T00:00:00+00:00,186.1100006103516,172.00819915771484,197.04552402496336,-0.1389299984691224,0.1135649222014336,-0.2524949206705561,^GSPC,7764.7001953125,377.0
PH,MOS_Radar_V6.8.0,1,2026-09-22T17:56:55.478152+00:00,QUALITY_PRICE_WAIT,质量通过，但价格超过20倍盈利或5%正常化Owner FCF收益率约束,UNCHANGED,NOT_ELIGIBLE,先满足质量与合理估值条件,UNCHANGED,960.17,2026-09-22T17:09:52+00:00,2026-06-30,2026-09-22T17:09:56.136939+00:00,WAIT_PRICE,483.4179179353749,33.19335398994203,0.0251735587414403,0.2368216047779797,,,,,,,,,,
INTU,MOS_Radar_V6.8.0,1,2026-09-22T17:56:55.478152+00:00,QUALITY_WATCH,通过质量门槛及合理估值初始规则；不等于厚安全边际或买入指令,UNCHANGED,TREND_WAIT,长均线或相对强度未同时通过；若此前持有，应复核趋势理由,UNCHANGED,290.795,2026-09-22T17:09:49+00:00,2026-07-31,2026-09-22T17:09:57.774326+00:00,WAIT_PRICE,307.66811433868884,17.01946916521551,0.0529012043430404,0.2404170176916596,2026-09-21T00:00:00+00:00,304.1199951171875,324.9420007324219,408.69639808654784,-0.0444089804194903,0.1135649222014336,-0.157973902620924,^GSPC,7764.7001953125,377.0
TT,MOS_Radar_V6.8.0,1,2026-09-22T17:56:55.478152+00:00,QUALITY_PRICE_WAIT,质量通过，但价格超过20倍盈利或5%正常化Owner FCF收益率约束,UNCHANGED,NOT_ELIGIBLE,先满足质量与合理估值条件,UNCHANGED,439.885,2026-09-22T17:10:00+00:00,2026-06-30,2026-09-22T17:10:04.368587+00:00,WAIT_PRICE,195.37713995312467,32.81956506046417,0.0222077520207696,0.3419963121455658,,,,,,,,,,
ADBE,MOS_Radar_V6.8.0,1,2026-09-22T17:56:55.478152+00:00,QUALITY_WATCH,通过质量门槛及合理估值初始规则；不等于厚安全边际或买入指令,UNCHANGED,TREND_WAIT,长均线或相对强度未同时通过；若此前持有，应复核趋势理由,UNCHANGED,239.875,2026-09-22T17:10:04+00:00,2025-11-30,2026-09-22T17:10:07.313793+00:00,WAIT_PRICE,316.1006289308176,13.373115357643758,0.0658886146807332,0.6190310817850321,2026-09-21T00:00:00+00:00,249.5200042724609,256.57639892578123,264.6217000579834,0.0501910041838786,0.1135649222014336,-0.0633739180175549,^GSPC,7764.7001953125,377.0
CDNS,MOS_Radar_V6.8.0,1,2026-09-22T17:56:55.478152+00:00,QUALITY_PRICE_WAIT,质量通过，但价格超过20倍盈利或5%正常化Owner FCF收益率约束,UNCHANGED,NOT_ELIGIBLE,先满足质量与合理估值条件,UNCHANGED,302.81,2026-09-22T17:10:14+00:00,2026-06-30,2026-09-22T17:10:19.098795+00:00,WAIT_PRICE,65.84820654920968,60.51677558658007,0.0108728586488573,0.200933425858378,,,,,,,,,,
FTNT,MOS_Radar_V6.8.0,1,2026-09-22T17:56:55.478152+00:00,QUALITY_PRICE_WAIT,质量通过，但价格超过20倍盈利或5%正常化Owner FCF收益率约束,UNCHANGED,NOT_ELIGIBLE,先满足质量与合理估值条件,UNCHANGED,174.15,2026-09-22T17:10:33+00:00,2026-06-30,2026-09-22T17:10:37.254521+00:00,WAIT_PRICE,42.81029932103275,60.25191125181178,0.0122912142753467,1.367223260911611,,,,,,,,,,
ADP,MOS_Radar_V6.8.0,1,2026-09-22T17:56:55.478152+00:00,QUALITY_PRICE_WAIT,质量通过，但价格超过20倍盈利或5%正常化Owner FCF收益率约束,UNCHANGED,NOT_ELIGIBLE,先满足质量与合理估值条件,UNCHANGED,268.195,2026-09-22T17:10:50+00:00,2026-06-30,2026-09-22T17:10:55.114692+00:00,WAIT_PRICE,194.1586529762514,24.140998472686405,0.036197291704963,0.7317615068311447,,,,,,,,,,
MNST,MOS_Radar_V6.8.0,1,2026-09-22T17:56:55.478152+00:00,QUALITY_PRICE_WAIT,质量通过，但价格超过20倍盈利或5%正常化Owner FCF收益率约束,UNCHANGED,NOT_ELIGIBLE,先满足质量与合理估值条件,UNCHANGED,44.73,2026-09-22T17:10:47+00:00,2026-06-30,2026-09-22T17:11:00.540110+00:00,WAIT_PRICE,13.709962017557109,41.185138911079854,0.0153252425861358,0.2272144780283267,,,,,,,,,,
ITW,MOS_Radar_V6.8.0,1,2026-09-22T17:56:55.478152+00:00,QUALITY_PRICE_WAIT,质量通过，但价格超过20倍盈利或5%正常化Owner FCF收益率约束,UNCHANGED,NOT_ELIGIBLE,先满足质量与合理估值条件,UNCHANGED,268.57,2026-09-22T17:11:56+00:00,2026-06-30,2026-09-22T17:11:59.507286+00:00,WAIT_PRICE,180.9866523676526,23.947632462723075,0.033694502805163,1.103662750518314,,,,,,,,,,
CL,MOS_Radar_V6.8.0,1,2026-09-22T17:56:55.478152+00:00,QUALITY_PRICE_WAIT,质量通过，但价格超过20倍盈利或5%正常化Owner FCF收益率约束,UNCHANGED,NOT_ELIGIBLE,先满足质量与合理估值条件,UNCHANGED,87.21,2026-09-22T17:11:52+00:00,2026-06-30,2026-09-22T17:12:05.022576+00:00,WAIT_PRICE,51.10560589325733,34.129328270621734,0.0415087767164208,8.63135593220339,,,,,,,,,,
ROST,MOS_Radar_V6.8.0,1,2026-09-22T17:56:55.478152+00:00,QUALITY_PRICE_WAIT,质量通过，但价格超过20倍盈利或5%正常化Owner FCF收益率约束,UNCHANGED,NOT_ELIGIBLE,先满足质量与合理估值条件,UNCHANGED,233.22,2026-09-22T17:12:04+00:00,2026-07-31,2026-09-22T17:12:18.562485+00:00,WAIT_PRICE,94.4175338976302,28.01846165516101,0.0202421605989259,0.3943334484125007,,,,,,,,,,
CTAS,MOS_Radar_V6.8.0,1,2026-09-22T17:56:55.478152+00:00,QUALITY_PRICE_WAIT,质量通过，但价格超过20倍盈利或5%正常化Owner FCF收益率约束,UNCHANGED,NOT_ELIGIBLE,先满足质量与合理估值条件,UNCHANGED,196.41,2026-09-22T17:11:30+00:00,2026-05-31,2026-09-22T17:12:29.804483+00:00,WAIT_PRICE,75.90949535919361,39.42657198353794,0.0193242440199566,0.3878511336922388,,,,,,,,,,
TEL,MOS_Radar_V6.8.0,1,2026-09-22T17:56:55.478152+00:00,QUALITY_PRICE_WAIT,质量通过，但价格超过20倍盈利或5%正常化Owner FCF收益率约束,UNCHANGED,NOT_ELIGIBLE,先满足质量与合理估值条件,UNCHANGED,211.155,2026-09-22T17:09:40+00:00,2026-06-30,2026-09-22T17:12:50.651056+00:00,WAIT_PRICE,165.48466751568034,20.269285578557792,0.0391855905651489,0.2276913785293673,,,,,,,,,,
AME,MOS_Radar_V6.8.0,1,2026-09-22T17:56:55.478152+00:00,QUALITY_PRICE_WAIT,质量通过，但价格超过20倍盈利或5%正常化Owner FCF收益率约束,UNCHANGED,NOT_ELIGIBLE,先满足质量与合理估值条件,UNCHANGED,245.14,2026-09-22T17:13:09+00:00,2026-06-30,2026-09-22T17:13:33.265606+00:00,WAIT_PRICE,126.35146947088668,35.654488897352635,0.0257712877276019,0.1399789694534908,,,,,,,,,,
ADSK,MOS_Radar_V6.8.0,1,2026-09-22T17:56:55.478152+00:00,QUALITY_PRICE_WAIT,质量通过，但价格超过20倍盈利或5%正常化Owner FCF收益率约束,UNCHANGED,NOT_ELIGIBLE,先满足质量与合理估值条件,UNCHANGED,217.18,2026-09-22T17:13:47+00:00,2026-07-31,2026-09-22T17:13:54.147971+00:00,WAIT_PRICE,94.38596809537069,27.643494804651816,0.0217298941190189,0.485368016553355,,,,,,,,,,
ROK,MOS_Radar_V6.8.0,1,2026-09-22T17:56:55.478152+00:00,QUALITY_PRICE_WAIT,质量通过，但价格超过20倍盈利或5%正常化Owner FCF收益率约束,UNCHANGED,NOT_ELIGIBLE,先满足质量与合理估值条件,UNCHANGED,423.8219,2026-09-22T17:12:45+00:00,2026-06-30,2026-09-22T17:13:55.972995+00:00,WAIT_PRICE,159.88033954178573,39.18806060760768,0.0188617364442217,0.3437321121923297,,,,,,,,,,
GRMN,MOS_Radar_V6.8.0,1,2026-09-22T17:56:55.478152+00:00,QUALITY_PRICE_WAIT,质量通过，但价格超过20倍盈利或5%正常化Owner FCF收益率约束,UNCHANGED,NOT_ELIGIBLE,先满足质量与合理估值条件,UNCHANGED,280.6394,2026-09-22T17:09:55+00:00,2026-06-30,2026-09-22T17:14:27.102528+00:00,WAIT_PRICE,99.74302181580816,28.82980546477091,0.0177706732938796,0.2079179640122347,,,,,,,,,,
IDXX,MOS_Radar_V6.8.0,1,2026-09-22T17:56:55.478152+00:00,QUALITY_PRICE_WAIT,质量通过，但价格超过20倍盈利或5%正常化Owner FCF收益率约束,UNCHANGED,NOT_ELIGIBLE,先满足质量与合理估值条件,UNCHANGED,523.43,2026-09-22T17:13:54+00:00,2026-06-30,2026-09-22T17:14:41.943802+00:00,WAIT_PRICE,175.73158260058258,36.18319823777514,0.0167865409510901,0.7067305396648218,,,,,,,,,,
EME,MOS_Radar_V6.8.0,1,2026-09-22T17:56:55.478152+00:00,QUALITY_PRICE_WAIT,质量通过，但价格超过20倍盈利或5%正常化Owner FCF收益率约束,UNCHANGED,NOT_ELIGIBLE,先满足质量与合理估值条件,UNCHANGED,754.04,2026-09-22T17:14:25+00:00,2026-06-30,2026-09-22T17:14:53.676828+00:00,WAIT_PRICE,422.3218624506769,23.11117249171273,0.0280039429241603,0.3528293241302143,,,,,,,,,,
KVUE,MOS_Radar_V6.8.0,1,2026-09-22T17:56:55.478152+00:00,QUALITY_PRICE_WAIT,质量通过，但价格超过20倍盈利或5%正常化Owner FCF收益率约束,UNCHANGED,NOT_ELIGIBLE,先满足质量与合理估值条件,UNCHANGED,17.88,2026-09-22T17:16:05+00:00,2026-06-30,2026-09-22T17:16:08.735258+00:00,WAIT_PRICE,17.263879435101906,20.71376838237802,0.0502570681385248,0.1571117217852743,,,,,,,,,,
A,MOS_Radar_V6.8.0,1,2026-09-22T17:56:55.478152+00:00,QUALITY_PRICE_WAIT,质量通过，但价格超过20倍盈利或5%正常化Owner FCF收益率约束,UNCHANGED,NOT_ELIGIBLE,先满足质量与合理估值条件,UNCHANGED,165.43,2026-09-22T17:16:13+00:00,2026-07-31,2026-09-22T17:16:27.589421+00:00,WAIT_PRICE,80.27569286258847,32.39277943014633,0.0242627373700624,0.1955724568789895,,,,,,,,,,
RMD,MOS_Radar_V6.8.0,1,2026-09-22T17:56:55.478152+00:00,QUALITY_PRICE_WAIT,质量通过，但价格超过20倍盈利或5%正常化Owner FCF收益率约束,UNCHANGED,NOT_ELIGIBLE,先满足质量与合理估值条件,UNCHANGED,224.425,2026-09-22T17:16:04+00:00,2026-06-30,2026-09-22T17:17:03.090253+00:00,WAIT_PRICE,165.61156169762015,21.25252608281736,0.0368968612448747,0.2313139094356252,,,,,,,,,,
DOV,MOS_Radar_V6.8.0,1,2026-09-22T17:56:55.478152+00:00,QUALITY_PRICE_WAIT,质量通过，但价格超过20倍盈利或5%正常化Owner FCF收益率约束,UNCHANGED,NOT_ELIGIBLE,先满足质量与合理估值条件,UNCHANGED,186.16,2026-09-22T17:16:39+00:00,2026-06-30,2026-09-22T17:17:24.173027+00:00,WAIT_PRICE,122.38466839324876,22.094797249802788,0.0328708284253461,0.1472935372307698,,,,,,,,,,
EXPE,MOS_Radar_V6.8.0,1,2026-09-22T17:56:55.478152+00:00,QUALITY_WATCH,通过质量门槛及合理估值初始规则；不等于厚安全边际或买入指令,UNCHANGED,TREND_WATCH,完整交易日趋势通过，需复核当前报价,UNCHANGED,268.12,2026-09-22T17:17:55+00:00,2026-06-30,2026-09-22T17:17:58.048580+00:00,WAIT_PRICE,334.0496604094335,15.805657514339243,0.0622948046414727,1.684036393713813,2026-09-21T00:00:00+00:00,281.0199890136719,297.7410424804688,259.4271439361572,0.6297708841671052,0.1135649222014336,0.5162059619656716,^GSPC,7764.7001953125,377.0
TPR,MOS_Radar_V6.8.0,1,2026-09-22T17:56:55.478152+00:00,QUALITY_WATCH,通过质量门槛及合理估值初始规则；不等于厚安全边际或买入指令,ENTERED,TREND_WAIT,长均线或相对强度未同时通过；若此前持有，应复核趋势理由,CHANGED,111.895,2026-09-22T17:17:49+00:00,2026-06-30,2026-09-22T17:17:59.730885+00:00,WAIT_PRICE,112.53228268211264,14.604262054372834,0.0502847681675287,2.2073399797717093,2026-09-21T00:00:00+00:00,113.06999969482422,134.81555389404298,137.94811447143556,-0.1428773681405066,0.1135649222014336,-0.2564422903419403,^GSPC,7764.7001953125,377.0
STRL,MOS_Radar_V6.8.0,1,2026-09-22T17:56:55.478152+00:00,QUALITY_PRICE_WAIT,质量通过，但价格超过20倍盈利或5%正常化Owner FCF收益率约束,UNCHANGED,NOT_ELIGIBLE,先满足质量与合理估值条件,UNCHANGED,513.35,2026-09-22T17:17:21+00:00,2026-06-30,2026-09-22T17:18:01.221655+00:00,WAIT_PRICE,209.34424820911985,36.3924514890841,0.0203900115135014,0.3178923094491698,,,,,,,,,,
ROL,MOS_Radar_V6.8.0,1,2026-09-22T17:56:55.478152+00:00,QUALITY_PRICE_WAIT,质量通过，但价格超过20倍盈利或5%正常化Owner FCF收益率约束,UNCHANGED,NOT_ELIGIBLE,先满足质量与合理估值条件,UNCHANGED,32.805,2026-09-22T17:17:54+00:00,2026-06-30,2026-09-22T17:18:10.961678+00:00,WAIT_PRICE,21.25962301583731,29.684973040220576,0.0324030224292597,0.3719341884461145,,,,,,,,,,
NTAP,MOS_Radar_V6.8.0,1,2026-09-22T17:56:55.478152+00:00,QUALITY_PRICE_WAIT,质量通过，但价格超过20倍盈利或5%正常化Owner FCF收益率约束,UNCHANGED,NOT_ELIGIBLE,先满足质量与合理估值条件,UNCHANGED,192.64,2026-09-22T17:18:21+00:00,2026-07-31,2026-09-22T17:18:49.967642+00:00,WAIT_PRICE,106.09971303962404,26.6841727808994,0.0275383391402678,0.948494983277592,,,,,,,,,,
CHD,MOS_Radar_V6.8.0,1,2026-09-22T17:56:55.478152+00:00,QUALITY_PRICE_WAIT,质量通过，但价格超过20倍盈利或5%正常化Owner FCF收益率约束,UNCHANGED,NOT_ELIGIBLE,先满足质量与合理估值条件,UNCHANGED,96.32,2026-09-22T17:18:19+00:00,2025-12-31,2026-09-22T17:19:09.326272+00:00,WAIT_PRICE,62.12376614306295,31.009066571459165,0.0368727750626019,0.1760152890587673,,,,,,,,,,
WST,MOS_Radar_V6.8.0,1,2026-09-22T17:56:55.478152+00:00,QUALITY_PRICE_WAIT,质量通过，但价格超过20倍盈利或5%正常化Owner FCF收益率约束,UNCHANGED,NOT_ELIGIBLE,先满足质量与合理估值条件,UNCHANGED,371.98,2026-09-22T17:15:37+00:00,2026-06-30,2026-09-22T17:19:34.066552+00:00,WAIT_PRICE,103.62580494203831,46.34534945810462,0.0139289484571802,0.1889171292890107,,,,,,,,,,
MTD,MOS_Radar_V6.8.0,1,2026-09-22T17:56:55.478152+00:00,QUALITY_PRICE_WAIT,质量通过，但价格超过20倍盈利或5%正常化Owner FCF收益率约束,UNCHANGED,NOT_ELIGIBLE,先满足质量与合理估值条件,UNCHANGED,1479.755,2026-09-22T17:19:36+00:00,2026-06-30,2026-09-22T17:19:44.324749+00:00,WAIT_PRICE,806.3742355504332,32.73944161552782,0.027246883286437,70.62395695235125,,,,,,,,,,
VLTO,MOS_Radar_V6.8.0,1,2026-09-22T17:56:55.478152+00:00,QUALITY_PRICE_WAIT,质量通过，但价格超过20倍盈利或5%正常化Owner FCF收益率约束,UNCHANGED,NOT_ELIGIBLE,先满足质量与合理估值条件,UNCHANGED,95.885,2026-09-22T17:17:41+00:00,2026-06-30,2026-09-22T17:19:45.686759+00:00,WAIT_PRICE,68.58267478989761,23.66004586056556,0.0357629841945547,0.3190184049079754,,,,,,,,,,
FFIV,MOS_Radar_V6.8.0,1,2026-09-22T17:56:55.478152+00:00,QUALITY_PRICE_WAIT,质量通过，但价格超过20倍盈利或5%正常化Owner FCF收益率约束,UNCHANGED,NOT_ELIGIBLE,先满足质量与合理估值条件,UNCHANGED,447.79,2026-09-22T17:18:54+00:00,2026-06-30,2026-09-22T17:19:58.099451+00:00,WAIT_PRICE,153.65235434045928,34.90259777794503,0.0171567424842514,0.1884235121296128,,,,,,,,,,
SNA,MOS_Radar_V6.8.0,1,2026-09-22T17:56:55.478152+00:00,QUALITY_PRICE_WAIT,质量通过，但价格超过20倍盈利或5%正常化Owner FCF收益率约束,UNCHANGED,NOT_ELIGIBLE,先满足质量与合理估值条件,UNCHANGED,370.49,2026-09-22T17:19:06+00:00,2026-06-30,2026-09-22T17:20:57.843016+00:00,WAIT_PRICE,353.17062053427605,18.53959723866916,0.0476626387398143,0.1711055567510304,,,,,,,,,,
BR,MOS_Radar_V6.8.0,1,2026-09-22T17:56:55.478152+00:00,QUALITY_PRICE_WAIT,质量通过，但价格超过20倍盈利或5%正常化Owner FCF收益率约束,UNCHANGED,NOT_ELIGIBLE,先满足质量与合理估值条件,UNCHANGED,163.73,2026-09-22T17:21:12+00:00,2026-06-30,2026-09-22T17:21:47.651616+00:00,WAIT_PRICE,160.92098879896534,16.60333377746916,0.0491421818844944,0.3958318665070759,,,,,,,,,,
NBIX,MOS_Radar_V6.8.0,1,2026-09-22T17:56:55.478152+00:00,QUALITY_PRICE_WAIT,质量通过，但价格超过20倍盈利或5%正常化Owner FCF收益率约束,UNCHANGED,NOT_ELIGIBLE,先满足质量与合理估值条件,UNCHANGED,142.89,2026-09-22T17:22:05+00:00,2025-12-31,2026-09-22T17:22:21.648727+00:00,WAIT_PRICE,59.49875804541801,30.348206040635738,0.0208197767672398,0.1295754819146632,,,,,,,,,,
NDSN,MOS_Radar_V6.8.0,1,2026-09-22T17:56:55.478152+00:00,QUALITY_PRICE_WAIT,质量通过，但价格超过20倍盈利或5%正常化Owner FCF收益率约束,UNCHANGED,NOT_ELIGIBLE,先满足质量与合理估值条件,UNCHANGED,317.91,2026-09-22T17:22:00+00:00,2026-07-31,2026-09-22T17:22:36.602991+00:00,WAIT_PRICE,191.19975041228588,31.894969989872024,0.0300713646019763,0.1698280759080824,,,,,,,,,,
LOGI,MOS_Radar_V6.8.0,1,2026-09-22T17:56:55.478152+00:00,QUALITY_PRICE_WAIT,质量通过，但价格超过20倍盈利或5%正常化Owner FCF收益率约束,UNCHANGED,NOT_ELIGIBLE,先满足质量与合理估值条件,UNCHANGED,104.565,2026-09-22T17:22:28+00:00,2026-06-30,2026-09-22T17:22:45.101926+00:00,WAIT_PRICE,102.5563288015289,18.69530258401922,0.0490395107356806,0.3405424482671378,,,,,,,,,,
MLI,MOS_Radar_V6.8.0,1,2026-09-22T17:56:55.478152+00:00,QUALITY_PRICE_WAIT,质量通过，但价格超过20倍盈利或5%正常化Owner FCF收益率约束,UNCHANGED,NOT_ELIGIBLE,先满足质量与合理估值条件,UNCHANGED,60.28,2026-09-22T17:22:35+00:00,2026-06-30,2026-09-22T17:22:46.792954+00:00,WAIT_PRICE,54.08541386365498,15.676294401279222,0.0448618230455001,0.2397316609118455,,,,,,,,,,
LECO,MOS_Radar_V6.8.0,1,2026-09-22T17:56:55.478152+00:00,QUALITY_PRICE_WAIT,质量通过，但价格超过20倍盈利或5%正常化Owner FCF收益率约束,UNCHANGED,NOT_ELIGIBLE,先满足质量与合理估值条件,UNCHANGED,262.12,2026-09-22T17:22:48+00:00,2026-06-30,2026-09-22T17:23:05.958766+00:00,WAIT_PRICE,165.9212836630599,25.809814739199474,0.0316498709871547,0.3561691695942555,,,,,,,,,,
RMBS,MOS_Radar_V6.8.0,1,2026-09-22T17:56:55.478152+00:00,QUALITY_PRICE_WAIT,质量通过，但价格超过20倍盈利或5%正常化Owner FCF收益率约束,UNCHANGED,NOT_ELIGIBLE,先满足质量与合理估值条件,UNCHANGED,103.93,2026-09-22T17:22:56+00:00,2026-06-30,2026-09-22T17:23:23.316389+00:00,WAIT_PRICE,33.92122085081755,47.03110160584886,0.0163192633747799,0.1634190360540521,,,,,,,,,,
CSL,MOS_Radar_V6.8.0,1,2026-09-22T17:56:55.478152+00:00,QUALITY_WATCH,通过质量门槛及合理估值初始规则；不等于厚安全边际或买入指令,UNCHANGED,TREND_WAIT,长均线或相对强度未同时通过；若此前持有，应复核趋势理由,UNCHANGED,329.535,2026-09-22T17:23:08+00:00,2026-06-30,2026-09-22T17:23:34.749631+00:00,WAIT_PRICE,363.9510357527704,18.108754619610487,0.0636805575952169,0.4468835023497403,2026-09-21T00:00:00+00:00,317.8500061035156,349.988466796875,350.2278056335449,-0.1168757104221377,0.1135649222014336,-0.2304406326235714,^GSPC,7764.7001953125,377.0
DECK,MOS_Radar_V6.8.0,1,2026-09-22T17:56:55.478152+00:00,QUALITY_WATCH,通过质量门槛及合理估值初始规则；不等于厚安全边际或买入指令,UNCHANGED,TREND_WAIT,长均线或相对强度未同时通过；若此前持有，应复核趋势理由,UNCHANGED,79.915,2026-09-22T17:23:26+00:00,2026-06-30,2026-09-22T17:23:42.685906+00:00,WAIT_PRICE,121.48964021293764,10.723831566388016,0.076011787657472,0.4409123414963491,2026-09-21T00:00:00+00:00,80.2300033569336,92.46760025024416,102.23825004577635,-0.2473956056574219,0.1135649222014336,-0.3609605278588556,^GSPC,7764.7001953125,377.0
GGG,MOS_Radar_V6.8.0,1,2026-09-22T17:56:55.478152+00:00,QUALITY_PRICE_WAIT,质量通过，但价格超过20倍盈利或5%正常化Owner FCF收益率约束,UNCHANGED,NOT_ELIGIBLE,先满足质量与合理估值条件,UNCHANGED,77.11,2026-09-22T17:24:12+00:00,2026-06-30,2026-09-22T17:24:36.547017+00:00,WAIT_PRICE,51.68791157250036,23.40610942895147,0.0335156993726497,0.211499400639318,,,,,,,,,,
RPM,MOS_Radar_V6.8.0,1,2026-09-22T17:56:55.478152+00:00,QUALITY_PRICE_WAIT,质量通过，但价格超过20倍盈利或5%正常化Owner FCF收益率约束,UNCHANGED,NOT_ELIGIBLE,先满足质量与合理估值条件,UNCHANGED,100.41,2026-09-22T17:23:59+00:00,2026-05-31,2026-09-22T17:24:57.508768+00:00,WAIT_PRICE,91.26931813816934,19.457910985437085,0.0454483209531766,0.1989063675343111,,,,,,,,,,
NYT,MOS_Radar_V6.8.0,1,2026-09-22T17:56:55.478152+00:00,QUALITY_PRICE_WAIT,质量通过，但价格超过20倍盈利或5%正常化Owner FCF收益率约束,UNCHANGED,NOT_ELIGIBLE,先满足质量与合理估值条件,UNCHANGED,63.865,2026-09-22T17:24:59+00:00,2026-06-30,2026-09-22T17:25:02.531648+00:00,WAIT_PRICE,35.70589538262664,26.22128553579621,0.0279541966512382,0.1918525486242976,,,,,,,,,,
MEDP,MOS_Radar_V6.8.0,1,2026-09-22T17:56:55.478152+00:00,QUALITY_PRICE_WAIT,质量通过，但价格超过20倍盈利或5%正常化Owner FCF收益率约束,UNCHANGED,NOT_ELIGIBLE,先满足质量与合理估值条件,UNCHANGED,630.265,2026-09-22T17:23:09+00:00,2026-06-30,2026-09-22T17:25:18.614840+00:00,WAIT_PRICE,340.3243118054675,35.79194231421594,0.0269985095004059,1.1328513049110198,,,,,,,,,,
PNR,MOS_Radar_V6.8.0,1,2026-09-22T17:56:55.478152+00:00,QUALITY_WATCH,通过质量门槛及合理估值初始规则；不等于厚安全边际或买入指令,UNCHANGED,TREND_WAIT,长均线或相对强度未同时通过；若此前持有，应复核趋势理由,UNCHANGED,55.82,2026-09-22T17:25:16+00:00,2026-06-30,2026-09-22T17:25:30.420493+00:00,WAIT_PRICE,66.69486252001865,13.676499771713148,0.059741009064868,0.1737390979649534,2026-09-21T00:00:00+00:00,55.77999877929688,63.17577751159668,82.84979494094848,-0.3605280040915085,0.1135649222014336,-0.4740929262929422,^GSPC,7764.7001953125,377.0
GDDY,MOS_Radar_V6.8.0,1,2026-09-22T17:56:55.478152+00:00,QUALITY_WATCH,通过质量门槛及合理估值初始规则；不等于厚安全边际或买入指令,UNCHANGED,TREND_WAIT,长均线或相对强度未同时通过；若此前持有，应复核趋势理由,UNCHANGED,101.06,2026-09-22T17:25:37+00:00,2026-06-30,2026-09-22T17:25:42.747430+00:00,WAIT_PRICE,140.07360471819302,14.060218232496434,0.0693021990491752,135.86567164179104,2026-09-21T00:00:00+00:00,104.7699966430664,95.82199951171874,94.7946997833252,0.107364435198501,0.1135649222014336,-0.0062004870029326,^GSPC,7764.7001953125,377.0
AIT,MOS_Radar_V6.8.0,1,2026-09-22T17:56:55.478152+00:00,QUALITY_PRICE_WAIT,质量通过，但价格超过20倍盈利或5%正常化Owner FCF收益率约束,UNCHANGED,NOT_ELIGIBLE,先满足质量与合理估值条件,UNCHANGED,328.0601,2026-09-22T17:24:47+00:00,2026-06-30,2026-09-22T17:25:52.533750+00:00,WAIT_PRICE,211.79186846983384,29.07164795152565,0.0322794311880405,0.2226535370772322,,,,,,,,,,
ALLE,MOS_Radar_V6.8.0,1,2026-09-22T17:56:55.478152+00:00,QUALITY_PRICE_WAIT,质量通过，但价格超过20倍盈利或5%正常化Owner FCF收益率约束,UNCHANGED,NOT_ELIGIBLE,先满足质量与合理估值条件,UNCHANGED,153.6,2026-09-22T17:25:26+00:00,2025-12-31,2026-09-22T17:26:28.751513+00:00,WAIT_PRICE,121.80610387144776,20.28836727030654,0.0396504244373202,0.3038799207023506,,,,,,,,,,
WTS,MOS_Radar_V6.8.0,1,2026-09-22T17:56:55.478152+00:00,QUALITY_PRICE_WAIT,质量通过，但价格超过20倍盈利或5%正常化Owner FCF收益率约束,UNCHANGED,NOT_ELIGIBLE,先满足质量与合理估值条件,UNCHANGED,353.7883,2026-09-22T17:17:23+00:00,2026-06-30,2026-09-22T17:27:40.891481+00:00,WAIT_PRICE,161.7287817232485,30.772622443055536,0.0228567170993569,0.1752991687220243,,,,,,,,,,
BSY,MOS_Radar_V6.8.0,1,2026-09-22T17:56:55.478152+00:00,QUALITY_PRICE_WAIT,质量通过，但价格超过20倍盈利或5%正常化Owner FCF收益率约束,UNCHANGED,NOT_ELIGIBLE,先满足质量与合理估值条件,UNCHANGED,31.69,2026-09-22T17:26:48+00:00,2026-06-30,2026-09-22T17:27:58.878098+00:00,WAIT_PRICE,19.19548626738792,33.01817891827996,0.0337854444592816,0.2412070460100396,,,,,,,,,,
JKHY,MOS_Radar_V6.8.0,1,2026-09-22T17:56:55.478152+00:00,QUALITY_PRICE_WAIT,质量通过，但价格超过20倍盈利或5%正常化Owner FCF收益率约束,UNCHANGED,NOT_ELIGIBLE,先满足质量与合理估值条件,UNCHANGED,149.565,2026-09-22T17:27:30+00:00,2026-06-30,2026-09-22T17:28:00.485549+00:00,WAIT_PRICE,93.32850509836813,20.8570282665076,0.0311999816462301,0.2450231462867741,,,,,,,,,,
DCI,MOS_Radar_V6.8.0,1,2026-09-22T17:56:55.478152+00:00,QUALITY_PRICE_WAIT,质量通过，但价格超过20倍盈利或5%正常化Owner FCF收益率约束,UNCHANGED,NOT_ELIGIBLE,先满足质量与合理估值条件,UNCHANGED,86.31,2026-09-22T17:27:30+00:00,2025-07-31,2026-09-22T17:28:15.993426+00:00,WAIT_PRICE,54.06300652853377,27.25962659502459,0.0313190861595028,0.2164808588450421,,,,,,,,,,
AYI,MOS_Radar_V6.8.0,1,2026-09-22T17:56:55.478152+00:00,QUALITY_PRICE_WAIT,质量通过，但价格超过20倍盈利或5%正常化Owner FCF收益率约束,UNCHANGED,NOT_ELIGIBLE,先满足质量与合理估值条件,UNCHANGED,309.475,2026-09-22T17:29:11+00:00,2026-05-31,2026-09-22T17:29:25.625167+00:00,WAIT_PRICE,281.98916270063097,19.615294496161503,0.0455592798611569,0.1656321234438015,,,,,,,,,,
CRUS,MOS_Radar_V6.8.0,1,2026-09-22T17:56:55.478152+00:00,QUALITY_WATCH,通过质量门槛及合理估值初始规则；不等于厚安全边际或买入指令,UNCHANGED,TREND_WAIT,长均线或相对强度未同时通过；若此前持有，应复核趋势理由,UNCHANGED,119.72,2026-09-22T17:29:33+00:00,2026-06-30,2026-09-22T17:30:06.688794+00:00,WAIT_PRICE,139.74033829361034,13.93544823764908,0.0583613173628509,0.1966816969838717,2026-09-21T00:00:00+00:00,119.9800033569336,123.30720001220703,139.97249996185303,-0.1667260166770992,0.1135649222014336,-0.2802909388785328,^GSPC,7764.7001953125,377.0
ZWS,MOS_Radar_V6.8.0,1,2026-09-22T17:56:55.478152+00:00,QUALITY_PRICE_WAIT,质量通过，但价格超过20倍盈利或5%正常化Owner FCF收益率约束,UNCHANGED,NOT_ELIGIBLE,先满足质量与合理估值条件,UNCHANGED,46.86,2026-09-22T17:29:59+00:00,2026-06-30,2026-09-22T17:30:22.905459+00:00,WAIT_PRICE,23.11530957819127,28.15063993718005,0.0246642227680231,0.1664155264902658,,,,,,,,,,
WFRD,MOS_Radar_V6.8.0,1,2026-09-22T17:56:55.478152+00:00,QUALITY_WATCH,通过质量门槛及合理估值初始规则；不等于厚安全边际或买入指令,UNCHANGED,TREND_WAIT,长均线或相对强度未同时通过；若此前持有，应复核趋势理由,UNCHANGED,84.83,2026-09-22T17:30:25+00:00,2026-06-30,2026-09-22T17:30:44.934807+00:00,WAIT_PRICE,102.36029193041053,16.574786648258396,0.0675857012827782,0.2046979865771812,2026-09-21T00:00:00+00:00,82.19999694824219,88.25168014526368,92.57740238189696,-0.1305676453340983,0.1135649222014336,-0.244132567535532,^GSPC,7764.7001953125,377.0
MANH,MOS_Radar_V6.8.0,1,2026-09-22T17:56:55.478152+00:00,QUALITY_PRICE_WAIT,质量通过，但价格超过20倍盈利或5%正常化Owner FCF收益率约束,UNCHANGED,NOT_ELIGIBLE,先满足质量与合理估值条件,UNCHANGED,205.84,2026-09-22T17:30:41+00:00,2026-06-30,2026-09-22T17:30:51.196870+00:00,WAIT_PRICE,63.41406125329795,57.08663826783053,0.0154037264995379,1.33475337604043,,,,,,,,,,
AOS,MOS_Radar_V6.8.0,1,2026-09-22T17:56:55.478152+00:00,QUALITY_WATCH,通过质量门槛及合理估值初始规则；不等于厚安全边际或买入指令,UNCHANGED,TREND_WAIT,长均线或相对强度未同时通过；若此前持有，应复核趋势理由,UNCHANGED,57.755,2026-09-22T17:30:42+00:00,2026-06-30,2026-09-22T17:30:58.478403+00:00,WAIT_PRICE,69.43270477486588,15.68938592600643,0.0601096916066711,0.2716216949888702,2026-09-21T00:00:00+00:00,56.959999084472656,60.409999771118166,64.23047113418579,-0.1869593357704209,0.1135649222014336,-0.3005242579718545,^GSPC,7764.7001953125,377.0
QGEN,MOS_Radar_V6.8.0,1,2026-09-22T17:56:55.478152+00:00,QUALITY_PRICE_WAIT,质量通过，但价格超过20倍盈利或5%正常化Owner FCF收益率约束,UNCHANGED,NOT_ELIGIBLE,先满足质量与合理估值条件,UNCHANGED,43.825,2026-09-22T17:31:46+00:00,2026-06-30,2026-09-22T17:32:19.886342+00:00,WAIT_PRICE,35.67592373544791,22.1091858919348,0.0407027081978869,0.1219022318583332,,,,,,,,,,
IDCC,MOS_Radar_V6.8.0,1,2026-09-22T17:56:55.478152+00:00,QUALITY_PRICE_WAIT,质量通过，但价格超过20倍盈利或5%正常化Owner FCF收益率约束,UNCHANGED,NOT_ELIGIBLE,先满足质量与合理估值条件,UNCHANGED,329.73,2026-09-22T17:32:16+00:00,2026-06-30,2026-09-22T17:32:31.607415+00:00,WAIT_PRICE,184.4781659316488,28.15922882972867,0.0279741251829752,0.2513581701075306,,,,,,,,,,
AWI,MOS_Radar_V6.8.0,1,2026-09-22T17:56:55.478152+00:00,QUALITY_PRICE_WAIT,质量通过，但价格超过20倍盈利或5%正常化Owner FCF收益率约束,UNCHANGED,NOT_ELIGIBLE,先满足质量与合理估值条件,UNCHANGED,163.355,2026-09-22T17:29:36+00:00,2026-06-30,2026-09-22T17:32:52.340009+00:00,WAIT_PRICE,72.65250270550425,21.89611088063345,0.0222376121653773,0.3565532059255908,,,,,,,,,,
DOX,MOS_Radar_V6.8.0,1,2026-09-22T17:56:55.478152+00:00,QUALITY_WATCH,通过质量门槛及合理估值初始规则；不等于厚安全边际或买入指令,UNCHANGED,TREND_WAIT,长均线或相对强度未同时通过；若此前持有，应复核趋势理由,UNCHANGED,58.69,2026-09-22T17:32:29+00:00,2026-06-30,2026-09-22T17:33:07.173187+00:00,WAIT_PRICE,86.58756128479502,13.55621965306606,0.0862287825792559,0.1375475655968603,2026-09-21T00:00:00+00:00,59.47999954223633,58.06019981384277,64.72529870986938,-0.1101846774634948,0.1135649222014336,-0.2237495996649284,^GSPC,7764.7001953125,377.0
PAYC,MOS_Radar_V6.8.0,1,2026-09-22T17:56:55.478152+00:00,QUALITY_PRICE_WAIT,质量通过，但价格超过20倍盈利或5%正常化Owner FCF收益率约束,UNCHANGED,NOT_ELIGIBLE,先满足质量与合理估值条件,UNCHANGED,224.25,2026-09-22T17:31:47+00:00,2026-06-30,2026-09-22T17:33:18.621828+00:00,WAIT_PRICE,98.77604351142809,20.726382373606093,0.0220236440382225,0.8531933508311461,,,,,,,,,,
LNTH,MOS_Radar_V6.8.0,1,2026-09-22T17:56:55.478152+00:00,QUALITY_PRICE_WAIT,质量通过，但价格超过20倍盈利或5%正常化Owner FCF收益率约束,UNCHANGED,NOT_ELIGIBLE,先满足质量与合理估值条件,UNCHANGED,100.32,2026-09-22T17:33:53+00:00,2026-06-30,2026-09-22T17:34:04.869944+00:00,WAIT_PRICE,83.78101821240202,23.795003505465065,0.0417568870675847,0.2098716398658919,,,,,,,,,,
PCTY,MOS_Radar_V6.8.0,1,2026-09-22T17:56:55.478152+00:00,QUALITY_PRICE_WAIT,质量通过，但价格超过20倍盈利或5%正常化Owner FCF收益率约束,UNCHANGED,NOT_ELIGIBLE,先满足质量与合理估值条件,UNCHANGED,145.205,2026-09-22T17:35:03+00:00,2026-06-30,2026-09-22T17:35:16.583314+00:00,WAIT_PRICE,64.79292263778036,29.80422009030208,0.0223108441988155,0.2208426769891036,,,,,,,,,,
BCPC,MOS_Radar_V6.8.0,1,2026-09-22T17:56:55.478152+00:00,QUALITY_PRICE_WAIT,质量通过，但价格超过20倍盈利或5%正常化Owner FCF收益率约束,UNCHANGED,NOT_ELIGIBLE,先满足质量与合理估值条件,UNCHANGED,169.5,2026-09-22T17:20:24+00:00,2025-12-31,2026-09-22T17:37:10.291383+00:00,WAIT_PRICE,76.8330317619152,34.89505350188899,0.022664611139208,0.1204910685105469,,,,,,,,,,
G,MOS_Radar_V6.8.0,1,2026-09-22T17:56:55.478152+00:00,QUALITY_WATCH,通过质量门槛及合理估值初始规则；不等于厚安全边际或买入指令,UNCHANGED,TREND_WAIT,长均线或相对强度未同时通过；若此前持有，应复核趋势理由,UNCHANGED,33.845,2026-09-22T17:37:07+00:00,2026-06-30,2026-09-22T17:37:35.005979+00:00,WAIT_PRICE,52.188238351145074,9.760723705724368,0.0770988895717906,0.2236849934946946,2026-09-21T00:00:00+00:00,34.08000183105469,34.4581986618042,36.738231372833255,-0.0394432695617961,0.1135649222014336,-0.1530081917632297,^GSPC,7764.7001953125,377.0
LAUR,MOS_Radar_V6.8.0,1,2026-09-22T17:56:55.478152+00:00,QUALITY_PRICE_WAIT,质量通过，但价格超过20倍盈利或5%正常化Owner FCF收益率约束,UNCHANGED,NOT_ELIGIBLE,先满足质量与合理估值条件,UNCHANGED,36.19,2026-09-22T17:39:04+00:00,2026-06-30,2026-09-22T17:39:07.430757+00:00,WAIT_PRICE,25.653042120064104,15.50339960326803,0.0354421692733684,0.2817216321967579,,,,,,,,,,
EXLS,MOS_Radar_V6.8.0,1,2026-09-22T17:56:55.478152+00:00,QUALITY_PRICE_WAIT,质量通过，但价格超过20倍盈利或5%正常化Owner FCF收益率约束,UNCHANGED,NOT_ELIGIBLE,先满足质量与合理估值条件,UNCHANGED,35.275,2026-09-22T17:40:08+00:00,2026-06-30,2026-09-22T17:40:27.740680+00:00,WAIT_PRICE,17.81357012771177,21.392610104709675,0.0252495678635177,0.2886017994971382,,,,,,,,,,
LOPE,MOS_Radar_V6.8.0,1,2026-09-22T17:56:55.478152+00:00,QUALITY_WATCH,通过质量门槛及合理估值初始规则；不等于厚安全边际或买入指令,UNCHANGED,TREND_WAIT,长均线或相对强度未同时通过；若此前持有，应复核趋势理由,UNCHANGED,148.85,2026-09-22T17:39:40+00:00,2026-06-30,2026-09-22T17:40:32.150370+00:00,WAIT_PRICE,157.41277604017554,17.304536526847457,0.052876310393072,0.3348812338594403,2026-09-21T00:00:00+00:00,150.5500030517578,147.93000061035156,158.83414978027344,-0.0538809928990375,0.1135649222014336,-0.1674459151004712,^GSPC,7764.7001953125,377.0
CVSA,MOS_Radar_V6.8.0,1,2026-09-22T17:56:55.478152+00:00,QUALITY_WATCH,通过质量门槛及合理估值初始规则；不等于厚安全边际或买入指令,UNCHANGED,TREND_WATCH,完整交易日趋势通过，需复核当前报价,UNCHANGED,123.24,2026-09-22T17:36:57+00:00,2026-06-30,2026-09-22T17:40:33.792997+00:00,WAIT_PRICE,142.48849061371303,16.675322198092093,0.0578093519205262,0.1739514654072611,2026-09-21T00:00:00+00:00,125.79000091552734,127.4332000732422,116.24489997863768,0.3234107833192021,0.1135649222014336,0.2098458611177684,^GSPC,7764.7001953125,377.0
CAAP,MOS_Radar_V6.8.0,1,2026-09-22T17:56:55.478152+00:00,QUALITY_WATCH,通过质量门槛及合理估值初始规则；不等于厚安全边际或买入指令,UNCHANGED,TREND_WAIT,长均线或相对强度未同时通过；若此前持有，应复核趋势理由,UNCHANGED,24.03,2026-09-22T17:39:30+00:00,2025-12-31,2026-09-22T17:41:36.908712+00:00,WAIT_PRICE,30.326476657688307,15.847538288895135,0.0937731900441251,0.1372534027456886,2026-09-21T00:00:00+00:00,24.190000534057617,23.97625919342041,24.96160859107972,-0.1975861954898975,0.1135649222014336,-0.3111511176913312,^GSPC,7764.7001953125,377.0
LRN,MOS_Radar_V6.8.0,1,2026-09-22T17:56:55.478152+00:00,QUALITY_WATCH,通过质量门槛及合理估值初始规则；不等于厚安全边际或买入指令,UNCHANGED,TREND_WAIT,长均线或相对强度未同时通过；若此前持有，应复核趋势理由,UNCHANGED,78.58,2026-09-22T17:41:46+00:00,2026-06-30,2026-09-22T17:42:14.621438+00:00,WAIT_PRICE,114.62422174567178,9.656564011562512,0.0729347300494221,0.2071837233792942,2026-09-21T00:00:00+00:00,79.5,84.28039962768554,83.90139991760253,0.0136242732114248,0.1135649222014336,-0.0999406489900087,^GSPC,7764.7001953125,377.0
KTB,MOS_Radar_V6.8.0,1,2026-09-22T17:56:55.478152+00:00,QUALITY_WATCH,通过质量门槛及合理估值初始规则；不等于厚安全边际或买入指令,UNCHANGED,TREND_WAIT,长均线或相对强度未同时通过；若此前持有，应复核趋势理由,UNCHANGED,68.04,2026-09-22T17:42:59+00:00,2026-06-30,2026-09-22T17:43:46.837411+00:00,WAIT_PRICE,95.76986720313243,13.87849741674274,0.0703776214014788,0.4331817946661838,2026-09-21T00:00:00+00:00,66.41000366210938,78.09394409179687,70.91106935501098,0.1851369175957846,0.1135649222014336,0.071571995394351,^GSPC,7764.7001953125,377.0
BRC,MOS_Radar_V6.8.0,1,2026-09-22T17:56:55.478152+00:00,QUALITY_PRICE_WAIT,质量通过，但价格超过20倍盈利或5%正常化Owner FCF收益率约束,UNCHANGED,NOT_ELIGIBLE,先满足质量与合理估值条件,UNCHANGED,83.46,2026-09-22T17:43:53+00:00,2026-07-31,2026-09-22T17:43:59.499024+00:00,WAIT_PRICE,68.14001975361897,19.127101755761217,0.0408219624692181,0.1507422865401359,,,,,,,,,,
BMI,MOS_Radar_V6.8.0,1,2026-09-22T17:56:55.478152+00:00,QUALITY_PRICE_WAIT,质量通过，但价格超过20倍盈利或5%正常化Owner FCF收益率约束,UNCHANGED,NOT_ELIGIBLE,先满足质量与合理估值条件,UNCHANGED,132.42,2026-09-22T17:40:04+00:00,2026-06-30,2026-09-22T17:44:07.600435+00:00,WAIT_PRICE,79.83862584298554,30.534800978970924,0.0301459846862201,0.1840835871602624,,,,,,,,,,
FIZZ,MOS_Radar_V6.8.0,1,2026-09-22T17:56:55.478152+00:00,QUALITY_WATCH,通过质量门槛及合理估值初始规则；不等于厚安全边际或买入指令,UNCHANGED,TREND_WAIT,长均线或相对强度未同时通过；若此前持有，应复核趋势理由,UNCHANGED,31.275,2026-09-22T17:43:40+00:00,2026-07-31,2026-09-22T17:45:01.099011+00:00,WAIT_PRICE,33.71334569316063,16.74072304244103,0.0538982345214398,0.4756338675507134,2026-09-21T00:00:00+00:00,31.38999938964844,31.66820011138916,31.280502166748047,-0.0253186167875236,0.1135649222014336,-0.1388835389889573,^GSPC,7764.7001953125,377.0
QLYS,MOS_Radar_V6.8.0,1,2026-09-22T17:56:55.478152+00:00,QUALITY_PRICE_WAIT,质量通过，但价格超过20倍盈利或5%正常化Owner FCF收益率约束,UNCHANGED,NOT_ELIGIBLE,先满足质量与合理估值条件,UNCHANGED,185.1397,2026-09-22T17:44:54+00:00,2026-06-30,2026-09-22T17:45:14.827255+00:00,WAIT_PRICE,96.87469310204644,31.00989574361119,0.0261625931936927,0.3673702427684389,,,,,,,,,,
PRDO,MOS_Radar_V6.8.0,1,2026-09-22T17:56:55.478152+00:00,QUALITY_WATCH,通过质量门槛及合理估值初始规则；不等于厚安全边际或买入指令,UNCHANGED,TREND_WAIT,长均线或相对强度未同时通过；若此前持有，应复核趋势理由,UNCHANGED,31.67,2026-09-22T17:51:35+00:00,2026-06-30,2026-09-22T17:52:11.996194+00:00,WAIT_PRICE,46.02853223216084,11.189110979134204,0.0726689804738882,0.1713939011562701,2026-09-21T00:00:00+00:00,32.33000183105469,32.516091117858885,32.70871427536011,0.0396000550304169,0.1135649222014336,-0.0739648671710166,^GSPC,7764.7001953125,377.0
MCRI,MOS_Radar_V6.8.0,1,2026-09-22T17:56:55.478152+00:00,QUALITY_PRICE_WAIT,质量通过，但价格超过20倍盈利或5%正常化Owner FCF收益率约束,UNCHANGED,NOT_ELIGIBLE,先满足质量与合理估值条件,UNCHANGED,118.39,2026-09-22T17:51:42+00:00,2026-06-30,2026-09-22T17:52:29.303458+00:00,WAIT_PRICE,116.3689533828582,18.509593494578105,0.0491464453851077,0.1987537471674101,,,,,,,,,,
MD,MOS_Radar_V6.8.0,1,2026-09-22T17:56:55.478152+00:00,QUALITY_WATCH,通过质量门槛及合理估值初始规则；不等于厚安全边际或买入指令,UNCHANGED,TREND_WATCH,完整交易日趋势通过，需复核当前报价,UNCHANGED,26.365,2026-09-22T17:53:53+00:00,2026-06-30,2026-09-22T17:54:12.875399+00:00,WAIT_PRICE,38.15544886696522,12.254971061162673,0.0723600395732319,0.198422887317149,2026-09-21T00:00:00+00:00,25.770000457763672,26.337199897766112,23.12024996757508,0.3585492409246273,0.1135649222014336,0.2449843187231937,^GSPC,7764.7001953125,377.0
EPAC,MOS_Radar_V6.8.0,1,2026-09-22T17:56:55.478152+00:00,QUALITY_PRICE_WAIT,质量通过，但价格超过20倍盈利或5%正常化Owner FCF收益率约束,UNCHANGED,NOT_ELIGIBLE,先满足质量与合理估值条件,UNCHANGED,35.92,2026-09-22T17:52:54+00:00,2026-05-31,2026-09-22T17:55:19.940006+00:00,WAIT_PRICE,22.217879522989826,19.683921115799457,0.0309268924317787,0.2200750893808899,,,,,,,,,,
CTS,MOS_Radar_V6.8.0,1,2026-09-22T17:56:55.478152+00:00,QUALITY_PRICE_WAIT,质量通过，但价格超过20倍盈利或5%正常化Owner FCF收益率约束,UNCHANGED,NOT_ELIGIBLE,先满足质量与合理估值条件,UNCHANGED,59.395,2026-09-22T17:55:44+00:00,2026-06-30,2026-09-22T17:56:06.764511+00:00,WAIT_PRICE,48.87485847618507,24.3049297130716,0.0440865579564317,0.1218264186517462,,,,,,,,,,
TILE,MOS_Radar_V6.8.0,1,2026-09-22T17:56:55.478152+00:00,QUALITY_PRICE_WAIT,质量通过，但价格超过20倍盈利或5%正常化Owner FCF收益率约束,UNCHANGED,NOT_ELIGIBLE,先满足质量与合理估值条件,UNCHANGED,35.64,2026-09-22T17:56:05+00:00,2026-06-30,2026-09-22T17:56:35.101720+00:00,WAIT_PRICE,28.61767931133227,14.152977672197748,0.0401482594154493,0.2145644306531144,,,,,,,,,,
AAPL,MOS_Radar_V6.8.0,1,2026-09-23T18:10:43.069456+00:00,QUALITY_PRICE_WAIT,质量通过，但价格超过20倍盈利或5%正常化Owner FCF收益率约束,UNCHANGED,NOT_ELIGIBLE,先满足质量与合理估值条件,UNCHANGED,337.895,2026-09-23T17:19:44+00:00,2026-06-30,2026-09-23T17:19:46.943349+00:00,WAIT_PRICE,124.145404551147,38.24844486765772,0.018370411599927,1.199125744047619,,,,,,,,,,
JNJ,MOS_Radar_V6.8.0,1,2026-09-23T18:10:43.069456+00:00,QUALITY_PRICE_WAIT,质量通过，但价格超过20倍盈利或5%正常化Owner FCF收益率约束,UNCHANGED,NOT_ELIGIBLE,先满足质量与合理估值条件,UNCHANGED,266.85,2026-09-23T17:20:06+00:00,2026-06-30,2026-09-23T17:20:16.848510+00:00,WAIT_PRICE,140.0577570774749,30.56906665961419,0.0262427875355958,0.247578585635099,,,,,,,,,,
NFLX,MOS_Radar_V6.8.0,1,2026-09-23T18:10:43.069456+00:00,QUALITY_PRICE_WAIT,质量通过，但价格超过20倍盈利或5%正常化Owner FCF收益率约束,UNCHANGED,NOT_ELIGIBLE,先满足质量与合理估值条件,UNCHANGED,71.655,2026-09-23T17:20:26+00:00,2026-06-30,2026-09-23T17:20:28.531844+00:00,WAIT_PRICE,28.06392649352795,21.858968345165817,0.0195826714768878,0.4526936342508297,,,,,,,,,,
NVS,MOS_Radar_V6.8.0,1,2026-09-23T18:10:43.069456+00:00,QUALITY_PRICE_WAIT,质量通过，但价格超过20倍盈利或5%正常化Owner FCF收益率约束,UNCHANGED,NOT_ELIGIBLE,先满足质量与合理估值条件,UNCHANGED,142.32,2026-09-23T17:20:22+00:00,2026-06-30,2026-09-23T17:20:46.790578+00:00,WAIT_PRICE,128.78048945160913,21.20480912048689,0.0452432860636625,0.3070868037167204,,,,,,,,,,
KLAC,MOS_Radar_V6.8.0,1,2026-09-23T18:10:43.069456+00:00,QUALITY_PRICE_WAIT,质量通过，但价格超过20倍盈利或5%正常化Owner FCF收益率约束,UNCHANGED,NOT_ELIGIBLE,先满足质量与合理估值条件,UNCHANGED,186.18,2026-09-23T17:20:54+00:00,2026-06-30,2026-09-23T17:20:55.959826+00:00,WAIT_PRICE,49.41990090233543,50.35487513059625,0.0132720756532214,0.7607729037988479,,,,,,,,,,
QCOM,MOS_Radar_V6.8.0,1,2026-09-23T18:10:43.069456+00:00,QUALITY_PRICE_WAIT,质量通过，但价格超过20倍盈利或5%正常化Owner FCF收益率约束,UNCHANGED,NOT_ELIGIBLE,先满足质量与合理估值条件,UNCHANGED,196.27,2026-09-23T17:20:49+00:00,2026-06-30,2026-09-23T17:21:04.509914+00:00,WAIT_PRICE,134.33695808717508,22.640483458984413,0.0342224889405347,0.3347675175356135,,,,,,,,,,
ADI,MOS_Radar_V6.8.0,1,2026-09-23T18:10:43.069456+00:00,QUALITY_PRICE_WAIT,质量通过，但价格超过20倍盈利或5%正常化Owner FCF收益率约束,UNCHANGED,NOT_ELIGIBLE,先满足质量与合理估值条件,UNCHANGED,380.65,2026-09-23T17:21:09+00:00,2026-07-31,2026-09-23T17:21:11.718803+00:00,WAIT_PRICE,138.5836359993102,44.6063452662512,0.0182035512937488,0.1232457063666584,,,,,,,,,,
TJX,MOS_Radar_V6.8.0,1,2026-09-23T18:10:43.069456+00:00,QUALITY_PRICE_WAIT,质量通过，但价格超过20倍盈利或5%正常化Owner FCF收益率约束,UNCHANGED,NOT_ELIGIBLE,先满足质量与合理估值条件,UNCHANGED,132.0299,2026-09-23T17:21:35+00:00,2026-07-31,2026-09-23T17:21:44.447147+00:00,WAIT_PRICE,69.9925557481009,23.93760890480554,0.0265063276379444,0.5696178762557507,,,,,,,,,,
LMT,MOS_Radar_V6.8.0,1,2026-09-23T18:10:43.069456+00:00,QUALITY_PRICE_WAIT,质量通过，但价格超过20倍盈利或5%正常化Owner FCF收益率约束,UNCHANGED,NOT_ELIGIBLE,先满足质量与合理估值条件,UNCHANGED,528.01,2026-09-23T17:22:40+00:00,2026-06-30,2026-09-23T17:22:42.565920+00:00,WAIT_PRICE,507.7615241338613,19.38282610869189,0.0480825670095132,0.7170392335766423,,,,,,,,,,
SYK,MOS_Radar_V6.8.0,1,2026-09-23T18:10:43.069456+00:00,QUALITY_PRICE_WAIT,质量通过，但价格超过20倍盈利或5%正常化Owner FCF收益率约束,UNCHANGED,NOT_ELIGIBLE,先满足质量与合理估值条件,UNCHANGED,272.25,2026-09-23T17:22:41+00:00,2026-06-30,2026-09-23T17:22:44.529560+00:00,WAIT_PRICE,157.68834810149824,28.00422680973451,0.0289602108542696,0.1554527263631815,,,,,,,,,,
BMY,MOS_Radar_V6.8.0,1,2026-09-23T18:10:43.069456+00:00,QUALITY_WATCH,通过质量门槛及合理估值初始规则；不等于厚安全边际或买入指令,UNCHANGED,TREND_WAIT,长均线或相对强度未同时通过；若此前持有，应复核趋势理由,UNCHANGED,61.5164,2026-09-23T17:22:47+00:00,2026-06-30,2026-09-23T17:22:51.623099+00:00,WAIT_PRICE,90.8790668902393,13.538079142977438,0.0866382377874165,0.4158788476186209,2026-09-21T00:00:00+00:00,62.619998931884766,64.10879997253419,58.17462457656861,0.1093154724931573,0.1135649222014336,-0.0042494497082763,^GSPC,7764.7001953125,376.0
ACN,MOS_Radar_V6.8.0,1,2026-09-23T18:10:43.069456+00:00,QUALITY_WATCH,通过质量门槛及合理估值初始规则；不等于厚安全边际或买入指令,UNCHANGED,TREND_WAIT,长均线或相对强度未同时通过；若此前持有，应复核趋势理由,UNCHANGED,184.865,2026-09-23T17:22:43+00:00,2026-05-31,2026-09-23T17:22:58.126664+00:00,WAIT_PRICE,242.5049337312463,14.522501016949372,0.0655897367622985,0.2442650908108686,2026-09-21T00:00:00+00:00,186.1100006103516,172.00819915771484,197.04552402496336,-0.1389299984691224,0.1135649222014336,-0.2524949206705561,^GSPC,7764.7001953125,376.0
PH,MOS_Radar_V6.8.0,1,2026-09-23T18:10:43.069456+00:00,QUALITY_PRICE_WAIT,质量通过，但价格超过20倍盈利或5%正常化Owner FCF收益率约束,UNCHANGED,NOT_ELIGIBLE,先满足质量与合理估值条件,UNCHANGED,975.57,2026-09-23T17:21:38+00:00,2026-06-30,2026-09-23T17:23:03.967741+00:00,WAIT_PRICE,483.4179057018084,33.72573728761648,0.0247761772964425,0.2368216047779797,,,,,,,,,,
INTU,MOS_Radar_V6.8.0,1,2026-09-23T18:10:43.069456+00:00,QUALITY_WATCH,通过质量门槛及合理估值初始规则；不等于厚安全边际或买入指令,UNCHANGED,TREND_WAIT,长均线或相对强度未同时通过；若此前持有，应复核趋势理由,UNCHANGED,288.215,2026-09-23T17:23:01+00:00,2026-07-31,2026-09-23T17:23:05.543258+00:00,WAIT_PRICE,307.66813245483945,16.868467534242782,0.0533747605875543,0.2404170176916596,2026-09-21T00:00:00+00:00,304.1199951171875,324.9420007324219,408.69639808654784,-0.0444089804194903,0.1135649222014336,-0.157973902620924,^GSPC,7764.7001953125,376.0
TT,MOS_Radar_V6.8.0,1,2026-09-23T18:10:43.069456+00:00,QUALITY_PRICE_WAIT,质量通过，但价格超过20倍盈利或5%正常化Owner FCF收益率约束,UNCHANGED,NOT_ELIGIBLE,先满足质量与合理估值条件,UNCHANGED,438.07,2026-09-23T17:22:50+00:00,2026-06-30,2026-09-23T17:23:11.856172+00:00,WAIT_PRICE,195.37714102400943,32.68414878260016,0.0222997627118964,0.3419963121455658,,,,,,,,,,
ADBE,MOS_Radar_V6.8.0,1,2026-09-23T18:10:43.069456+00:00,QUALITY_WATCH,通过质量门槛及合理估值初始规则；不等于厚安全边际或买入指令,UNCHANGED,TREND_WAIT,长均线或相对强度未同时通过；若此前持有，应复核趋势理由,UNCHANGED,240.795,2026-09-23T17:23:11+00:00,2025-11-30,2026-09-23T17:23:14.586655+00:00,WAIT_PRICE,316.1006313345118,13.424405578142464,0.0656368760427981,0.6190310817850321,2026-09-21T00:00:00+00:00,249.5200042724609,256.57639892578123,264.6217000579834,0.0501910041838786,0.1135649222014336,-0.0633739180175549,^GSPC,7764.7001953125,376.0
CDNS,MOS_Radar_V6.8.0,1,2026-09-23T18:10:43.069456+00:00,QUALITY_PRICE_WAIT,质量通过，但价格超过20倍盈利或5%正常化Owner FCF收益率约束,UNCHANGED,NOT_ELIGIBLE,先满足质量与合理估值条件,UNCHANGED,308.675,2026-09-23T17:23:22+00:00,2026-06-30,2026-09-23T17:23:25.970845+00:00,WAIT_PRICE,65.8322105026764,61.70388895016959,0.0106636770879851,0.200933425858378,,,,,,,,,,
FTNT,MOS_Radar_V6.8.0,1,2026-09-23T18:10:43.069456+00:00,QUALITY_PRICE_WAIT,质量通过，但价格超过20倍盈利或5%正常化Owner FCF收益率约束,UNCHANGED,NOT_ELIGIBLE,先满足质量与合理估值条件,UNCHANGED,177.59,2026-09-23T17:23:41+00:00,2026-06-30,2026-09-23T17:23:43.572274+00:00,WAIT_PRICE,42.810298703437816,61.44207334810692,0.0120531276263972,1.367223260911611,,,,,,,,,,
ADP,MOS_Radar_V6.8.0,1,2026-09-23T18:10:43.069456+00:00,QUALITY_PRICE_WAIT,质量通过，但价格超过20倍盈利或5%正常化Owner FCF收益率约束,UNCHANGED,NOT_ELIGIBLE,先满足质量与合理估值条件,UNCHANGED,266.655,2026-09-23T17:23:11+00:00,2026-06-30,2026-09-23T17:23:58.018200+00:00,WAIT_PRICE,194.1586591674157,24.00237790587645,0.0364063413713254,0.7317615068311447,,,,,,,,,,
MNST,MOS_Radar_V6.8.0,1,2026-09-23T18:10:43.069456+00:00,QUALITY_PRICE_WAIT,质量通过，但价格超过20倍盈利或5%正常化Owner FCF收益率约束,UNCHANGED,NOT_ELIGIBLE,先满足质量与合理估值条件,UNCHANGED,43.57,2026-09-23T17:23:58+00:00,2026-06-30,2026-09-23T17:24:03.451470+00:00,WAIT_PRICE,13.709961973278515,40.11706926338429,0.0157332590925849,0.2272144780283267,,,,,,,,,,
ITW,MOS_Radar_V6.8.0,1,2026-09-23T18:10:43.069456+00:00,QUALITY_PRICE_WAIT,质量通过，但价格超过20倍盈利或5%正常化Owner FCF收益率约束,UNCHANGED,NOT_ELIGIBLE,先满足质量与合理估值条件,UNCHANGED,273.415,2026-09-23T17:24:29+00:00,2026-06-30,2026-09-23T17:25:05.125001+00:00,WAIT_PRICE,180.98665164707248,24.37964759974757,0.0330974254607597,1.103662750518314,,,,,,,,,,
CL,MOS_Radar_V6.8.0,1,2026-09-23T18:10:43.069456+00:00,QUALITY_PRICE_WAIT,质量通过，但价格超过20倍盈利或5%正常化Owner FCF收益率约束,UNCHANGED,NOT_ELIGIBLE,先满足质量与合理估值条件,UNCHANGED,85.95,2026-09-23T17:25:08+00:00,2026-06-30,2026-09-23T17:25:11.173260+00:00,WAIT_PRICE,51.10560717131843,33.63623083935768,0.0421172833969562,8.63135593220339,,,,,,,,,,
ROST,MOS_Radar_V6.8.0,1,2026-09-23T18:10:43.069456+00:00,QUALITY_PRICE_WAIT,质量通过，但价格超过20倍盈利或5%正常化Owner FCF收益率约束,UNCHANGED,NOT_ELIGIBLE,先满足质量与合理估值条件,UNCHANGED,235.0,2026-09-23T17:24:34+00:00,2026-07-31,2026-09-23T17:25:25.206256+00:00,WAIT_PRICE,94.41753439182358,28.232306210872025,0.0200888371046433,0.3943334484125007,,,,,,,,,,
CTAS,MOS_Radar_V6.8.0,1,2026-09-23T18:10:43.069456+00:00,QUALITY_PRICE_WAIT,质量通过，但价格超过20倍盈利或5%正常化Owner FCF收益率约束,UNCHANGED,NOT_ELIGIBLE,先满足质量与合理估值条件,UNCHANGED,197.555,2026-09-23T17:24:57+00:00,2026-05-31,2026-09-23T17:25:36.162601+00:00,WAIT_PRICE,75.90949958883716,39.65641257681828,0.0192122445872888,0.3878511336922388,,,,,,,,,,
TEL,MOS_Radar_V6.8.0,1,2026-09-23T18:10:43.069456+00:00,QUALITY_PRICE_WAIT,质量通过，但价格超过20倍盈利或5%正常化Owner FCF收益率约束,UNCHANGED,NOT_ELIGIBLE,先满足质量与合理估值条件,UNCHANGED,214.775,2026-09-23T17:25:20+00:00,2026-06-30,2026-09-23T17:25:56.870391+00:00,WAIT_PRICE,165.48467126177485,20.61677777740434,0.0385251242606855,0.2276913785293673,,,,,,,,,,
AME,MOS_Radar_V6.8.0,1,2026-09-23T18:10:43.069456+00:00,QUALITY_PRICE_WAIT,质量通过，但价格超过20倍盈利或5%正常化Owner FCF收益率约束,UNCHANGED,NOT_ELIGIBLE,先满足质量与合理估值条件,UNCHANGED,247.695,2026-09-23T17:26:35+00:00,2026-06-30,2026-09-23T17:26:39.578055+00:00,WAIT_PRICE,126.3514654201454,36.02610308623491,0.0255054533640455,0.1399789694534908,,,,,,,,,,
ADSK,MOS_Radar_V6.8.0,1,2026-09-23T18:10:43.069456+00:00,QUALITY_PRICE_WAIT,质量通过，但价格超过20倍盈利或5%正常化Owner FCF收益率约束,UNCHANGED,NOT_ELIGIBLE,先满足质量与合理估值条件,UNCHANGED,218.58,2026-09-23T17:26:53+00:00,2026-07-31,2026-09-23T17:27:00.840475+00:00,WAIT_PRICE,94.38596412160516,27.82169329031085,0.0215907137253191,0.485368016553355,,,,,,,,,,
ROK,MOS_Radar_V6.8.0,1,2026-09-23T18:10:43.069456+00:00,QUALITY_PRICE_WAIT,质量通过，但价格超过20倍盈利或5%正常化Owner FCF收益率约束,UNCHANGED,NOT_ELIGIBLE,先满足质量与合理估值条件,UNCHANGED,433.295,2026-09-23T17:26:54+00:00,2026-06-30,2026-09-23T17:27:02.761375+00:00,WAIT_PRICE,159.88033436608683,40.06397798380693,0.0184493629474246,0.3437321121923297,,,,,,,,,,
GRMN,MOS_Radar_V6.8.0,1,2026-09-23T18:10:43.069456+00:00,QUALITY_PRICE_WAIT,质量通过，但价格超过20倍盈利或5%正常化Owner FCF收益率约束,UNCHANGED,NOT_ELIGIBLE,先满足质量与合理估值条件,UNCHANGED,285.27,2026-09-23T17:24:13+00:00,2026-06-30,2026-09-23T17:27:34.772101+00:00,WAIT_PRICE,99.74302718428228,29.30550080380524,0.0174822146009538,0.2079179640122347,,,,,,,,,,
IDXX,MOS_Radar_V6.8.0,1,2026-09-23T18:10:43.069456+00:00,QUALITY_PRICE_WAIT,质量通过，但价格超过20倍盈利或5%正常化Owner FCF收益率约束,UNCHANGED,NOT_ELIGIBLE,先满足质量与合理估值条件,UNCHANGED,519.52,2026-09-23T17:26:46+00:00,2026-06-30,2026-09-23T17:27:50.224010+00:00,WAIT_PRICE,175.73157353502347,35.912913127306545,0.0169128785739743,0.7067305396648218,,,,,,,,,,
EME,MOS_Radar_V6.8.0,1,2026-09-23T18:10:43.069456+00:00,QUALITY_PRICE_WAIT,质量通过，但价格超过20倍盈利或5%正常化Owner FCF收益率约束,UNCHANGED,NOT_ELIGIBLE,先满足质量与合理估值条件,UNCHANGED,756.84,2026-09-23T17:27:25+00:00,2026-06-30,2026-09-23T17:28:01.172939+00:00,WAIT_PRICE,422.3218351587236,23.196993420758574,0.027900337928672,0.3528293241302143,,,,,,,,,,
KVUE,MOS_Radar_V6.8.0,1,2026-09-23T18:10:43.069456+00:00,QUALITY_PRICE_WAIT,质量通过，但价格超过20倍盈利或5%正常化Owner FCF收益率约束,UNCHANGED,NOT_ELIGIBLE,先满足质量与合理估值条件,UNCHANGED,17.713,2026-09-23T17:29:16+00:00,2026-06-30,2026-09-23T17:29:19.090398+00:00,WAIT_PRICE,17.263879264278877,20.520301061940824,0.0507308964842416,0.1571117217852743,,,,,,,,,,
A,MOS_Radar_V6.8.0,1,2026-09-23T18:10:43.069456+00:00,QUALITY_PRICE_WAIT,质量通过，但价格超过20倍盈利或5%正常化Owner FCF收益率约束,UNCHANGED,NOT_ELIGIBLE,先满足质量与合理估值条件,UNCHANGED,164.65,2026-09-23T17:29:21+00:00,2026-07-31,2026-09-23T17:29:35.901141+00:00,WAIT_PRICE,80.27569228426728,32.24004818713004,0.0243776775840471,0.1955724568789895,,,,,,,,,,
RMD,MOS_Radar_V6.8.0,1,2026-09-23T18:10:43.069456+00:00,QUALITY_PRICE_WAIT,质量通过，但价格超过20倍盈利或5%正常化Owner FCF收益率约束,UNCHANGED,NOT_ELIGIBLE,先满足质量与合理估值条件,UNCHANGED,222.26,2026-09-23T17:29:55+00:00,2026-06-30,2026-09-23T17:30:10.953049+00:00,WAIT_PRICE,165.61156804272187,21.04750480646758,0.0372562692438409,0.2313139094356252,,,,,,,,,,
DOV,MOS_Radar_V6.8.0,1,2026-09-23T18:10:43.069456+00:00,QUALITY_PRICE_WAIT,质量通过，但价格超过20倍盈利或5%正常化Owner FCF收益率约束,UNCHANGED,NOT_ELIGIBLE,先满足质量与合理估值条件,UNCHANGED,190.09,2026-09-23T17:30:08+00:00,2026-06-30,2026-09-23T17:30:29.106457+00:00,WAIT_PRICE,122.3846731585373,22.56123681607076,0.0321912444522429,0.1472935372307698,,,,,,,,,,
EXPE,MOS_Radar_V6.8.0,1,2026-09-23T18:10:43.069456+00:00,QUALITY_WATCH,通过质量门槛及合理估值初始规则；不等于厚安全边际或买入指令,UNCHANGED,TREND_WATCH,完整交易日趋势通过，需复核当前报价,UNCHANGED,260.71,2026-09-23T17:30:59+00:00,2026-06-30,2026-09-23T17:31:03.422785+00:00,WAIT_PRICE,334.0496652746285,15.368838246115288,0.0640653724971479,1.684036393713813,2026-09-21T00:00:00+00:00,281.0199890136719,297.7410424804688,259.4271427154541,0.6297710093733506,0.1135649222014336,0.516206087171917,^GSPC,7764.7001953125,376.0
TPR,MOS_Radar_V6.8.0,1,2026-09-23T18:10:43.069456+00:00,QUALITY_WATCH,通过质量门槛及合理估值初始规则；不等于厚安全边际或买入指令,UNCHANGED,TREND_WAIT,长均线或相对强度未同时通过；若此前持有，应复核趋势理由,UNCHANGED,110.915,2026-09-23T17:30:57+00:00,2026-06-30,2026-09-23T17:31:05.162306+00:00,WAIT_PRICE,112.53227837718325,14.476355402185334,0.0507290620642759,2.2073399797717093,2026-09-21T00:00:00+00:00,113.06999969482422,134.81555389404298,137.94811462402345,-0.1428773681405066,0.1135649222014336,-0.2564422903419403,^GSPC,7764.7001953125,376.0
STRL,MOS_Radar_V6.8.0,1,2026-09-23T18:10:43.069456+00:00,QUALITY_PRICE_WAIT,质量通过，但价格超过20倍盈利或5%正常化Owner FCF收益率约束,UNCHANGED,NOT_ELIGIBLE,先满足质量与合理估值条件,UNCHANGED,514.57,2026-09-23T17:31:04+00:00,2026-06-30,2026-09-23T17:31:06.733456+00:00,WAIT_PRICE,209.3442352733232,36.47894208606887,0.0203416673410151,0.3178923094491698,,,,,,,,,,
ROL,MOS_Radar_V6.8.0,1,2026-09-23T18:10:43.069456+00:00,QUALITY_PRICE_WAIT,质量通过，但价格超过20倍盈利或5%正常化Owner FCF收益率约束,UNCHANGED,NOT_ELIGIBLE,先满足质量与合理估值条件,UNCHANGED,32.435,2026-09-23T17:31:14+00:00,2026-06-30,2026-09-23T17:31:16.535022+00:00,WAIT_PRICE,21.266180267023515,29.34111322137229,0.0327827659426907,0.3719341884461145,,,,,,,,,,
NTAP,MOS_Radar_V6.8.0,1,2026-09-23T18:10:43.069456+00:00,QUALITY_PRICE_WAIT,质量通过，但价格超过20倍盈利或5%正常化Owner FCF收益率约束,UNCHANGED,NOT_ELIGIBLE,先满足质量与合理估值条件,UNCHANGED,196.08,2026-09-23T17:30:59+00:00,2026-07-31,2026-09-23T17:31:56.933492+00:00,WAIT_PRICE,106.0997117126713,27.16067620596188,0.0270552100450508,0.948494983277592,,,,,,,,,,
CHD,MOS_Radar_V6.8.0,1,2026-09-23T18:10:43.069456+00:00,QUALITY_PRICE_WAIT,质量通过，但价格超过20倍盈利或5%正常化Owner FCF收益率约束,UNCHANGED,NOT_ELIGIBLE,先满足质量与合理估值条件,UNCHANGED,95.98,2026-09-23T17:32:12+00:00,2025-12-31,2026-09-23T17:32:17.066441+00:00,WAIT_PRICE,62.12376377343286,30.89960883569186,0.0370033919416462,0.1760152890587673,,,,,,,,,,
WST,MOS_Radar_V6.8.0,1,2026-09-23T18:10:43.069456+00:00,QUALITY_PRICE_WAIT,质量通过，但价格超过20倍盈利或5%正常化Owner FCF收益率约束,UNCHANGED,NOT_ELIGIBLE,先满足质量与合理估值条件,UNCHANGED,372.74,2026-09-23T17:30:50+00:00,2026-06-30,2026-09-23T17:32:41.407585+00:00,WAIT_PRICE,103.63416774678024,46.436291096860856,0.0139016697626737,0.1889171292890107,,,,,,,,,,
MTD,MOS_Radar_V6.8.0,1,2026-09-23T18:10:43.069456+00:00,QUALITY_PRICE_WAIT,质量通过，但价格超过20倍盈利或5%正常化Owner FCF收益率约束,UNCHANGED,NOT_ELIGIBLE,先满足质量与合理估值条件,UNCHANGED,1490.8,2026-09-23T17:30:26+00:00,2026-06-30,2026-09-23T17:32:52.281362+00:00,WAIT_PRICE,806.3742118001128,32.983812183760584,0.0270450164945033,70.62395695235125,,,,,,,,,,
VLTO,MOS_Radar_V6.8.0,1,2026-09-23T18:10:43.069456+00:00,QUALITY_PRICE_WAIT,质量通过，但价格超过20倍盈利或5%正常化Owner FCF收益率约束,UNCHANGED,NOT_ELIGIBLE,先满足质量与合理估值条件,UNCHANGED,95.84,2026-09-23T17:32:09+00:00,2026-06-30,2026-09-23T17:32:53.795233+00:00,WAIT_PRICE,68.58267893844636,23.648940481945456,0.0357797782441811,0.3190184049079754,,,,,,,,,,
FFIV,MOS_Radar_V6.8.0,1,2026-09-23T18:10:43.069456+00:00,QUALITY_PRICE_WAIT,质量通过，但价格超过20倍盈利或5%正常化Owner FCF收益率约束,UNCHANGED,NOT_ELIGIBLE,先满足质量与合理估值条件,UNCHANGED,454.38,2026-09-23T17:30:23+00:00,2026-06-30,2026-09-23T17:33:07.206509+00:00,WAIT_PRICE,153.65235562135632,35.416249237670385,0.0169079135988991,0.1884235121296128,,,,,,,,,,
SNA,MOS_Radar_V6.8.0,1,2026-09-23T18:10:43.069456+00:00,QUALITY_PRICE_WAIT,质量通过，但价格超过20倍盈利或5%正常化Owner FCF收益率约束,UNCHANGED,NOT_ELIGIBLE,先满足质量与合理估值条件,UNCHANGED,371.76,2026-09-23T17:32:28+00:00,2026-06-30,2026-09-23T17:34:08.269365+00:00,WAIT_PRICE,353.17060194785984,18.603149969418297,0.0474998119684554,0.1711055567510304,,,,,,,,,,
BR,MOS_Radar_V6.8.0,1,2026-09-23T18:10:43.069456+00:00,QUALITY_PRICE_WAIT,质量通过，但价格超过20倍盈利或5%正常化Owner FCF收益率约束,UNCHANGED,NOT_ELIGIBLE,先满足质量与合理估值条件,UNCHANGED,164.59,2026-09-23T17:33:02+00:00,2026-06-30,2026-09-23T17:34:59.364458+00:00,WAIT_PRICE,160.92098818027858,16.69054368130532,0.0488854086458103,0.3958318665070759,,,,,,,,,,
NBIX,MOS_Radar_V6.8.0,1,2026-09-23T18:10:43.069456+00:00,QUALITY_PRICE_WAIT,质量通过，但价格超过20倍盈利或5%正常化Owner FCF收益率约束,UNCHANGED,NOT_ELIGIBLE,先满足质量与合理估值条件,UNCHANGED,140.77,2026-09-23T17:34:59+00:00,2025-12-31,2026-09-23T17:35:34.145930+00:00,WAIT_PRICE,59.49875598544445,29.897943258801,0.021133322435691,0.1295754819146632,,,,,,,,,,
NDSN,MOS_Radar_V6.8.0,1,2026-09-23T18:10:43.069456+00:00,QUALITY_PRICE_WAIT,质量通过，但价格超过20倍盈利或5%正常化Owner FCF收益率约束,UNCHANGED,NOT_ELIGIBLE,先满足质量与合理估值条件,UNCHANGED,321.18,2026-09-23T17:34:14+00:00,2026-07-31,2026-09-23T17:35:49.489513+00:00,WAIT_PRICE,191.1997569749156,32.223038311902954,0.0297652028418512,0.1698280759080824,,,,,,,,,,
LOGI,MOS_Radar_V6.8.0,1,2026-09-23T18:10:43.069456+00:00,QUALITY_PRICE_WAIT,质量通过，但价格超过20倍盈利或5%正常化Owner FCF收益率约束,UNCHANGED,NOT_ELIGIBLE,先满足质量与合理估值条件,UNCHANGED,105.125,2026-09-23T17:35:11+00:00,2026-06-30,2026-09-23T17:35:57.898235+00:00,WAIT_PRICE,102.55633119603628,18.79542522122844,0.0487782788090541,0.3405424482671378,,,,,,,,,,
MLI,MOS_Radar_V6.8.0,1,2026-09-23T18:10:43.069456+00:00,QUALITY_PRICE_WAIT,质量通过，但价格超过20倍盈利或5%正常化Owner FCF收益率约束,UNCHANGED,NOT_ELIGIBLE,先满足质量与合理估值条件,UNCHANGED,60.81,2026-09-23T17:34:50+00:00,2026-06-30,2026-09-23T17:35:59.544662+00:00,WAIT_PRICE,54.08541154696807,15.814125802492644,0.044470820216221,0.2397316609118455,,,,,,,,,,
LECO,MOS_Radar_V6.8.0,1,2026-09-23T18:10:43.069456+00:00,QUALITY_PRICE_WAIT,质量通过，但价格超过20倍盈利或5%正常化Owner FCF收益率约束,UNCHANGED,NOT_ELIGIBLE,先满足质量与合理估值条件,UNCHANGED,265.92,2026-09-23T17:35:51+00:00,2026-06-30,2026-09-23T17:36:19.414354+00:00,WAIT_PRICE,165.92127219399268,26.18398599827085,0.0311975917933951,0.3561691695942555,,,,,,,,,,
RMBS,MOS_Radar_V6.8.0,1,2026-09-23T18:10:43.069456+00:00,QUALITY_PRICE_WAIT,质量通过，但价格超过20倍盈利或5%正常化Owner FCF收益率约束,UNCHANGED,NOT_ELIGIBLE,先满足质量与合理估值条件,UNCHANGED,102.19,2026-09-23T17:36:12+00:00,2026-06-30,2026-09-23T17:36:37.887771+00:00,WAIT_PRICE,33.92122014001555,46.24370608882191,0.0165971328603657,0.1634190360540521,,,,,,,,,,
CSL,MOS_Radar_V6.8.0,1,2026-09-23T18:10:43.069456+00:00,QUALITY_WATCH,通过质量门槛及合理估值初始规则；不等于厚安全边际或买入指令,UNCHANGED,TREND_WAIT,长均线或相对强度未同时通过；若此前持有，应复核趋势理由,UNCHANGED,327.9,2026-09-23T17:36:17+00:00,2026-06-30,2026-09-23T17:36:50.693252+00:00,WAIT_PRICE,363.9510465719118,18.018906833131545,0.0639980883530293,0.4468835023497403,2026-09-21T00:00:00+00:00,317.8500061035156,349.988466796875,350.2278056335449,-0.1168757104221377,0.1135649222014336,-0.2304406326235714,^GSPC,7764.7001953125,376.0
DECK,MOS_Radar_V6.8.0,1,2026-09-23T18:10:43.069456+00:00,QUALITY_WATCH,通过质量门槛及合理估值初始规则；不等于厚安全边际或买入指令,UNCHANGED,TREND_WAIT,长均线或相对强度未同时通过；若此前持有，应复核趋势理由,UNCHANGED,79.07,2026-09-23T17:36:46+00:00,2026-06-30,2026-09-23T17:36:58.575368+00:00,WAIT_PRICE,121.48964207365212,10.61044045507725,0.0768241065344961,0.4409123414963491,2026-09-21T00:00:00+00:00,80.2300033569336,92.46760025024416,102.23825004577635,-0.2473956056574219,0.1135649222014336,-0.3609605278588556,^GSPC,7764.7001953125,376.0
GGG,MOS_Radar_V6.8.0,1,2026-09-23T18:10:43.069456+00:00,QUALITY_PRICE_WAIT,质量通过，但价格超过20倍盈利或5%正常化Owner FCF收益率约束,UNCHANGED,NOT_ELIGIBLE,先满足质量与合理估值条件,UNCHANGED,78.47,2026-09-23T17:37:50+00:00,2026-06-30,2026-09-23T17:37:54.239158+00:00,WAIT_PRICE,51.68791117755472,23.81892648066157,0.0329348229753757,0.211499400639318,,,,,,,,,,
RPM,MOS_Radar_V6.8.0,1,2026-09-23T18:10:43.069456+00:00,QUALITY_PRICE_WAIT,质量通过，但价格超过20倍盈利或5%正常化Owner FCF收益率约束,UNCHANGED,NOT_ELIGIBLE,先满足质量与合理估值条件,UNCHANGED,100.3,2026-09-23T17:38:01+00:00,2026-05-31,2026-09-23T17:38:16.163245+00:00,WAIT_PRICE,91.2693186899162,19.43659456270528,0.0454981648504068,0.1989063675343111,,,,,,,,,,
NYT,MOS_Radar_V6.8.0,1,2026-09-23T18:10:43.069456+00:00,QUALITY_PRICE_WAIT,质量通过，但价格超过20倍盈利或5%正常化Owner FCF收益率约束,UNCHANGED,NOT_ELIGIBLE,先满足质量与合理估值条件,UNCHANGED,62.55,2026-09-23T17:38:12+00:00,2026-06-30,2026-09-23T17:38:21.249819+00:00,WAIT_PRICE,35.705896756545044,25.681380210654588,0.0285418838981175,0.1918525486242976,,,,,,,,,,
MEDP,MOS_Radar_V6.8.0,1,2026-09-23T18:10:43.069456+00:00,QUALITY_PRICE_WAIT,质量通过，但价格超过20倍盈利或5%正常化Owner FCF收益率约束,UNCHANGED,NOT_ELIGIBLE,先满足质量与合理估值条件,UNCHANGED,618.58,2026-09-23T17:37:56+00:00,2026-06-30,2026-09-23T17:38:37.515236+00:00,WAIT_PRICE,340.3243103128636,35.12836628058153,0.0275085122629945,1.1328513049110198,,,,,,,,,,
PNR,MOS_Radar_V6.8.0,1,2026-09-23T18:10:43.069456+00:00,QUALITY_WATCH,通过质量门槛及合理估值初始规则；不等于厚安全边际或买入指令,UNCHANGED,TREND_WAIT,长均线或相对强度未同时通过；若此前持有，应复核趋势理由,UNCHANGED,54.805,2026-09-23T17:38:15+00:00,2026-06-30,2026-09-23T17:38:49.440025+00:00,WAIT_PRICE,66.69486178400525,13.427814013979203,0.0608474243080059,0.1737390979649534,2026-09-21T00:00:00+00:00,55.77999877929688,63.17577751159668,82.84979475021362,-0.3605280040915085,0.1135649222014336,-0.4740929262929422,^GSPC,7764.7001953125,376.0
GDDY,MOS_Radar_V6.8.0,1,2026-09-23T18:10:43.069456+00:00,QUALITY_WATCH,通过质量门槛及合理估值初始规则；不等于厚安全边际或买入指令,UNCHANGED,TREND_WAIT,长均线或相对强度未同时通过；若此前持有，应复核趋势理由,UNCHANGED,94.85,2026-09-23T17:38:59+00:00,2026-06-30,2026-09-23T17:39:02.203888+00:00,WAIT_PRICE,140.07360358770046,13.19623698907057,0.0738395380008963,135.86567164179104,2026-09-21T00:00:00+00:00,104.7699966430664,95.82199951171874,94.7946997833252,0.107364435198501,0.1135649222014336,-0.0062004870029326,^GSPC,7764.7001953125,376.0
AIT,MOS_Radar_V6.8.0,1,2026-09-23T18:10:43.069456+00:00,QUALITY_PRICE_WAIT,质量通过，但价格超过20倍盈利或5%正常化Owner FCF收益率约束,UNCHANGED,NOT_ELIGIBLE,先满足质量与合理估值条件,UNCHANGED,333.38,2026-09-23T17:39:02+00:00,2026-06-30,2026-09-23T17:39:12.760485+00:00,WAIT_PRICE,211.7918583382456,29.543082068547665,0.0317643317442926,0.2226535370772322,,,,,,,,,,
ALLE,MOS_Radar_V6.8.0,1,2026-09-23T18:10:43.069456+00:00,QUALITY_PRICE_WAIT,质量通过，但价格超过20倍盈利或5%正常化Owner FCF收益率约束,UNCHANGED,NOT_ELIGIBLE,先满足质量与合理估值条件,UNCHANGED,155.02,2026-09-23T17:39:29+00:00,2025-12-31,2026-09-23T17:39:50.451460+00:00,WAIT_PRICE,121.80610535452496,20.47592874966813,0.0392872227307847,0.3038799207023506,,,,,,,,,,
WTS,MOS_Radar_V6.8.0,1,2026-09-23T18:10:43.069456+00:00,QUALITY_PRICE_WAIT,质量通过，但价格超过20倍盈利或5%正常化Owner FCF收益率约束,UNCHANGED,NOT_ELIGIBLE,先满足质量与合理估值条件,UNCHANGED,358.775,2026-09-23T17:40:49+00:00,2026-06-30,2026-09-23T17:41:04.891291+00:00,WAIT_PRICE,161.7287842737054,31.20636675350712,0.0225390264474538,0.1752991687220243,,,,,,,,,,
BSY,MOS_Radar_V6.8.0,1,2026-09-23T18:10:43.069456+00:00,QUALITY_PRICE_WAIT,质量通过，但价格超过20倍盈利或5%正常化Owner FCF收益率约束,UNCHANGED,NOT_ELIGIBLE,先满足质量与合理估值条件,UNCHANGED,32.765,2026-09-23T17:41:16+00:00,2026-06-30,2026-09-23T17:41:22.491809+00:00,WAIT_PRICE,19.19548694845753,34.138232687692096,0.032676965447961,0.2412070460100396,,,,,,,,,,
JKHY,MOS_Radar_V6.8.0,1,2026-09-23T18:10:43.069456+00:00,QUALITY_PRICE_WAIT,质量通过，但价格超过20倍盈利或5%正常化Owner FCF收益率约束,UNCHANGED,NOT_ELIGIBLE,先满足质量与合理估值条件,UNCHANGED,148.38,2026-09-23T17:41:02+00:00,2026-06-30,2026-09-23T17:41:24.343226+00:00,WAIT_PRICE,93.32850355059848,20.69177886208885,0.0314491520254072,0.2450231462867741,,,,,,,,,,
DCI,MOS_Radar_V6.8.0,1,2026-09-23T18:10:43.069456+00:00,QUALITY_PRICE_WAIT,质量通过，但价格超过20倍盈利或5%正常化Owner FCF收益率约束,UNCHANGED,NOT_ELIGIBLE,先满足质量与合理估值条件,UNCHANGED,86.6401,2026-09-23T17:41:10+00:00,2025-07-31,2026-09-23T17:41:40.137286+00:00,WAIT_PRICE,54.06300589048559,27.363883698634343,0.0311997596323674,0.2164808588450421,,,,,,,,,,
AYI,MOS_Radar_V6.8.0,1,2026-09-23T18:10:43.069456+00:00,QUALITY_PRICE_WAIT,质量通过，但价格超过20倍盈利或5%正常化Owner FCF收益率约束,UNCHANGED,NOT_ELIGIBLE,先满足质量与合理估值条件,UNCHANGED,308.7,2026-09-23T17:36:08+00:00,2026-05-31,2026-09-23T17:42:49.500538+00:00,WAIT_PRICE,281.98915711127137,19.566173458234505,0.0456736568045467,0.1656321234438015,,,,,,,,,,
CRUS,MOS_Radar_V6.8.0,1,2026-09-23T18:10:43.069456+00:00,QUALITY_WATCH,通过质量门槛及合理估值初始规则；不等于厚安全边际或买入指令,UNCHANGED,TREND_WAIT,长均线或相对强度未同时通过；若此前持有，应复核趋势理由,UNCHANGED,120.3,2026-09-23T17:42:09+00:00,2026-06-30,2026-09-23T17:43:29.986018+00:00,WAIT_PRICE,139.74033617352896,14.002960645032909,0.0580799402217493,0.1966816969838717,2026-09-21T00:00:00+00:00,119.9800033569336,123.30720001220703,139.97249996185303,-0.1667260166770992,0.1135649222014336,-0.2802909388785328,^GSPC,7764.7001953125,376.0
ZWS,MOS_Radar_V6.8.0,1,2026-09-23T18:10:43.069456+00:00,QUALITY_PRICE_WAIT,质量通过，但价格超过20倍盈利或5%正常化Owner FCF收益率约束,UNCHANGED,NOT_ELIGIBLE,先满足质量与合理估值条件,UNCHANGED,46.825,2026-09-23T17:43:09+00:00,2026-06-30,2026-09-23T17:43:45.405719+00:00,WAIT_PRICE,23.11530950264073,28.129614156353725,0.0246826583050087,0.1664155264902658,,,,,,,,,,
WFRD,MOS_Radar_V6.8.0,1,2026-09-23T18:10:43.069456+00:00,QUALITY_WATCH,通过质量门槛及合理估值初始规则；不等于厚安全边际或买入指令,UNCHANGED,TREND_WAIT,长均线或相对强度未同时通过；若此前持有，应复核趋势理由,UNCHANGED,84.32,2026-09-23T17:43:42+00:00,2026-06-30,2026-09-23T17:44:07.752532+00:00,WAIT_PRICE,102.36029451032462,16.475138217093544,0.0679944874800932,0.2046979865771812,2026-09-21T00:00:00+00:00,82.19999694824219,88.25168014526368,92.57740238189696,-0.1305676453340983,0.1135649222014336,-0.244132567535532,^GSPC,7764.7001953125,376.0
MANH,MOS_Radar_V6.8.0,1,2026-09-23T18:10:43.069456+00:00,QUALITY_PRICE_WAIT,质量通过，但价格超过20倍盈利或5%正常化Owner FCF收益率约束,UNCHANGED,NOT_ELIGIBLE,先满足质量与合理估值条件,UNCHANGED,211.46,2026-09-23T17:43:57+00:00,2026-06-30,2026-09-23T17:44:14.303104+00:00,WAIT_PRICE,63.41405811169533,58.64526392417859,0.0149943389084685,1.33475337604043,,,,,,,,,,
AOS,MOS_Radar_V6.8.0,1,2026-09-23T18:10:43.069456+00:00,QUALITY_WATCH,通过质量门槛及合理估值初始规则；不等于厚安全边际或买入指令,UNCHANGED,TREND_WAIT,长均线或相对强度未同时通过；若此前持有，应复核趋势理由,UNCHANGED,57.975,2026-09-23T17:44:03+00:00,2026-06-30,2026-09-23T17:44:20.760008+00:00,WAIT_PRICE,69.43270788638866,15.749149135108883,0.0598815936924438,0.2716216949888702,2026-09-21T00:00:00+00:00,56.959999084472656,60.409999771118166,64.23047109603881,-0.1869593357704209,0.1135649222014336,-0.3005242579718545,^GSPC,7764.7001953125,376.0
QGEN,MOS_Radar_V6.8.0,1,2026-09-23T18:10:43.069456+00:00,QUALITY_PRICE_WAIT,质量通过，但价格超过20倍盈利或5%正常化Owner FCF收益率约束,UNCHANGED,NOT_ELIGIBLE,先满足质量与合理估值条件,UNCHANGED,43.59,2026-09-23T17:44:16+00:00,2026-06-30,2026-09-23T17:45:43.517963+00:00,WAIT_PRICE,35.67592423163748,21.99063090988048,0.0409221429589785,0.1219022318583332,,,,,,,,,,
IDCC,MOS_Radar_V6.8.0,1,2026-09-23T18:10:43.069456+00:00,QUALITY_PRICE_WAIT,质量通过，但价格超过20倍盈利或5%正常化Owner FCF收益率约束,UNCHANGED,NOT_ELIGIBLE,先满足质量与合理估值条件,UNCHANGED,328.93,2026-09-23T17:45:30+00:00,2026-06-30,2026-09-23T17:45:54.612070+00:00,WAIT_PRICE,184.478176186046,28.090906572354296,0.0280421634065068,0.2513581701075306,,,,,,,,,,
AWI,MOS_Radar_V6.8.0,1,2026-09-23T18:10:43.069456+00:00,QUALITY_PRICE_WAIT,质量通过，但价格超过20倍盈利或5%正常化Owner FCF收益率约束,UNCHANGED,NOT_ELIGIBLE,先满足质量与合理估值条件,UNCHANGED,164.77,2026-09-23T17:35:43+00:00,2026-06-30,2026-09-23T17:46:15.452341+00:00,WAIT_PRICE,72.65249892144945,22.08577868882421,0.0220466404446954,0.3565532059255908,,,,,,,,,,
DOX,MOS_Radar_V6.8.0,1,2026-09-23T18:10:43.069456+00:00,QUALITY_WATCH,通过质量门槛及合理估值初始规则；不等于厚安全边际或买入指令,UNCHANGED,TREND_WAIT,长均线或相对强度未同时通过；若此前持有，应复核趋势理由,UNCHANGED,58.795,2026-09-23T17:45:29+00:00,2026-06-30,2026-09-23T17:46:30.817197+00:00,WAIT_PRICE,86.58756195532659,13.58047245407702,0.0860747901822768,0.1375475655968603,2026-09-21T00:00:00+00:00,59.47999954223633,58.06019981384277,64.72529855728149,-0.1101846774634948,0.1135649222014336,-0.2237495996649284,^GSPC,7764.7001953125,376.0
PAYC,MOS_Radar_V6.8.0,1,2026-09-23T18:10:43.069456+00:00,QUALITY_PRICE_WAIT,质量通过，但价格超过20倍盈利或5%正常化Owner FCF收益率约束,UNCHANGED,NOT_ELIGIBLE,先满足质量与合理估值条件,UNCHANGED,221.805,2026-09-23T17:42:08+00:00,2026-06-30,2026-09-23T17:46:42.368810+00:00,WAIT_PRICE,98.76503763916052,20.5026868789594,0.0222639340049053,0.8531933508311461,,,,,,,,,,
LNTH,MOS_Radar_V6.8.0,1,2026-09-23T18:10:43.069456+00:00,QUALITY_PRICE_WAIT,质量通过，但价格超过20倍盈利或5%正常化Owner FCF收益率约束,UNCHANGED,NOT_ELIGIBLE,先满足质量与合理估值条件,UNCHANGED,99.989,2026-09-23T17:46:12+00:00,2026-06-30,2026-09-23T17:47:27.993871+00:00,WAIT_PRICE,83.78101928721723,23.71649297233872,0.0418951181066003,0.2098716398658919,,,,,,,,,,
PCTY,MOS_Radar_V6.8.0,1,2026-09-23T18:10:43.069456+00:00,QUALITY_PRICE_WAIT,质量通过，但价格超过20倍盈利或5%正常化Owner FCF收益率约束,UNCHANGED,NOT_ELIGIBLE,先满足质量与合理估值条件,UNCHANGED,143.37,2026-09-23T17:48:23+00:00,2026-06-30,2026-09-23T17:48:38.605479+00:00,WAIT_PRICE,64.79292566150784,29.42757367125577,0.0225964028951342,0.2208426769891036,,,,,,,,,,
BCPC,MOS_Radar_V6.8.0,1,2026-09-23T18:10:43.069456+00:00,QUALITY_PRICE_WAIT,质量通过，但价格超过20倍盈利或5%正常化Owner FCF收益率约束,UNCHANGED,NOT_ELIGIBLE,先满足质量与合理估值条件,UNCHANGED,168.335,2026-09-23T17:42:51+00:00,2025-12-31,2026-09-23T17:50:33.882436+00:00,WAIT_PRICE,76.8330286975094,34.65521572578901,0.0228214657372232,0.1204910685105469,,,,,,,,,,
G,MOS_Radar_V6.8.0,1,2026-09-23T18:10:43.069456+00:00,QUALITY_WATCH,通过质量门槛及合理估值初始规则；不等于厚安全边际或买入指令,UNCHANGED,TREND_WAIT,长均线或相对强度未同时通过；若此前持有，应复核趋势理由,UNCHANGED,34.06,2026-09-23T17:50:26+00:00,2026-06-30,2026-09-23T17:50:58.940317+00:00,WAIT_PRICE,52.18823812922498,9.82272864029105,0.0766122109941646,0.2236849934946946,2026-09-21T00:00:00+00:00,34.08000183105469,34.4581986618042,36.73823152542114,-0.0394432695617961,0.1135649222014336,-0.1530081917632297,^GSPC,7764.7001953125,376.0
LAUR,MOS_Radar_V6.8.0,1,2026-09-23T18:10:43.069456+00:00,QUALITY_PRICE_WAIT,质量通过，但价格超过20倍盈利或5%正常化Owner FCF收益率约束,UNCHANGED,NOT_ELIGIBLE,先满足质量与合理估值条件,UNCHANGED,36.6,2026-09-23T17:52:17+00:00,2026-06-30,2026-09-23T17:52:32.956140+00:00,WAIT_PRICE,25.65304221610864,15.679039053749182,0.0350451396394926,0.2817216321967579,,,,,,,,,,
EXLS,MOS_Radar_V6.8.0,1,2026-09-23T18:10:43.069456+00:00,QUALITY_PRICE_WAIT,质量通过，但价格超过20倍盈利或5%正常化Owner FCF收益率约束,UNCHANGED,NOT_ELIGIBLE,先满足质量与合理估值条件,UNCHANGED,35.34,2026-09-23T17:53:25+00:00,2026-06-30,2026-09-23T17:53:55.231800+00:00,WAIT_PRICE,17.813570821353586,21.432028679291644,0.0252031279306077,0.2886017994971382,,,,,,,,,,
LOPE,MOS_Radar_V6.8.0,1,2026-09-23T18:10:43.069456+00:00,QUALITY_WATCH,通过质量门槛及合理估值初始规则；不等于厚安全边际或买入指令,UNCHANGED,TREND_WAIT,长均线或相对强度未同时通过；若此前持有，应复核趋势理由,UNCHANGED,151.6,2026-09-23T17:39:17+00:00,2026-06-30,2026-09-23T17:53:59.925398+00:00,WAIT_PRICE,157.41277615726148,17.624237390116058,0.0519171425320783,0.3348812338594403,2026-09-21T00:00:00+00:00,150.5500030517578,147.93000061035156,158.83414978027344,-0.0538809928990375,0.1135649222014336,-0.1674459151004712,^GSPC,7764.7001953125,376.0
CVSA,MOS_Radar_V6.8.0,1,2026-09-23T18:10:43.069456+00:00,QUALITY_WATCH,通过质量门槛及合理估值初始规则；不等于厚安全边际或买入指令,UNCHANGED,TREND_WATCH,完整交易日趋势通过，需复核当前报价,UNCHANGED,123.73,2026-09-23T17:51:55+00:00,2026-06-30,2026-09-23T17:54:01.584684+00:00,WAIT_PRICE,142.48848427795878,16.74162372047915,0.0575804106837302,0.1739514654072611,2026-09-21T00:00:00+00:00,125.79000091552734,127.4332000732422,116.24489997863768,0.3234107833192021,0.1135649222014336,0.2098458611177684,^GSPC,7764.7001953125,376.0
CAAP,MOS_Radar_V6.8.0,1,2026-09-23T18:10:43.069456+00:00,QUALITY_WATCH,通过质量门槛及合理估值初始规则；不等于厚安全边际或买入指令,UNCHANGED,TREND_WAIT,长均线或相对强度未同时通过；若此前持有，应复核趋势理由,UNCHANGED,23.78,2026-09-23T17:52:24+00:00,2025-12-31,2026-09-23T17:55:04.400742+00:00,WAIT_PRICE,30.326476648578087,15.682665860305251,0.0947590309538858,0.1372534027456886,2026-09-21T00:00:00+00:00,24.190000534057617,23.97625919342041,24.96160859107972,-0.1975861954898975,0.1135649222014336,-0.3111511176913312,^GSPC,7764.7001953125,376.0
LRN,MOS_Radar_V6.8.0,1,2026-09-23T18:10:43.069456+00:00,QUALITY_WATCH,通过质量门槛及合理估值初始规则；不等于厚安全边际或买入指令,UNCHANGED,TREND_WAIT,长均线或相对强度未同时通过；若此前持有，应复核趋势理由,UNCHANGED,78.28,2026-09-23T17:55:35+00:00,2026-06-30,2026-09-23T17:55:43.624503+00:00,WAIT_PRICE,114.6242262040786,9.619697142060629,0.0732142477031672,0.2071837233792942,2026-09-21T00:00:00+00:00,79.5,84.28039962768554,83.90139991760253,0.0136242732114248,0.1135649222014336,-0.0999406489900087,^GSPC,7764.7001953125,376.0
KTB,MOS_Radar_V6.8.0,1,2026-09-23T18:10:43.069456+00:00,QUALITY_WATCH,通过质量门槛及合理估值初始规则；不等于厚安全边际或买入指令,UNCHANGED,TREND_WAIT,长均线或相对强度未同时通过；若此前持有，应复核趋势理由,UNCHANGED,67.09,2026-09-23T17:52:47+00:00,2026-06-30,2026-09-23T17:57:18.513818+00:00,WAIT_PRICE,95.76987371938618,13.684719699235156,0.0713741792512939,0.4331817946661838,2026-09-21T00:00:00+00:00,66.41000366210938,78.09394409179687,70.91106910705567,0.1851369175957846,0.1135649222014336,0.071571995394351,^GSPC,7764.7001953125,376.0
BRC,MOS_Radar_V6.8.0,1,2026-09-23T18:10:43.069456+00:00,QUALITY_PRICE_WAIT,质量通过，但价格超过20倍盈利或5%正常化Owner FCF收益率约束,UNCHANGED,NOT_ELIGIBLE,先满足质量与合理估值条件,UNCHANGED,84.37,2026-09-23T17:53:01+00:00,2026-07-31,2026-09-23T17:57:31.629779+00:00,WAIT_PRICE,68.14001678791556,19.335653551042984,0.040381662195043,0.1507422865401359,,,,,,,,,,
BMI,MOS_Radar_V6.8.0,1,2026-09-23T18:10:43.069456+00:00,QUALITY_PRICE_WAIT,质量通过，但价格超过20倍盈利或5%正常化Owner FCF收益率约束,UNCHANGED,NOT_ELIGIBLE,先满足质量与合理估值条件,UNCHANGED,132.5,2026-09-23T17:56:58+00:00,2026-06-30,2026-09-23T17:57:39.883988+00:00,WAIT_PRICE,79.83862473900662,30.553248645660148,0.0301277829203798,0.1840835871602624,,,,,,,,,,
FIZZ,MOS_Radar_V6.8.0,1,2026-09-23T18:10:43.069456+00:00,QUALITY_WATCH,通过质量门槛及合理估值初始规则；不等于厚安全边际或买入指令,UNCHANGED,TREND_WAIT,长均线或相对强度未同时通过；若此前持有，应复核趋势理由,UNCHANGED,30.525,2026-09-23T17:57:36+00:00,2026-07-31,2026-09-23T17:58:33.575428+00:00,WAIT_PRICE,33.713345703264096,16.33926684947623,0.055222515484462,0.4756338675507134,2026-09-21T00:00:00+00:00,31.38999938964844,31.66820011138916,31.280502166748047,-0.0253186167875236,0.1135649222014336,-0.1388835389889573,^GSPC,7764.7001953125,376.0
QLYS,MOS_Radar_V6.8.0,1,2026-09-23T18:10:43.069456+00:00,QUALITY_PRICE_WAIT,质量通过，但价格超过20倍盈利或5%正常化Owner FCF收益率约束,UNCHANGED,NOT_ELIGIBLE,先满足质量与合理估值条件,UNCHANGED,185.19,2026-09-23T17:57:59+00:00,2026-06-30,2026-09-23T17:58:46.661226+00:00,WAIT_PRICE,96.87468879731834,31.0183220991675,0.0261554859326417,0.3673702427684389,,,,,,,,,,
PRDO,MOS_Radar_V6.8.0,1,2026-09-23T18:10:43.069456+00:00,QUALITY_WATCH,通过质量门槛及合理估值初始规则；不等于厚安全边际或买入指令,UNCHANGED,TREND_WAIT,长均线或相对强度未同时通过；若此前持有，应复核趋势理由,UNCHANGED,31.53,2026-09-23T18:05:48+00:00,2026-06-30,2026-09-23T18:05:55.118330+00:00,WAIT_PRICE,46.0285313406572,11.139648752926004,0.0729916450057995,0.1713939011562701,2026-09-21T00:00:00+00:00,32.33000183105469,32.516091117858885,32.70871438026428,0.0396001188234904,0.1135649222014336,-0.0739648033779432,^GSPC,7764.7001953125,376.0
MCRI,MOS_Radar_V6.8.0,1,2026-09-23T18:10:43.069456+00:00,QUALITY_PRICE_WAIT,质量通过，但价格超过20倍盈利或5%正常化Owner FCF收益率约束,UNCHANGED,NOT_ELIGIBLE,先满足质量与合理估值条件,UNCHANGED,117.31,2026-09-23T18:02:26+00:00,2026-06-30,2026-09-23T18:06:11.459968+00:00,WAIT_PRICE,116.36895520474764,18.340741438076027,0.0495989068300859,0.1987537471674101,,,,,,,,,,
MD,MOS_Radar_V6.8.0,1,2026-09-23T18:10:43.069456+00:00,QUALITY_WATCH,通过质量门槛及合理估值初始规则；不等于厚安全边际或买入指令,UNCHANGED,TREND_WATCH,完整交易日趋势通过，需复核当前报价,UNCHANGED,25.895,2026-09-23T18:04:38+00:00,2026-06-30,2026-09-23T18:07:56.249624+00:00,WAIT_PRICE,38.15544786122724,12.036506125303454,0.0736733884171215,0.198422887317149,2026-09-21T00:00:00+00:00,25.770000457763672,26.337199897766112,23.12024996757508,0.3585492409246273,0.1135649222014336,0.2449843187231937,^GSPC,7764.7001953125,376.0
EPAC,MOS_Radar_V6.8.0,1,2026-09-23T18:10:43.069456+00:00,QUALITY_PRICE_WAIT,质量通过，但价格超过20倍盈利或5%正常化Owner FCF收益率约束,UNCHANGED,NOT_ELIGIBLE,先满足质量与合理估值条件,UNCHANGED,36.025,2026-09-23T18:01:28+00:00,2026-05-31,2026-09-23T18:09:05.559772+00:00,WAIT_PRICE,22.217877449350308,19.7414622600126,0.0308367487152676,0.2200750893808899,,,,,,,,,,
CTS,MOS_Radar_V6.8.0,1,2026-09-23T18:10:43.069456+00:00,QUALITY_PRICE_WAIT,质量通过，但价格超过20倍盈利或5%正常化Owner FCF收益率约束,UNCHANGED,NOT_ELIGIBLE,先满足质量与合理估值条件,UNCHANGED,59.01,2026-09-23T18:04:28+00:00,2026-06-30,2026-09-23T18:09:53.756605+00:00,WAIT_PRICE,48.8748602430541,24.14738362689692,0.0443741942803609,0.1218264186517462,,,,,,,,,,
TILE,MOS_Radar_V6.8.0,1,2026-09-23T18:10:43.069456+00:00,QUALITY_PRICE_WAIT,质量通过，但价格超过20倍盈利或5%正常化Owner FCF收益率约束,UNCHANGED,NOT_ELIGIBLE,先满足质量与合理估值条件,UNCHANGED,35.13,2026-09-23T18:06:38+00:00,2026-06-30,2026-09-23T18:10:21.220681+00:00,WAIT_PRICE,28.617677951130823,13.950452560493783,0.0407311100926997,0.2145644306531144,,,,,,,,,,
AAPL,MOS_Radar_V6.8.0,1,2026-09-24T18:14:40.781594+00:00,QUALITY_PRICE_WAIT,质量通过，但价格超过20倍盈利或5%正常化Owner FCF收益率约束,UNCHANGED,NOT_ELIGIBLE,先满足质量与合理估值条件,UNCHANGED,338.08,2026-09-24T17:24:33+00:00,2026-06-30,2026-09-24T17:24:36.872673+00:00,WAIT_PRICE,124.15455129393136,38.266566781739535,0.0183617119164001,1.199125744047619,,,,,,,,,,
JNJ,MOS_Radar_V6.8.0,1,2026-09-24T18:14:40.781594+00:00,QUALITY_PRICE_WAIT,质量通过，但价格超过20倍盈利或5%正常化Owner FCF收益率约束,UNCHANGED,NOT_ELIGIBLE,先满足质量与合理估值条件,UNCHANGED,270.69,2026-09-24T17:24:57+00:00,2026-06-30,2026-09-24T17:25:05.761198+00:00,WAIT_PRICE,140.0577590177317,31.00895836409524,0.025870508518551,0.247578585635099,,,,,,,,,,
NFLX,MOS_Radar_V6.8.0,1,2026-09-24T18:14:40.781594+00:00,QUALITY_PRICE_WAIT,质量通过，但价格超过20倍盈利或5%正常化Owner FCF收益率约束,UNCHANGED,NOT_ELIGIBLE,先满足质量与合理估值条件,UNCHANGED,71.83,2026-09-24T17:25:14+00:00,2026-06-30,2026-09-24T17:25:18.332381+00:00,WAIT_PRICE,28.06392530004374,21.912354518270973,0.0195349612279296,0.4526936342508297,,,,,,,,,,
NVS,MOS_Radar_V6.8.0,1,2026-09-24T18:14:40.781594+00:00,QUALITY_PRICE_WAIT,质量通过，但价格超过20倍盈利或5%正常化Owner FCF收益率约束,UNCHANGED,NOT_ELIGIBLE,先满足质量与合理估值条件,UNCHANGED,143.555,2026-09-24T17:25:13+00:00,2026-06-30,2026-09-24T17:25:35.960960+00:00,WAIT_PRICE,128.7805026494631,21.388814371321526,0.0448540638255244,0.3070868037167204,,,,,,,,,,
KLAC,MOS_Radar_V6.8.0,1,2026-09-24T18:14:40.781594+00:00,QUALITY_PRICE_WAIT,质量通过，但价格超过20倍盈利或5%正常化Owner FCF收益率约束,UNCHANGED,NOT_ELIGIBLE,先满足质量与合理估值条件,UNCHANGED,186.075,2026-09-24T17:25:43+00:00,2026-06-30,2026-09-24T17:25:45.662272+00:00,WAIT_PRICE,49.47822976729122,50.26714762847095,0.0132952384165769,0.7607729037988479,,,,,,,,,,
QCOM,MOS_Radar_V6.8.0,1,2026-09-24T18:14:40.781594+00:00,QUALITY_PRICE_WAIT,质量通过，但价格超过20倍盈利或5%正常化Owner FCF收益率约束,UNCHANGED,NOT_ELIGIBLE,先满足质量与合理估值条件,UNCHANGED,193.51,2026-09-24T17:25:48+00:00,2026-06-30,2026-09-24T17:25:54.759958+00:00,WAIT_PRICE,134.33696482488045,22.3221059479791,0.0347106001821302,0.3347675175356135,,,,,,,,,,
ADI,MOS_Radar_V6.8.0,1,2026-09-24T18:14:40.781594+00:00,QUALITY_PRICE_WAIT,质量通过，但价格超过20倍盈利或5%正常化Owner FCF收益率约束,UNCHANGED,NOT_ELIGIBLE,先满足质量与合理估值条件,UNCHANGED,382.2,2026-09-24T17:26:00+00:00,2026-07-31,2026-09-24T17:26:03.042627+00:00,WAIT_PRICE,138.5818072182325,44.78857254747656,0.0181294881237876,0.1232457063666584,,,,,,,,,,
TJX,MOS_Radar_V6.8.0,1,2026-09-24T18:14:40.781594+00:00,QUALITY_PRICE_WAIT,质量通过，但价格超过20倍盈利或5%正常化Owner FCF收益率约束,UNCHANGED,NOT_ELIGIBLE,先满足质量与合理估值条件,UNCHANGED,131.6,2026-09-24T17:26:28+00:00,2026-07-31,2026-09-24T17:26:35.735530+00:00,WAIT_PRICE,69.99255633288793,23.85966592076955,0.026592916539851,0.5696178762557507,,,,,,,,,,
LMT,MOS_Radar_V6.8.0,1,2026-09-24T18:14:40.781594+00:00,QUALITY_PRICE_WAIT,质量通过，但价格超过20倍盈利或5%正常化Owner FCF收益率约束,UNCHANGED,NOT_ELIGIBLE,先满足质量与合理估值条件,UNCHANGED,527.71,2026-09-24T17:27:01+00:00,2026-06-30,2026-09-24T17:27:33.233152+00:00,WAIT_PRICE,507.7615123829416,19.37181379620103,0.0481099005498229,0.7170392335766423,,,,,,,,,,
SYK,MOS_Radar_V6.8.0,1,2026-09-24T18:14:40.781594+00:00,QUALITY_PRICE_WAIT,质量通过，但价格超过20倍盈利或5%正常化Owner FCF收益率约束,UNCHANGED,NOT_ELIGIBLE,先满足质量与合理估值条件,UNCHANGED,269.88,2026-09-24T17:27:32+00:00,2026-06-30,2026-09-24T17:27:34.616820+00:00,WAIT_PRICE,157.68834524851684,27.760443960148905,0.0292145296517928,0.1554527263631815,,,,,,,,,,
BMY,MOS_Radar_V6.8.0,1,2026-09-24T18:14:40.781594+00:00,QUALITY_WATCH,通过质量门槛及合理估值初始规则；不等于厚安全边际或买入指令,UNCHANGED,TREND_WATCH,完整交易日趋势通过，需复核当前报价,ENTERED,60.75,2026-09-24T17:27:18+00:00,2026-06-30,2026-09-24T17:27:41.240155+00:00,WAIT_PRICE,90.8790659795413,13.369415573367808,0.0877312335410246,0.4158788476186209,2026-09-23T00:00:00+00:00,61.150001525878906,64.145,58.233902759552,0.128670725689554,0.1106967610593303,0.0179739646302237,^GSPC,7706.02978515625,377.0
ACN,MOS_Radar_V6.8.0,1,2026-09-24T18:14:40.781594+00:00,QUALITY_WATCH,通过质量门槛及合理估值初始规则；不等于厚安全边际或买入指令,UNCHANGED,TREND_WAIT,长均线或相对强度未同时通过；若此前持有，应复核趋势理由,UNCHANGED,179.4205,2026-09-24T17:27:44+00:00,2026-05-31,2026-09-24T17:27:48.149825+00:00,WAIT_PRICE,242.5049386272849,14.0947953431167,0.0675800531787852,0.2442650908108686,2026-09-23T00:00:00+00:00,183.5200042724609,172.90819915771485,196.626418876648,-0.1219039954944328,0.1106967610593303,-0.2326007565537632,^GSPC,7706.02978515625,377.0
PH,MOS_Radar_V6.8.0,1,2026-09-24T18:14:40.781594+00:00,QUALITY_PRICE_WAIT,质量通过，但价格超过20倍盈利或5%正常化Owner FCF收益率约束,UNCHANGED,NOT_ELIGIBLE,先满足质量与合理估值条件,UNCHANGED,970.06,2026-09-24T17:27:35+00:00,2026-06-30,2026-09-24T17:27:53.581965+00:00,WAIT_PRICE,483.4179105477771,33.53525465652641,0.0249169077452826,0.2368216047779797,,,,,,,,,,
INTU,MOS_Radar_V6.8.0,1,2026-09-24T18:14:40.781594+00:00,QUALITY_WATCH,通过质量门槛及合理估值初始规则；不等于厚安全边际或买入指令,UNCHANGED,TREND_WAIT,长均线或相对强度未同时通过；若此前持有，应复核趋势理由,UNCHANGED,279.385,2026-09-24T17:27:53+00:00,2026-07-31,2026-09-24T17:27:55.447431+00:00,WAIT_PRICE,307.66811779132195,16.351671587763153,0.0550616743546221,0.2404170176916596,2026-09-23T00:00:00+00:00,286.79998779296875,324.88280029296874,406.9221213531494,-0.0283408555809259,0.1106967610593303,-0.1390376166402562,^GSPC,7706.02978515625,377.0
TT,MOS_Radar_V6.8.0,1,2026-09-24T18:14:40.781594+00:00,QUALITY_PRICE_WAIT,质量通过，但价格超过20倍盈利或5%正常化Owner FCF收益率约束,UNCHANGED,NOT_ELIGIBLE,先满足质量与合理估值条件,UNCHANGED,439.545,2026-09-24T17:27:58+00:00,2026-06-30,2026-09-24T17:28:01.316123+00:00,WAIT_PRICE,195.37713832196707,32.79419813118948,0.0222249301347947,0.3419963121455658,,,,,,,,,,
ADBE,MOS_Radar_V6.8.0,1,2026-09-24T18:14:40.781594+00:00,QUALITY_WATCH,通过质量门槛及合理估值初始规则；不等于厚安全边际或买入指令,UNCHANGED,TREND_WAIT,长均线或相对强度未同时通过；若此前持有，应复核趋势理由,UNCHANGED,237.18,2026-09-24T17:27:53+00:00,2026-08-31,2026-09-24T17:28:04.204903+00:00,WAIT_PRICE,316.10063869213906,12.94330684906961,0.0666372878598826,0.6191771506290378,2026-09-23T00:00:00+00:00,240.69000244140625,256.7779989624024,264.19125007629395,0.0645373473058952,0.1106967610593303,-0.0461594137534351,^GSPC,7706.02978515625,377.0
CDNS,MOS_Radar_V6.8.0,1,2026-09-24T18:14:40.781594+00:00,QUALITY_PRICE_WAIT,质量通过，但价格超过20倍盈利或5%正常化Owner FCF收益率约束,UNCHANGED,NOT_ELIGIBLE,先满足质量与合理估值条件,UNCHANGED,318.8628,2026-09-24T17:28:14+00:00,2026-06-30,2026-09-24T17:28:15.871925+00:00,WAIT_PRICE,65.8482074703285,63.72493722327018,0.0103254765796337,0.200933425858378,,,,,,,,,,
FTNT,MOS_Radar_V6.8.0,1,2026-09-24T18:14:40.781594+00:00,QUALITY_PRICE_WAIT,质量通过，但价格超过20倍盈利或5%正常化Owner FCF收益率约束,UNCHANGED,NOT_ELIGIBLE,先满足质量与合理估值条件,UNCHANGED,179.88,2026-09-24T17:28:23+00:00,2026-06-30,2026-09-24T17:28:33.741744+00:00,WAIT_PRICE,42.810296658562045,62.23436388184383,0.0118996821932849,1.367223260911611,,,,,,,,,,
ADP,MOS_Radar_V6.8.0,1,2026-09-24T18:14:40.781594+00:00,QUALITY_PRICE_WAIT,质量通过，但价格超过20倍盈利或5%正常化Owner FCF收益率约束,UNCHANGED,NOT_ELIGIBLE,先满足质量与合理估值条件,UNCHANGED,262.28,2026-09-24T17:28:40+00:00,2026-06-30,2026-09-24T17:28:48.395348+00:00,WAIT_PRICE,194.158659182242,23.60857166253232,0.0370136226899195,0.7317615068311447,,,,,,,,,,
MNST,MOS_Radar_V6.8.0,1,2026-09-24T18:14:40.781594+00:00,QUALITY_PRICE_WAIT,质量通过，但价格超过20倍盈利或5%正常化Owner FCF收益率约束,UNCHANGED,NOT_ELIGIBLE,先满足质量与合理估值条件,UNCHANGED,43.05,2026-09-24T17:28:49+00:00,2026-06-30,2026-09-24T17:28:53.866832+00:00,WAIT_PRICE,13.709962120220611,39.638278936847406,0.0159233009526371,0.2272144780283267,,,,,,,,,,
ITW,MOS_Radar_V6.8.0,1,2026-09-24T18:14:40.781594+00:00,QUALITY_PRICE_WAIT,质量通过，但价格超过20倍盈利或5%正常化Owner FCF收益率约束,UNCHANGED,NOT_ELIGIBLE,先满足质量与合理估值条件,UNCHANGED,271.275,2026-09-24T17:29:46+00:00,2026-06-30,2026-09-24T17:29:51.155091+00:00,WAIT_PRICE,180.986661375456,24.188828510243816,0.0333585220487431,1.103662750518314,,,,,,,,,,
CL,MOS_Radar_V6.8.0,1,2026-09-24T18:14:40.781594+00:00,QUALITY_PRICE_WAIT,质量通过，但价格超过20倍盈利或5%正常化Owner FCF收益率约束,UNCHANGED,NOT_ELIGIBLE,先满足质量与合理估值条件,UNCHANGED,85.96,2026-09-24T17:29:42+00:00,2026-06-30,2026-09-24T17:29:56.940084+00:00,WAIT_PRICE,51.105605901058986,33.640145140405735,0.0421123827127929,8.63135593220339,,,,,,,,,,
ROST,MOS_Radar_V6.8.0,1,2026-09-24T18:14:40.781594+00:00,QUALITY_PRICE_WAIT,质量通过，但价格超过20倍盈利或5%正常化Owner FCF收益率约束,UNCHANGED,NOT_ELIGIBLE,先满足质量与合理估值条件,UNCHANGED,235.76,2026-09-24T17:28:50+00:00,2026-07-31,2026-09-24T17:30:10.216020+00:00,WAIT_PRICE,94.41753659173456,28.323610030597862,0.0200240788496213,0.3943334484125007,,,,,,,,,,
CTAS,MOS_Radar_V6.8.0,1,2026-09-24T18:14:40.781594+00:00,QUALITY_PRICE_WAIT,质量通过，但价格超过20倍盈利或5%正常化Owner FCF收益率约束,UNCHANGED,NOT_ELIGIBLE,先满足质量与合理估值条件,UNCHANGED,197.7,2026-09-24T17:30:14+00:00,2026-05-31,2026-09-24T17:30:20.498743+00:00,WAIT_PRICE,76.03348660733735,39.6208045407178,0.0192295110286639,0.3878511336922388,,,,,,,,,,
TEL,MOS_Radar_V6.8.0,1,2026-09-24T18:14:40.781594+00:00,QUALITY_PRICE_WAIT,质量通过，但价格超过20倍盈利或5%正常化Owner FCF收益率约束,UNCHANGED,NOT_ELIGIBLE,先满足质量与合理估值条件,UNCHANGED,214.315,2026-09-24T17:29:21+00:00,2026-06-30,2026-09-24T17:30:41.867990+00:00,WAIT_PRICE,165.4846646738538,20.572622070835347,0.0386078120229227,0.2276913785293673,,,,,,,,,,
AME,MOS_Radar_V6.8.0,1,2026-09-24T18:14:40.781594+00:00,QUALITY_PRICE_WAIT,质量通过，但价格超过20倍盈利或5%正常化Owner FCF收益率约束,UNCHANGED,NOT_ELIGIBLE,先满足质量与合理估值条件,UNCHANGED,246.39,2026-09-24T17:30:27+00:00,2026-06-30,2026-09-24T17:31:24.714693+00:00,WAIT_PRICE,126.35146946929068,35.836295665863105,0.0256405433396831,0.1399789694534908,,,,,,,,,,
ADSK,MOS_Radar_V6.8.0,1,2026-09-24T18:14:40.781594+00:00,QUALITY_PRICE_WAIT,质量通过，但价格超过20倍盈利或5%正常化Owner FCF收益率约束,UNCHANGED,NOT_ELIGIBLE,先满足质量与合理估值条件,UNCHANGED,212.12,2026-09-24T17:31:35+00:00,2026-07-31,2026-09-24T17:31:44.226966+00:00,WAIT_PRICE,94.38596708496117,26.99943908617064,0.0222482479457291,0.485368016553355,,,,,,,,,,
ROK,MOS_Radar_V6.8.0,1,2026-09-24T18:14:40.781594+00:00,QUALITY_PRICE_WAIT,质量通过，但价格超过20倍盈利或5%正常化Owner FCF收益率约束,UNCHANGED,NOT_ELIGIBLE,先满足质量与合理估值条件,UNCHANGED,431.225,2026-09-24T17:30:42+00:00,2026-06-30,2026-09-24T17:31:45.923221+00:00,WAIT_PRICE,159.88033705781942,39.872577840039405,0.0185379253357086,0.3437321121923297,,,,,,,,,,
GRMN,MOS_Radar_V6.8.0,1,2026-09-24T18:14:40.781594+00:00,QUALITY_PRICE_WAIT,质量通过，但价格超过20倍盈利或5%正常化Owner FCF收益率约束,UNCHANGED,NOT_ELIGIBLE,先满足质量与合理估值条件,UNCHANGED,288.5,2026-09-24T17:26:49+00:00,2026-06-30,2026-09-24T17:32:15.967886+00:00,WAIT_PRICE,99.74302334297538,29.637316603579407,0.0172864858480026,0.2079179640122347,,,,,,,,,,
IDXX,MOS_Radar_V6.8.0,1,2026-09-24T18:14:40.781594+00:00,QUALITY_PRICE_WAIT,质量通过，但价格超过20倍盈利或5%正常化Owner FCF收益率约束,UNCHANGED,NOT_ELIGIBLE,先满足质量与合理估值条件,UNCHANGED,514.7,2026-09-24T17:32:10+00:00,2026-06-30,2026-09-24T17:32:30.235405+00:00,WAIT_PRICE,175.73157597382803,35.57971999171991,0.0170712624804573,0.7067305396648218,,,,,,,,,,
EME,MOS_Radar_V6.8.0,1,2026-09-24T18:14:40.781594+00:00,QUALITY_PRICE_WAIT,质量通过，但价格超过20倍盈利或5%正常化Owner FCF收益率约束,UNCHANGED,NOT_ELIGIBLE,先满足质量与合理估值条件,UNCHANGED,752.72,2026-09-24T17:32:20+00:00,2026-06-30,2026-09-24T17:32:40.783611+00:00,WAIT_PRICE,422.3218665815919,23.070714534775018,0.0280530520367196,0.3528293241302143,,,,,,,,,,
KVUE,MOS_Radar_V6.8.0,1,2026-09-24T18:14:40.781594+00:00,QUALITY_PRICE_WAIT,质量通过，但价格超过20倍盈利或5%正常化Owner FCF收益率约束,UNCHANGED,NOT_ELIGIBLE,先满足质量与合理估值条件,UNCHANGED,17.665,2026-09-24T17:33:30+00:00,2026-06-30,2026-09-24T17:33:56.965902+00:00,WAIT_PRICE,17.263877730049053,20.46469544817589,0.0508687398566482,0.1571117217852743,,,,,,,,,,
A,MOS_Radar_V6.8.0,1,2026-09-24T18:14:40.781594+00:00,QUALITY_PRICE_WAIT,质量通过，但价格超过20倍盈利或5%正常化Owner FCF收益率约束,UNCHANGED,NOT_ELIGIBLE,先满足质量与合理估值条件,UNCHANGED,170.95,2026-09-24T17:33:12+00:00,2026-07-31,2026-09-24T17:34:14.287947+00:00,WAIT_PRICE,80.27569074153864,33.47364921656849,0.0234792894827548,0.1955724568789895,,,,,,,,,,
RMD,MOS_Radar_V6.8.0,1,2026-09-24T18:14:40.781594+00:00,QUALITY_PRICE_WAIT,质量通过，但价格超过20倍盈利或5%正常化Owner FCF收益率约束,UNCHANGED,NOT_ELIGIBLE,先满足质量与合理估值条件,UNCHANGED,220.49,2026-09-24T17:34:35+00:00,2026-06-30,2026-09-24T17:34:49.631444+00:00,WAIT_PRICE,165.61155982367245,20.879890961451004,0.0375553448736161,0.2313139094356252,,,,,,,,,,
DOV,MOS_Radar_V6.8.0,1,2026-09-24T18:14:40.781594+00:00,QUALITY_PRICE_WAIT,质量通过，但价格超过20倍盈利或5%正常化Owner FCF收益率约束,UNCHANGED,NOT_ELIGIBLE,先满足质量与合理估值条件,UNCHANGED,188.16,2026-09-24T17:34:31+00:00,2026-06-30,2026-09-24T17:35:05.564693+00:00,WAIT_PRICE,122.384668418839,22.33217151726258,0.0325214361232034,0.1472935372307698,,,,,,,,,,
EXPE,MOS_Radar_V6.8.0,1,2026-09-24T18:14:40.781594+00:00,QUALITY_WATCH,通过质量门槛及合理估值初始规则；不等于厚安全边际或买入指令,UNCHANGED,TREND_WAIT,长均线或相对强度未同时通过；若此前持有，应复核趋势理由,EXIT_REVIEW,257.205,2026-09-24T17:35:23+00:00,2026-06-30,2026-09-24T17:35:41.622667+00:00,WAIT_PRICE,334.04967176547075,15.162218420019858,0.064938409394349,1.684036393713813,2026-09-23T00:00:00+00:00,259.0400085449219,297.61689025878906,259.41773895263674,0.5874391700427148,0.1106967610593303,0.4767424089833845,^GSPC,7706.02978515625,377.0
TPR,MOS_Radar_V6.8.0,1,2026-09-24T18:14:40.781594+00:00,QUALITY_WATCH,通过质量门槛及合理估值初始规则；不等于厚安全边际或买入指令,UNCHANGED,TREND_WAIT,长均线或相对强度未同时通过；若此前持有，应复核趋势理由,UNCHANGED,111.9,2026-09-24T17:35:00+00:00,2026-06-30,2026-09-24T17:35:43.351154+00:00,WAIT_PRICE,112.5322777715594,14.60491527947081,0.05028251911151,2.2073399797717093,2026-09-23T00:00:00+00:00,110.51000213623048,134.3134358215332,137.94817932128908,-0.1667724876024793,0.1106967610593303,-0.2774692486618096,^GSPC,7706.02978515625,377.0
STRL,MOS_Radar_V6.8.0,1,2026-09-24T18:14:40.781594+00:00,QUALITY_PRICE_WAIT,质量通过，但价格超过20倍盈利或5%正常化Owner FCF收益率约束,UNCHANGED,NOT_ELIGIBLE,先满足质量与合理估值条件,UNCHANGED,518.54,2026-09-24T17:35:06+00:00,2026-06-30,2026-09-24T17:35:44.911909+00:00,WAIT_PRICE,209.3442471238297,36.76038159731392,0.0201859304126807,0.3178923094491698,,,,,,,,,,
ROL,MOS_Radar_V6.8.0,1,2026-09-24T18:14:40.781594+00:00,QUALITY_PRICE_WAIT,质量通过，但价格超过20倍盈利或5%正常化Owner FCF收益率约束,UNCHANGED,NOT_ELIGIBLE,先满足质量与合理估值条件,UNCHANGED,30.445,2026-09-24T17:35:50+00:00,2026-06-30,2026-09-24T17:35:55.879277+00:00,WAIT_PRICE,21.259623426712707,27.549428036670093,0.0349148028029441,0.3719341884461145,,,,,,,,,,
NTAP,MOS_Radar_V6.8.0,1,2026-09-24T18:14:40.781594+00:00,QUALITY_PRICE_WAIT,质量通过，但价格超过20倍盈利或5%正常化Owner FCF收益率约束,UNCHANGED,NOT_ELIGIBLE,先满足质量与合理估值条件,UNCHANGED,198.77,2026-09-24T17:36:19+00:00,2026-07-31,2026-09-24T17:36:36.194464+00:00,WAIT_PRICE,106.0997104229029,27.53329087661673,0.0266890653576754,0.948494983277592,,,,,,,,,,
CHD,MOS_Radar_V6.8.0,1,2026-09-24T18:14:40.781594+00:00,QUALITY_PRICE_WAIT,质量通过，但价格超过20倍盈利或5%正常化Owner FCF收益率约束,UNCHANGED,NOT_ELIGIBLE,先满足质量与合理估值条件,UNCHANGED,96.35,2026-09-24T17:34:41+00:00,2025-12-31,2026-09-24T17:36:57.848076+00:00,WAIT_PRICE,62.12376693007667,31.01872431800429,0.0368612946447639,0.1760152890587673,,,,,,,,,,
WST,MOS_Radar_V6.8.0,1,2026-09-24T18:14:40.781594+00:00,QUALITY_PRICE_WAIT,质量通过，但价格超过20倍盈利或5%正常化Owner FCF收益率约束,UNCHANGED,NOT_ELIGIBLE,先满足质量与合理估值条件,UNCHANGED,372.35,2026-09-24T17:35:48+00:00,2026-06-30,2026-09-24T17:37:22.707196+00:00,WAIT_PRICE,103.63416333285184,46.38770651485141,0.0139162298016452,0.1889171292890107,,,,,,,,,,
MTD,MOS_Radar_V6.8.0,1,2026-09-24T18:14:40.781594+00:00,QUALITY_PRICE_WAIT,质量通过，但价格超过20倍盈利或5%正常化Owner FCF收益率约束,UNCHANGED,NOT_ELIGIBLE,先满足质量与合理估值条件,UNCHANGED,1510.61,2026-09-24T17:37:30+00:00,2026-06-30,2026-09-24T17:37:33.028133+00:00,WAIT_PRICE,806.3742460307006,33.42210518366685,0.0266903517794368,70.62395695235125,,,,,,,,,,
VLTO,MOS_Radar_V6.8.0,1,2026-09-24T18:14:40.781594+00:00,QUALITY_PRICE_WAIT,质量通过，但价格超过20倍盈利或5%正常化Owner FCF收益率约束,UNCHANGED,NOT_ELIGIBLE,先满足质量与合理估值条件,UNCHANGED,96.38,2026-09-24T17:37:27+00:00,2026-06-30,2026-09-24T17:37:34.429591+00:00,WAIT_PRICE,68.58267827228701,23.782188082106863,0.0355793101640833,0.3190184049079754,,,,,,,,,,
FFIV,MOS_Radar_V6.8.0,1,2026-09-24T18:14:40.781594+00:00,QUALITY_PRICE_WAIT,质量通过，但价格超过20倍盈利或5%正常化Owner FCF收益率约束,UNCHANGED,NOT_ELIGIBLE,先满足质量与合理估值条件,UNCHANGED,454.51,2026-09-24T17:36:49+00:00,2026-06-30,2026-09-24T17:37:46.941554+00:00,WAIT_PRICE,153.65235397113744,35.42638235374575,0.0169030773768605,0.1884235121296128,,,,,,,,,,
SNA,MOS_Radar_V6.8.0,1,2026-09-24T18:14:40.781594+00:00,QUALITY_PRICE_WAIT,质量通过，但价格超过20倍盈利或5%正常化Owner FCF收益率约束,UNCHANGED,NOT_ELIGIBLE,先满足质量与合理估值条件,UNCHANGED,367.615,2026-09-24T17:38:18+00:00,2026-06-30,2026-09-24T17:38:46.245265+00:00,WAIT_PRICE,353.1706206070796,18.39573008040273,0.0480353930888401,0.1711055567510304,,,,,,,,,,
BR,MOS_Radar_V6.8.0,1,2026-09-24T18:14:40.781594+00:00,QUALITY_PRICE_WAIT,质量通过，但价格超过20倍盈利或5%正常化Owner FCF收益率约束,UNCHANGED,NOT_ELIGIBLE,先满足质量与合理估值条件,UNCHANGED,162.35,2026-09-24T17:39:28+00:00,2026-06-30,2026-09-24T17:39:37.832744+00:00,WAIT_PRICE,160.92097855001248,16.46339345538405,0.0495598948413959,0.3958318665070759,,,,,,,,,,
NBIX,MOS_Radar_V6.8.0,1,2026-09-24T18:14:40.781594+00:00,QUALITY_PRICE_WAIT,质量通过，但价格超过20倍盈利或5%正常化Owner FCF收益率约束,UNCHANGED,NOT_ELIGIBLE,先满足质量与合理估值条件,UNCHANGED,138.62,2026-09-24T17:38:30+00:00,2025-12-31,2026-09-24T17:40:12.033756+00:00,WAIT_PRICE,59.49875988708112,29.44130583762246,0.0214611022533116,0.1295754819146632,,,,,,,,,,
NDSN,MOS_Radar_V6.8.0,1,2026-09-24T18:14:40.781594+00:00,QUALITY_PRICE_WAIT,质量通过，但价格超过20倍盈利或5%正常化Owner FCF收益率约束,UNCHANGED,NOT_ELIGIBLE,先满足质量与合理估值条件,UNCHANGED,322.47,2026-09-24T17:40:11+00:00,2026-07-31,2026-09-24T17:40:27.251336+00:00,WAIT_PRICE,191.199751890996,32.352461052153345,0.0296461301657512,0.1698280759080824,,,,,,,,,,
LOGI,MOS_Radar_V6.8.0,1,2026-09-24T18:14:40.781594+00:00,QUALITY_WATCH,通过质量门槛及合理估值初始规则；不等于厚安全边际或买入指令,ENTERED,TREND_WAIT,长均线或相对强度未同时通过；若此前持有，应复核趋势理由,CHANGED,99.435,2026-09-24T17:40:30+00:00,2026-06-30,2026-09-24T17:40:35.395821+00:00,WAIT_PRICE,102.55633371407995,17.778102839339656,0.0515695347282546,0.3405424482671378,2026-09-23T00:00:00+00:00,104.6500015258789,100.2753874206543,98.51225143432616,0.0665259577682071,0.1106967610593303,-0.0441708032911232,^GSPC,7706.02978515625,377.0
MLI,MOS_Radar_V6.8.0,1,2026-09-24T18:14:40.781594+00:00,QUALITY_PRICE_WAIT,质量通过，但价格超过20倍盈利或5%正常化Owner FCF收益率约束,UNCHANGED,NOT_ELIGIBLE,先满足质量与合理估值条件,UNCHANGED,60.41,2026-09-24T17:40:25+00:00,2026-06-30,2026-09-24T17:40:37.772438+00:00,WAIT_PRICE,54.08541290500841,15.710102215770338,0.0447652813317401,0.2397316609118455,,,,,,,,,,
LECO,MOS_Radar_V6.8.0,1,2026-09-24T18:14:40.781594+00:00,QUALITY_PRICE_WAIT,质量通过，但价格超过20倍盈利或5%正常化Owner FCF收益率约束,UNCHANGED,NOT_ELIGIBLE,先满足质量与合理估值条件,UNCHANGED,265.97,2026-09-24T17:39:52+00:00,2026-06-30,2026-09-24T17:40:57.668106+00:00,WAIT_PRICE,165.9212798107354,26.188908078614883,0.0311917283548399,0.3561691695942555,,,,,,,,,,
RMBS,MOS_Radar_V6.8.0,1,2026-09-24T18:14:40.781594+00:00,QUALITY_PRICE_WAIT,质量通过，但价格超过20倍盈利或5%正常化Owner FCF收益率约束,UNCHANGED,NOT_ELIGIBLE,先满足质量与合理估值条件,UNCHANGED,104.62,2026-09-24T17:40:56+00:00,2026-06-30,2026-09-24T17:41:15.592074+00:00,WAIT_PRICE,33.92122005989085,47.34334614385301,0.0162116326036564,0.1634190360540521,,,,,,,,,,
CSL,MOS_Radar_V6.8.0,1,2026-09-24T18:14:40.781594+00:00,QUALITY_WATCH,通过质量门槛及合理估值初始规则；不等于厚安全边际或买入指令,UNCHANGED,TREND_WAIT,长均线或相对强度未同时通过；若此前持有，应复核趋势理由,UNCHANGED,315.5,2026-09-24T17:40:35+00:00,2026-06-30,2026-09-24T17:41:27.789207+00:00,WAIT_PRICE,363.9510397973437,17.33749683340252,0.0665133844067986,0.4468835023497403,2026-09-23T00:00:00+00:00,323.9599914550781,349.82704162597656,350.2569493103028,-0.0948970900463409,0.1106967610593303,-0.2055938511056713,^GSPC,7706.02978515625,377.0
DECK,MOS_Radar_V6.8.0,1,2026-09-24T18:14:40.781594+00:00,QUALITY_WATCH,通过质量门槛及合理估值初始规则；不等于厚安全边际或买入指令,UNCHANGED,TREND_WAIT,长均线或相对强度未同时通过；若此前持有，应复核趋势理由,UNCHANGED,78.37,2026-09-24T17:41:12+00:00,2026-06-30,2026-09-24T17:41:35.902865+00:00,WAIT_PRICE,121.48963734698732,10.51650753530078,0.0775102956150231,0.4409123414963491,2026-09-23T00:00:00+00:00,78.58999633789062,91.8834001159668,102.1563500213623,-0.227567626427209,0.1106967610593303,-0.3382643874865394,^GSPC,7706.02978515625,377.0
GGG,MOS_Radar_V6.8.0,1,2026-09-24T18:14:40.781594+00:00,QUALITY_PRICE_WAIT,质量通过，但价格超过20倍盈利或5%正常化Owner FCF收益率约束,UNCHANGED,NOT_ELIGIBLE,先满足质量与合理估值条件,UNCHANGED,77.525,2026-09-24T17:42:24+00:00,2026-06-30,2026-09-24T17:42:30.301129+00:00,WAIT_PRICE,51.68791096428485,23.53207955948009,0.0333362856912511,0.211499400639318,,,,,,,,,,
RPM,MOS_Radar_V6.8.0,1,2026-09-24T18:14:40.781594+00:00,QUALITY_PRICE_WAIT,质量通过，但价格超过20倍盈利或5%正常化Owner FCF收益率约束,UNCHANGED,NOT_ELIGIBLE,先满足质量与合理估值条件,UNCHANGED,97.99,2026-09-24T17:41:20+00:00,2026-05-31,2026-09-24T17:42:52.424830+00:00,WAIT_PRICE,91.26932345662016,18.98895116379625,0.0465707334710787,0.1989063675343111,,,,,,,,,,
NYT,MOS_Radar_V6.8.0,1,2026-09-24T18:14:40.781594+00:00,QUALITY_PRICE_WAIT,质量通过，但价格超过20倍盈利或5%正常化Owner FCF收益率约束,UNCHANGED,NOT_ELIGIBLE,先满足质量与合理估值条件,UNCHANGED,63.54,2026-09-24T17:42:46+00:00,2026-06-30,2026-09-24T17:42:57.174810+00:00,WAIT_PRICE,35.70589580655574,26.087848792972785,0.0280971795770819,0.1918525486242976,,,,,,,,,,
MEDP,MOS_Radar_V6.8.0,1,2026-09-24T18:14:40.781594+00:00,QUALITY_PRICE_WAIT,质量通过，但价格超过20倍盈利或5%正常化Owner FCF收益率约束,UNCHANGED,NOT_ELIGIBLE,先满足质量与合理估值条件,UNCHANGED,620.0,2026-09-24T17:39:58+00:00,2026-06-30,2026-09-24T17:43:12.906785+00:00,WAIT_PRICE,340.324319715187,35.20900528992879,0.0274455096544505,1.1328513049110198,,,,,,,,,,
PNR,MOS_Radar_V6.8.0,1,2026-09-24T18:14:40.781594+00:00,QUALITY_WATCH,通过质量门槛及合理估值初始规则；不等于厚安全边际或买入指令,UNCHANGED,TREND_WAIT,长均线或相对强度未同时通过；若此前持有，应复核趋势理由,UNCHANGED,53.27,2026-09-24T17:42:00+00:00,2026-06-30,2026-09-24T17:43:25.334178+00:00,WAIT_PRICE,66.69486158226128,13.05172255612386,0.0626007711491095,0.1737390979649534,2026-09-23T00:00:00+00:00,55.25,62.75683555603028,82.5989422416687,-0.3641207476750131,0.1106967610593303,-0.4748175087343435,^GSPC,7706.02978515625,377.0
GDDY,MOS_Radar_V6.8.0,1,2026-09-24T18:14:40.781594+00:00,QUALITY_WATCH,通过质量门槛及合理估值初始规则；不等于厚安全边际或买入指令,UNCHANGED,TREND_WAIT,长均线或相对强度未同时通过；若此前持有，应复核趋势理由,UNCHANGED,100.7,2026-09-24T17:43:34+00:00,2026-06-30,2026-09-24T17:43:38.725393+00:00,WAIT_PRICE,140.07360557928885,14.010132271011624,0.0695499531178196,135.86567164179104,2026-09-23T00:00:00+00:00,96.37999725341795,95.93239944458008,94.62619976043702,0.0709399861923445,0.1106967610593303,-0.0397567748669858,^GSPC,7706.02978515625,377.0
AIT,MOS_Radar_V6.8.0,1,2026-09-24T18:14:40.781594+00:00,QUALITY_PRICE_WAIT,质量通过，但价格超过20倍盈利或5%正常化Owner FCF收益率约束,UNCHANGED,NOT_ELIGIBLE,先满足质量与合理估值条件,UNCHANGED,331.06,2026-09-24T17:43:34+00:00,2026-06-30,2026-09-24T17:43:49.022851+00:00,WAIT_PRICE,211.79186300209287,29.33749035406221,0.0319869303150626,0.2226535370772322,,,,,,,,,,
ALLE,MOS_Radar_V6.8.0,1,2026-09-24T18:14:40.781594+00:00,QUALITY_PRICE_WAIT,质量通过，但价格超过20倍盈利或5%正常化Owner FCF收益率约束,UNCHANGED,NOT_ELIGIBLE,先满足质量与合理估值条件,UNCHANGED,152.55,2026-09-24T17:44:18+00:00,2025-12-31,2026-09-24T17:44:26.318440+00:00,WAIT_PRICE,121.80610627486026,20.1496768620871,0.0399233386676041,0.3038799207023506,,,,,,,,,,
WTS,MOS_Radar_V6.8.0,1,2026-09-24T18:14:40.781594+00:00,QUALITY_PRICE_WAIT,质量通过，但价格超过20倍盈利或5%正常化Owner FCF收益率约束,UNCHANGED,NOT_ELIGIBLE,先满足质量与合理估值条件,UNCHANGED,354.535,2026-09-24T17:43:41+00:00,2026-06-30,2026-09-24T17:45:39.567931+00:00,WAIT_PRICE,161.72877985180926,30.8375710109494,0.0228085774115121,0.1752991687220243,,,,,,,,,,
BSY,MOS_Radar_V6.8.0,1,2026-09-24T18:14:40.781594+00:00,QUALITY_PRICE_WAIT,质量通过，但价格超过20倍盈利或5%正常化Owner FCF收益率约束,UNCHANGED,NOT_ELIGIBLE,先满足质量与合理估值条件,UNCHANGED,31.83,2026-09-24T17:45:53+00:00,2026-06-30,2026-09-24T17:45:57.312023+00:00,WAIT_PRICE,19.195486636891022,33.16404590527777,0.0336368443457208,0.2412070460100396,,,,,,,,,,
JKHY,MOS_Radar_V6.8.0,1,2026-09-24T18:14:40.781594+00:00,QUALITY_PRICE_WAIT,质量通过，但价格超过20倍盈利或5%正常化Owner FCF收益率约束,UNCHANGED,NOT_ELIGIBLE,先满足质量与合理估值条件,UNCHANGED,147.655,2026-09-24T17:42:07+00:00,2026-06-30,2026-09-24T17:45:58.956280+00:00,WAIT_PRICE,93.32850739337631,20.590675846359343,0.0316035716343423,0.2450231462867741,,,,,,,,,,
DCI,MOS_Radar_V6.8.0,1,2026-09-24T18:14:40.781594+00:00,QUALITY_PRICE_WAIT,质量通过，但价格超过20倍盈利或5%正常化Owner FCF收益率约束,UNCHANGED,NOT_ELIGIBLE,先满足质量与合理估值条件,UNCHANGED,86.295,2026-09-24T17:43:53+00:00,2025-07-31,2026-09-24T17:46:15.481712+00:00,WAIT_PRICE,54.06300614642007,27.254889278693508,0.0313245298953705,0.2164808588450421,,,,,,,,,,
AYI,MOS_Radar_V6.8.0,1,2026-09-24T18:14:40.781594+00:00,QUALITY_PRICE_WAIT,质量通过，但价格超过20倍盈利或5%正常化Owner FCF收益率约束,UNCHANGED,NOT_ELIGIBLE,先满足质量与合理估值条件,UNCHANGED,311.53,2026-09-24T17:46:40+00:00,2026-05-31,2026-09-24T17:47:22.665135+00:00,WAIT_PRICE,281.9891693670164,19.745545035713707,0.0452587502595282,0.1656321234438015,,,,,,,,,,
CRUS,MOS_Radar_V6.8.0,1,2026-09-24T18:14:40.781594+00:00,QUALITY_WATCH,通过质量门槛及合理估值初始规则；不等于厚安全边际或买入指令,UNCHANGED,TREND_WAIT,长均线或相对强度未同时通过；若此前持有，应复核趋势理由,UNCHANGED,118.07,2026-09-24T17:47:55+00:00,2026-06-30,2026-09-24T17:48:02.106913+00:00,WAIT_PRICE,139.74034007963434,13.743387507432924,0.0591769035655265,0.1966816969838717,2026-09-23T00:00:00+00:00,120.4499969482422,122.78600006103515,139.96399993896483,-0.1886168402540898,0.1106967610593303,-0.2993136013134202,^GSPC,7706.02978515625,377.0
ZWS,MOS_Radar_V6.8.0,1,2026-09-24T18:14:40.781594+00:00,QUALITY_PRICE_WAIT,质量通过，但价格超过20倍盈利或5%正常化Owner FCF收益率约束,UNCHANGED,NOT_ELIGIBLE,先满足质量与合理估值条件,UNCHANGED,46.1999,2026-09-24T17:48:00+00:00,2026-06-30,2026-09-24T17:48:17.720851+00:00,WAIT_PRICE,23.11530908833739,27.754092564976503,0.0250166224259548,0.1664155264902658,,,,,,,,,,
WFRD,MOS_Radar_V6.8.0,1,2026-09-24T18:14:40.781594+00:00,QUALITY_WATCH,通过质量门槛及合理估值初始规则；不等于厚安全边际或买入指令,UNCHANGED,TREND_WAIT,长均线或相对强度未同时通过；若此前持有，应复核趋势理由,UNCHANGED,83.56,2026-09-24T17:48:09+00:00,2026-06-30,2026-09-24T17:48:39.139192+00:00,WAIT_PRICE,102.3602971305585,16.326642720354926,0.0686129168391957,0.2046979865771812,2026-09-23T00:00:00+00:00,84.66000366210938,88.32797622680664,92.6191247177124,-0.1284399335860589,0.1106967610593303,-0.2391366946453893,^GSPC,7706.02978515625,377.0
MANH,MOS_Radar_V6.8.0,1,2026-09-24T18:14:40.781594+00:00,QUALITY_PRICE_WAIT,质量通过，但价格超过20倍盈利或5%正常化Owner FCF收益率约束,UNCHANGED,NOT_ELIGIBLE,先满足质量与合理估值条件,UNCHANGED,209.545,2026-09-24T17:46:41+00:00,2026-06-30,2026-09-24T17:48:45.731192+00:00,WAIT_PRICE,63.414060679222665,58.114165002546734,0.0151313705121149,1.33475337604043,,,,,,,,,,
AOS,MOS_Radar_V6.8.0,1,2026-09-24T18:14:40.781594+00:00,QUALITY_WATCH,通过质量门槛及合理估值初始规则；不等于厚安全边际或买入指令,UNCHANGED,TREND_WAIT,长均线或相对强度未同时通过；若此前持有，应复核趋势理由,UNCHANGED,58.15,2026-09-24T17:48:40+00:00,2026-06-30,2026-09-24T17:48:52.093506+00:00,WAIT_PRICE,69.43270423700592,15.796689440995452,0.0597013793955339,0.2716216949888702,2026-09-23T00:00:00+00:00,57.7400016784668,60.381366119384765,64.18812534332275,-0.1797610241888505,0.1106967610593303,-0.2904577852481809,^GSPC,7706.02978515625,377.0
QGEN,MOS_Radar_V6.8.0,1,2026-09-24T18:14:40.781594+00:00,QUALITY_PRICE_WAIT,质量通过，但价格超过20倍盈利或5%正常化Owner FCF收益率约束,UNCHANGED,NOT_ELIGIBLE,先满足质量与合理估值条件,UNCHANGED,44.195,2026-09-24T17:50:05+00:00,2026-06-30,2026-09-24T17:50:13.703378+00:00,WAIT_PRICE,35.67592460287172,22.29584590385601,0.040361946603543,0.1219022318583332,,,,,,,,,,
IDCC,MOS_Radar_V6.8.0,1,2026-09-24T18:14:40.781594+00:00,QUALITY_PRICE_WAIT,质量通过，但价格超过20倍盈利或5%正常化Owner FCF收益率约束,UNCHANGED,NOT_ELIGIBLE,先满足质量与合理估值条件,UNCHANGED,323.73,2026-09-24T17:48:18+00:00,2026-06-30,2026-09-24T17:50:25.588715+00:00,WAIT_PRICE,184.47816581772688,27.646823627445222,0.0284925965801326,0.2513581701075306,,,,,,,,,,
AWI,MOS_Radar_V6.8.0,1,2026-09-24T18:14:40.781594+00:00,QUALITY_PRICE_WAIT,质量通过，但价格超过20倍盈利或5%正常化Owner FCF收益率约束,UNCHANGED,NOT_ELIGIBLE,先满足质量与合理估值条件,UNCHANGED,161.765,2026-09-24T17:48:38+00:00,2026-06-30,2026-09-24T17:50:46.238733+00:00,WAIT_PRICE,72.65250107944101,21.682987700903325,0.0224561867769421,0.3565532059255908,,,,,,,,,,
DOX,MOS_Radar_V6.8.0,1,2026-09-24T18:14:40.781594+00:00,QUALITY_WATCH,通过质量门槛及合理估值初始规则；不等于厚安全边际或买入指令,UNCHANGED,TREND_WAIT,长均线或相对强度未同时通过；若此前持有，应复核趋势理由,UNCHANGED,57.795,2026-09-24T17:50:32+00:00,2026-06-30,2026-09-24T17:51:01.331269+00:00,WAIT_PRICE,86.5875620019846,13.349492389836623,0.0875641022838303,0.1375475655968603,2026-09-23T00:00:00+00:00,58.36000061035156,58.17219985961914,64.64711595535279,-0.1073538464610029,0.1106967610593303,-0.2180506075203333,^GSPC,7706.02978515625,377.0
PAYC,MOS_Radar_V6.8.0,1,2026-09-24T18:14:40.781594+00:00,QUALITY_PRICE_WAIT,质量通过，但价格超过20倍盈利或5%正常化Owner FCF收益率约束,UNCHANGED,NOT_ELIGIBLE,先满足质量与合理估值条件,UNCHANGED,222.81,2026-09-24T17:49:13+00:00,2026-06-30,2026-09-24T17:51:11.962679+00:00,WAIT_PRICE,98.76503546004471,20.59558515043452,0.0221635104932554,0.8531933508311461,,,,,,,,,,
LNTH,MOS_Radar_V6.8.0,1,2026-09-24T18:14:40.781594+00:00,QUALITY_PRICE_WAIT,质量通过，但价格超过20倍盈利或5%正常化Owner FCF收益率约束,UNCHANGED,NOT_ELIGIBLE,先满足质量与合理估值条件,UNCHANGED,99.83,2026-09-24T17:50:15+00:00,2026-06-30,2026-09-24T17:51:55.822218+00:00,WAIT_PRICE,83.7810164208496,23.678780410154708,0.0419618433441097,0.2098716398658919,,,,,,,,,,
PCTY,MOS_Radar_V6.8.0,1,2026-09-24T18:14:40.781594+00:00,QUALITY_PRICE_WAIT,质量通过，但价格超过20倍盈利或5%正常化Owner FCF收益率约束,UNCHANGED,NOT_ELIGIBLE,先满足质量与合理估值条件,UNCHANGED,143.555,2026-09-24T17:52:56+00:00,2026-06-30,2026-09-24T17:53:05.905489+00:00,WAIT_PRICE,64.79292676058225,29.46554555847018,0.0225672831878312,0.2208426769891036,,,,,,,,,,
BCPC,MOS_Radar_V6.8.0,1,2026-09-24T18:14:40.781594+00:00,QUALITY_PRICE_WAIT,质量通过，但价格超过20倍盈利或5%正常化Owner FCF收益率约束,UNCHANGED,NOT_ELIGIBLE,先满足质量与合理估值条件,UNCHANGED,167.07,2026-09-24T17:52:32+00:00,2025-12-31,2026-09-24T17:54:56.656648+00:00,WAIT_PRICE,76.83302839361505,34.39478964094158,0.022994262403069,0.1204910685105469,,,,,,,,,,
G,MOS_Radar_V6.8.0,1,2026-09-24T18:14:40.781594+00:00,QUALITY_WATCH,通过质量门槛及合理估值初始规则；不等于厚安全边际或买入指令,UNCHANGED,TREND_WAIT,长均线或相对强度未同时通过；若此前持有，应复核趋势理由,UNCHANGED,33.28,2026-09-24T17:54:52+00:00,2026-06-30,2026-09-24T17:55:22.486339+00:00,WAIT_PRICE,52.1882421476955,9.59777991713757,0.0784078157267059,0.2236849934946946,2026-09-23T00:00:00+00:00,33.849998474121094,34.52888526916504,36.68509208679199,-0.0357182724509215,0.1106967610593303,-0.1464150335102518,^GSPC,7706.02978515625,377.0
LAUR,MOS_Radar_V6.8.0,1,2026-09-24T18:14:40.781594+00:00,QUALITY_PRICE_WAIT,质量通过，但价格超过20倍盈利或5%正常化Owner FCF收益率约束,UNCHANGED,NOT_ELIGIBLE,先满足质量与合理估值条件,UNCHANGED,37.92,2026-09-24T17:55:49+00:00,2026-06-30,2026-09-24T17:56:52.729814+00:00,WAIT_PRICE,25.653042385332192,16.244512486233607,0.0338252141156806,0.2817216321967579,,,,,,,,,,
EXLS,MOS_Radar_V6.8.0,1,2026-09-24T18:14:40.781594+00:00,QUALITY_PRICE_WAIT,质量通过，但价格超过20倍盈利或5%正常化Owner FCF收益率约束,UNCHANGED,NOT_ELIGIBLE,先满足质量与合理估值条件,UNCHANGED,34.785,2026-09-24T17:57:48+00:00,2026-06-30,2026-09-24T17:58:12.906882+00:00,WAIT_PRICE,17.813570976408446,21.095447400112675,0.0256052479177927,0.2886017994971382,,,,,,,,,,
LOPE,MOS_Radar_V6.8.0,1,2026-09-24T18:14:40.781594+00:00,QUALITY_WATCH,通过质量门槛及合理估值初始规则；不等于厚安全边际或买入指令,UNCHANGED,TREND_WAIT,长均线或相对强度未同时通过；若此前持有，应复核趋势理由,UNCHANGED,151.59,2026-09-24T17:57:16+00:00,2026-06-30,2026-09-24T17:58:17.605965+00:00,WAIT_PRICE,157.41278629757946,17.623073706220993,0.0519205707162673,0.3348812338594403,2026-09-23T00:00:00+00:00,150.63999938964844,147.87540069580078,158.81874977111818,-0.0626748039111847,0.1106967610593303,-0.1733715649705151,^GSPC,7706.02978515625,377.0
CVSA,MOS_Radar_V6.8.0,1,2026-09-24T18:14:40.781594+00:00,QUALITY_WATCH,通过质量门槛及合理估值初始规则；不等于厚安全边际或买入指令,UNCHANGED,TREND_WATCH,完整交易日趋势通过，需复核当前报价,UNCHANGED,124.87,2026-09-24T17:55:34+00:00,2026-06-30,2026-09-24T17:58:19.106734+00:00,WAIT_PRICE,142.4884850097211,16.895874430131304,0.0570547309240494,0.1739514654072611,2026-09-23T00:00:00+00:00,123.19000244140624,127.23340026855467,116.38909999847412,0.3695158002835443,0.1106967610593303,0.258819039224214,^GSPC,7706.02978515625,377.0
CAAP,MOS_Radar_V6.8.0,1,2026-09-24T18:14:40.781594+00:00,QUALITY_WATCH,通过质量门槛及合理估值初始规则；不等于厚安全边际或买入指令,UNCHANGED,TREND_WAIT,长均线或相对强度未同时通过；若此前持有，应复核趋势理由,UNCHANGED,23.68,2026-09-24T17:56:30+00:00,2025-12-31,2026-09-24T17:59:17.248842+00:00,WAIT_PRICE,30.326477133420365,15.61671663729394,0.0951591973018996,0.1372534027456886,2026-09-23T00:00:00+00:00,23.729999542236328,23.97489391326904,24.952750701904296,-0.197948710095333,0.1106967610593303,-0.3086454711546633,^GSPC,7706.02978515625,377.0
LRN,MOS_Radar_V6.8.0,1,2026-09-24T18:14:40.781594+00:00,QUALITY_WATCH,通过质量门槛及合理估值初始规则；不等于厚安全边际或买入指令,UNCHANGED,TREND_WAIT,长均线或相对强度未同时通过；若此前持有，应复核趋势理由,UNCHANGED,79.08,2026-09-24T17:57:33+00:00,2026-06-30,2026-09-24T17:59:54.657019+00:00,WAIT_PRICE,114.62422176255944,9.718008169023362,0.0724735848271114,0.2071837233792942,2026-09-23T00:00:00+00:00,78.52999877929688,84.01059967041016,83.98799991607666,0.0215548406373067,0.1106967610593303,-0.0891419204220236,^GSPC,7706.02978515625,377.0
KTB,MOS_Radar_V6.8.0,1,2026-09-24T18:14:40.781594+00:00,QUALITY_WATCH,通过质量门槛及合理估值初始规则；不等于厚安全边际或买入指令,UNCHANGED,TREND_WAIT,长均线或相对强度未同时通过；若此前持有，应复核趋势理由,UNCHANGED,64.26,2026-09-24T17:59:45+00:00,2026-06-30,2026-09-24T18:01:27.795376+00:00,WAIT_PRICE,95.76986530805496,13.107470041847597,0.0745174800093798,0.4331817946661838,2026-09-23T00:00:00+00:00,65.69000244140625,77.72316467285157,70.85948770523072,0.1940868754926037,0.1106967610593303,0.0833901144332733,^GSPC,7706.02978515625,377.0
BRC,MOS_Radar_V6.8.0,1,2026-09-24T18:14:40.781594+00:00,QUALITY_PRICE_WAIT,质量通过，但价格超过20倍盈利或5%正常化Owner FCF收益率约束,UNCHANGED,NOT_ELIGIBLE,先满足质量与合理估值条件,UNCHANGED,82.54,2026-09-24T17:44:46+00:00,2026-07-31,2026-09-24T18:01:40.877852+00:00,WAIT_PRICE,68.14001825034266,18.91625945063825,0.0412769676825434,0.1507422865401359,,,,,,,,,,
BMI,MOS_Radar_V6.8.0,1,2026-09-24T18:14:40.781594+00:00,QUALITY_PRICE_WAIT,质量通过，但价格超过20倍盈利或5%正常化Owner FCF收益率约束,UNCHANGED,NOT_ELIGIBLE,先满足质量与合理估值条件,UNCHANGED,131.16,2026-09-24T18:01:20+00:00,2026-06-30,2026-09-24T18:01:48.847988+00:00,WAIT_PRICE,79.8386225098379,30.24425814531413,0.0304355834514478,0.1840835871602624,,,,,,,,,,
FIZZ,MOS_Radar_V6.8.0,1,2026-09-24T18:14:40.781594+00:00,QUALITY_WATCH,通过质量门槛及合理估值初始规则；不等于厚安全边际或买入指令,UNCHANGED,TREND_WAIT,长均线或相对强度未同时通过；若此前持有，应复核趋势理由,UNCHANGED,29.6,2026-09-24T18:02:04+00:00,2026-07-31,2026-09-24T18:02:41.727564+00:00,WAIT_PRICE,33.713344847469315,15.844137953201995,0.0569482176477522,0.4756338675507134,2026-09-23T00:00:00+00:00,30.64999961853028,31.658600120544435,31.274891204833985,-0.0323868044012392,0.1106967610593303,-0.1430835654605695,^GSPC,7706.02978515625,377.0
QLYS,MOS_Radar_V6.8.0,1,2026-09-24T18:14:40.781594+00:00,QUALITY_PRICE_WAIT,质量通过，但价格超过20倍盈利或5%正常化Owner FCF收益率约束,UNCHANGED,NOT_ELIGIBLE,先满足质量与合理估值条件,UNCHANGED,183.995,2026-09-24T18:00:23+00:00,2026-06-30,2026-09-24T18:02:54.914318+00:00,WAIT_PRICE,96.87469264527763,30.81816484659005,0.0263253601036108,0.3673702427684389,,,,,,,,,,
PRDO,MOS_Radar_V6.8.0,1,2026-09-24T18:14:40.781594+00:00,QUALITY_WATCH,通过质量门槛及合理估值初始规则；不等于厚安全边际或买入指令,UNCHANGED,TREND_WAIT,长均线或相对强度未同时通过；若此前持有，应复核趋势理由,UNCHANGED,31.6,2026-09-24T18:10:00+00:00,2026-06-30,2026-09-24T18:10:06.761762+00:00,WAIT_PRICE,46.02853178739644,11.164379866030105,0.0728299553598045,0.1713939011562701,2026-09-23T00:00:00+00:00,31.440000534057617,32.41762969970703,32.72597681045532,0.0147245810268488,0.1106967610593303,-0.0959721800324815,^GSPC,7706.02978515625,377.0
MCRI,MOS_Radar_V6.8.0,1,2026-09-24T18:14:40.781594+00:00,QUALITY_PRICE_WAIT,质量通过，但价格超过20倍盈利或5%正常化Owner FCF收益率约束,UNCHANGED,NOT_ELIGIBLE,先满足质量与合理估值条件,UNCHANGED,116.815,2026-09-24T17:52:39+00:00,2026-06-30,2026-09-24T18:10:22.629529+00:00,WAIT_PRICE,116.3689503508421,18.26335180678811,0.0498090786075598,0.1987537471674101,,,,,,,,,,
MD,MOS_Radar_V6.8.0,1,2026-09-24T18:14:40.781594+00:00,QUALITY_WATCH,通过质量门槛及合理估值初始规则；不等于厚安全边际或买入指令,UNCHANGED,TREND_WATCH,完整交易日趋势通过，需复核当前报价,UNCHANGED,25.625,2026-09-24T18:07:10+00:00,2026-06-30,2026-09-24T18:12:02.260104+00:00,WAIT_PRICE,38.15544853572726,11.911004595809068,0.0744496556794678,0.198422887317149,2026-09-23T00:00:00+00:00,25.86000061035156,26.33159992218017,23.1330999660492,0.4117959684203058,0.1106967610593303,0.3010992073609755,^GSPC,7706.02978515625,377.0
EPAC,MOS_Radar_V6.8.0,1,2026-09-24T18:14:40.781594+00:00,QUALITY_PRICE_WAIT,质量通过，但价格超过20倍盈利或5%正常化Owner FCF收益率约束,UNCHANGED,NOT_ELIGIBLE,先满足质量与合理估值条件,UNCHANGED,35.88,2026-09-24T18:12:42+00:00,2026-05-31,2026-09-24T18:13:07.841717+00:00,WAIT_PRICE,22.217877729007025,19.66200296942604,0.0309613680727522,0.2200750893808899,,,,,,,,,,
CTS,MOS_Radar_V6.8.0,1,2026-09-24T18:14:40.781594+00:00,QUALITY_PRICE_WAIT,质量通过，但价格超过20倍盈利或5%正常化Owner FCF收益率约束,UNCHANGED,NOT_ELIGIBLE,先满足质量与合理估值条件,UNCHANGED,59.34,2026-09-24T18:04:50+00:00,2026-06-30,2026-09-24T18:13:54.460914+00:00,WAIT_PRICE,48.87485872719124,24.28242312933236,0.0441274203449642,0.1218264186517462,,,,,,,,,,
TILE,MOS_Radar_V6.8.0,1,2026-09-24T18:14:40.781594+00:00,QUALITY_PRICE_WAIT,质量通过，但价格超过20倍盈利或5%正常化Owner FCF收益率约束,UNCHANGED,NOT_ELIGIBLE,先满足质量与合理估值条件,UNCHANGED,34.59,2026-09-24T18:12:12+00:00,2026-06-30,2026-09-24T18:14:20.920975+00:00,WAIT_PRICE,28.617678694999206,13.73601313761757,0.041366982791268,0.2145644306531144,,,,,,,,,,
AAPL,MOS_Radar_V6.8.0,1,2026-09-25T18:13:06.358150+00:00,QUALITY_PRICE_WAIT,质量通过，但价格超过20倍盈利或5%正常化Owner FCF收益率约束,UNCHANGED,NOT_ELIGIBLE,先满足质量与合理估值条件,UNCHANGED,339.775,2026-09-25T17:23:59+00:00,2026-06-30,2026-09-25T17:24:01.635011+00:00,WAIT_PRICE,124.14720794270328,38.46069510916152,0.0182690321451995,1.199125744047619,,,,,,,,,,
JNJ,MOS_Radar_V6.8.0,1,2026-09-25T18:13:06.358150+00:00,QUALITY_PRICE_WAIT,质量通过，但价格超过20倍盈利或5%正常化Owner FCF收益率约束,UNCHANGED,NOT_ELIGIBLE,先满足质量与合理估值条件,UNCHANGED,269.869,2026-09-25T17:24:28+00:00,2026-06-30,2026-09-25T17:24:30.512905+00:00,WAIT_PRICE,140.05776648949222,30.91490686145552,0.0259492135979849,0.247578585635099,,,,,,,,,,
NFLX,MOS_Radar_V6.8.0,1,2026-09-25T18:13:06.358150+00:00,QUALITY_PRICE_WAIT,质量通过，但价格超过20倍盈利或5%正常化Owner FCF收益率约束,UNCHANGED,NOT_ELIGIBLE,先满足质量与合理估值条件,UNCHANGED,71.22,2026-09-25T17:24:35+00:00,2026-06-30,2026-09-25T17:24:42.107512+00:00,WAIT_PRICE,28.06392553442273,21.72626863090286,0.0197022785273959,0.4526936342508297,,,,,,,,,,
NVS,MOS_Radar_V6.8.0,1,2026-09-25T18:13:06.358150+00:00,QUALITY_PRICE_WAIT,质量通过，但价格超过20倍盈利或5%正常化Owner FCF收益率约束,UNCHANGED,NOT_ELIGIBLE,先满足质量与合理估值条件,UNCHANGED,144.825,2026-09-25T17:24:56+00:00,2026-06-30,2026-09-25T17:24:59.688174+00:00,WAIT_PRICE,128.7804987927111,21.57803722681497,0.0444607280485796,0.3070868037167204,,,,,,,,,,
KLAC,MOS_Radar_V6.8.0,1,2026-09-25T18:13:06.358150+00:00,QUALITY_PRICE_WAIT,质量通过，但价格超过20倍盈利或5%正常化Owner FCF收益率约束,UNCHANGED,NOT_ELIGIBLE,先满足质量与合理估值条件,UNCHANGED,187.24,2026-09-25T17:25:06+00:00,2026-06-30,2026-09-25T17:25:09.914719+00:00,WAIT_PRICE,49.478227504243975,50.58186834579713,0.0132125153557583,0.7607729037988479,,,,,,,,,,
QCOM,MOS_Radar_V6.8.0,1,2026-09-25T18:13:06.358150+00:00,QUALITY_PRICE_WAIT,质量通过，但价格超过20倍盈利或5%正常化Owner FCF收益率约束,UNCHANGED,NOT_ELIGIBLE,先满足质量与合理估值条件,UNCHANGED,204.81,2026-09-25T17:25:16+00:00,2026-06-30,2026-09-25T17:25:18.680647+00:00,WAIT_PRICE,134.3369626128032,23.625603816276104,0.0327955086696946,0.3347675175356135,,,,,,,,,,
ADI,MOS_Radar_V6.8.0,1,2026-09-25T18:13:06.358150+00:00,QUALITY_PRICE_WAIT,质量通过，但价格超过20倍盈利或5%正常化Owner FCF收益率约束,UNCHANGED,NOT_ELIGIBLE,先满足质量与合理估值条件,UNCHANGED,394.44,2026-09-25T17:25:14+00:00,2026-07-31,2026-09-25T17:25:25.905965+00:00,WAIT_PRICE,138.58181078661798,46.22293066648089,0.0175669063465442,0.1232457063666584,,,,,,,,,,
TJX,MOS_Radar_V6.8.0,1,2026-09-25T18:13:06.358150+00:00,QUALITY_PRICE_WAIT,质量通过，但价格超过20倍盈利或5%正常化Owner FCF收益率约束,UNCHANGED,NOT_ELIGIBLE,先满足质量与合理估值条件,UNCHANGED,130.82,2026-09-25T17:25:54+00:00,2026-07-31,2026-09-25T17:25:56.802984+00:00,WAIT_PRICE,69.6928449671157,23.82024785179117,0.0266369228585521,0.5696178762557507,,,,,,,,,,
LMT,MOS_Radar_V6.8.0,1,2026-09-25T18:13:06.358150+00:00,QUALITY_PRICE_WAIT,质量通过，但价格超过20倍盈利或5%正常化Owner FCF收益率约束,UNCHANGED,NOT_ELIGIBLE,先满足质量与合理估值条件,UNCHANGED,518.0,2026-09-25T17:25:31+00:00,2026-06-30,2026-09-25T17:26:53.520319+00:00,WAIT_PRICE,507.7615335249877,19.0153666381422,0.0490117310352304,0.7170392335766423,,,,,,,,,,
SYK,MOS_Radar_V6.8.0,1,2026-09-25T18:13:06.358150+00:00,QUALITY_PRICE_WAIT,质量通过，但价格超过20倍盈利或5%正常化Owner FCF收益率约束,UNCHANGED,NOT_ELIGIBLE,先满足质量与合理估值条件,UNCHANGED,274.625,2026-09-25T17:26:48+00:00,2026-06-30,2026-09-25T17:26:54.959095+00:00,WAIT_PRICE,157.68834810149824,28.24852447244569,0.0287097584162946,0.1554527263631815,,,,,,,,,,
BMY,MOS_Radar_V6.8.0,1,2026-09-25T18:13:06.358150+00:00,QUALITY_WATCH,通过质量门槛及合理估值初始规则；不等于厚安全边际或买入指令,UNCHANGED,TREND_WATCH,完整交易日趋势通过，需复核当前报价,UNCHANGED,62.075,2026-09-25T17:26:52+00:00,2026-06-30,2026-09-25T17:27:01.608215+00:00,WAIT_PRICE,90.8790648625824,13.66101204801418,0.0858585964093812,0.4158788476186209,2026-09-24T00:00:00+00:00,61.5,64.30659996032715,58.34916563034058,0.1265410373532642,0.1142528277682237,0.0122882095850405,^GSPC,7704.1298828125,379.0
ACN,MOS_Radar_V6.8.0,1,2026-09-25T18:13:06.358150+00:00,QUALITY_WATCH,通过质量门槛及合理估值初始规则；不等于厚安全边际或买入指令,UNCHANGED,TREND_WAIT,长均线或相对强度未同时通过；若此前持有，应复核趋势理由,UNCHANGED,177.37,2026-09-25T17:27:05+00:00,2026-05-31,2026-09-25T17:27:08.450690+00:00,WAIT_PRICE,242.50494761306015,13.93371302261374,0.0683613202945989,0.2442650908108686,2026-09-24T00:00:00+00:00,177.41000366210938,174.69919921875,195.80652286529545,-0.0302344342404082,0.1142528277682237,-0.144487262008632,^GSPC,7704.1298828125,379.0
PH,MOS_Radar_V6.8.0,1,2026-09-25T18:13:06.358150+00:00,QUALITY_PRICE_WAIT,质量通过，但价格超过20倍盈利或5%正常化Owner FCF收益率约束,UNCHANGED,NOT_ELIGIBLE,先满足质量与合理估值条件,UNCHANGED,977.45,2026-09-25T17:25:59+00:00,2026-06-30,2026-09-25T17:27:14.181588+00:00,WAIT_PRICE,483.4179032938941,33.790729600111895,0.0247285233666118,0.2368216047779797,,,,,,,,,,
INTU,MOS_Radar_V6.8.0,1,2026-09-25T18:13:06.358150+00:00,QUALITY_WATCH,通过质量门槛及合理估值初始规则；不等于厚安全边际或买入指令,UNCHANGED,TREND_WAIT,长均线或相对强度未同时通过；若此前持有，应复核趋势理由,UNCHANGED,275.87,2026-09-25T17:27:05+00:00,2026-07-31,2026-09-25T17:27:15.871286+00:00,WAIT_PRICE,307.66813399118473,16.145947002877072,0.055763246092577,0.2404170176916596,2026-09-24T00:00:00+00:00,277.1300048828125,325.02980041503906,403.1481400299072,0.0040226913047722,0.1142528277682237,-0.1102301364634514,^GSPC,7704.1298828125,379.0
TT,MOS_Radar_V6.8.0,1,2026-09-25T18:13:06.358150+00:00,QUALITY_PRICE_WAIT,质量通过，但价格超过20倍盈利或5%正常化Owner FCF收益率约束,UNCHANGED,NOT_ELIGIBLE,先满足质量与合理估值条件,UNCHANGED,453.38,2026-09-25T17:27:14+00:00,2026-06-30,2026-09-25T17:27:23.167223+00:00,WAIT_PRICE,195.3771421864033,33.82641880725396,0.0215467314599677,0.3419963121455658,,,,,,,,,,
ADBE,MOS_Radar_V6.8.0,1,2026-09-25T18:13:06.358150+00:00,QUALITY_WATCH,通过质量门槛及合理估值初始规则；不等于厚安全边际或买入指令,UNCHANGED,TREND_WAIT,长均线或相对强度未同时通过；若此前持有，应复核趋势理由,UNCHANGED,235.84,2026-09-25T17:27:14+00:00,2026-08-31,2026-09-25T17:27:25.967918+00:00,WAIT_PRICE,316.1006338392093,12.870181019262978,0.0670159077847713,0.6191771506290378,2026-09-24T00:00:00+00:00,238.92999267578125,257.4147988891602,263.2021999359131,0.0734804851406349,0.1142528277682237,-0.0407723426275887,^GSPC,7704.1298828125,379.0
CDNS,MOS_Radar_V6.8.0,1,2026-09-25T18:13:06.358150+00:00,QUALITY_PRICE_WAIT,质量通过，但价格超过20倍盈利或5%正常化Owner FCF收益率约束,UNCHANGED,NOT_ELIGIBLE,先满足质量与合理估值条件,UNCHANGED,326.65,2026-09-25T17:27:30+00:00,2026-06-30,2026-09-25T17:27:37.831407+00:00,WAIT_PRICE,65.84820724869431,65.28121440959433,0.010079321483039,0.200933425858378,,,,,,,,,,
FTNT,MOS_Radar_V6.8.0,1,2026-09-25T18:13:06.358150+00:00,QUALITY_PRICE_WAIT,质量通过，但价格超过20倍盈利或5%正常化Owner FCF收益率约束,UNCHANGED,NOT_ELIGIBLE,先满足质量与合理估值条件,UNCHANGED,174.94,2026-09-25T17:27:45+00:00,2026-06-30,2026-09-25T17:27:53.915713+00:00,WAIT_PRICE,42.81029722319368,60.525236123503134,0.0122357085924298,1.367223260911611,,,,,,,,,,
ADP,MOS_Radar_V6.8.0,1,2026-09-25T18:13:06.358150+00:00,QUALITY_PRICE_WAIT,质量通过，但价格超过20倍盈利或5%正常化Owner FCF收益率约束,UNCHANGED,NOT_ELIGIBLE,先满足质量与合理估值条件,UNCHANGED,264.56,2026-09-25T17:27:52+00:00,2026-06-30,2026-09-25T17:28:07.685673+00:00,WAIT_PRICE,194.15866007031937,23.8138008634704,0.0366946363906711,0.7317615068311447,,,,,,,,,,
MNST,MOS_Radar_V6.8.0,1,2026-09-25T18:13:06.358150+00:00,QUALITY_PRICE_WAIT,质量通过，但价格超过20倍盈利或5%正常化Owner FCF收益率约束,UNCHANGED,NOT_ELIGIBLE,先满足质量与合理估值条件,UNCHANGED,43.03,2026-09-25T17:28:08+00:00,2026-06-30,2026-09-25T17:28:13.218971+00:00,WAIT_PRICE,13.70996226618348,39.61986351901347,0.0159307021452283,0.2272144780283267,,,,,,,,,,
ITW,MOS_Radar_V6.8.0,1,2026-09-25T18:13:06.358150+00:00,QUALITY_PRICE_WAIT,质量通过，但价格超过20倍盈利或5%正常化Owner FCF收益率约束,UNCHANGED,NOT_ELIGIBLE,先满足质量与合理估值条件,UNCHANGED,274.5,2026-09-25T17:29:04+00:00,2026-06-30,2026-09-25T17:29:12.129197+00:00,WAIT_PRICE,180.9866573033708,24.47639323731997,0.0329666042446941,1.103662750518314,,,,,,,,,,
CL,MOS_Radar_V6.8.0,1,2026-09-25T18:13:06.358150+00:00,QUALITY_PRICE_WAIT,质量通过，但价格超过20倍盈利或5%正常化Owner FCF收益率约束,UNCHANGED,NOT_ELIGIBLE,先满足质量与合理估值条件,UNCHANGED,85.775,2026-09-25T17:29:05+00:00,2026-06-30,2026-09-25T17:29:17.433944+00:00,WAIT_PRICE,51.105604447618624,33.56774699256957,0.0422032097352334,8.63135593220339,,,,,,,,,,
ROST,MOS_Radar_V6.8.0,1,2026-09-25T18:13:06.358150+00:00,QUALITY_PRICE_WAIT,质量通过，但价格超过20倍盈利或5%正常化Owner FCF收益率约束,UNCHANGED,NOT_ELIGIBLE,先满足质量与合理估值条件,UNCHANGED,236.14,2026-09-25T17:29:06+00:00,2026-07-31,2026-09-25T17:29:29.999583+00:00,WAIT_PRICE,94.41753463586475,28.36926285703697,0.0199918553899942,0.3943334484125007,,,,,,,,,,
CTAS,MOS_Radar_V6.8.0,1,2026-09-25T18:13:06.358150+00:00,QUALITY_PRICE_WAIT,质量通过，但价格超过20倍盈利或5%正常化Owner FCF收益率约束,UNCHANGED,NOT_ELIGIBLE,先满足质量与合理估值条件,UNCHANGED,199.72,2026-09-25T17:29:37+00:00,2026-05-31,2026-09-25T17:29:40.430035+00:00,WAIT_PRICE,76.03348496893896,40.02563102370223,0.0190350202706136,0.3878511336922388,,,,,,,,,,
TEL,MOS_Radar_V6.8.0,1,2026-09-25T18:13:06.358150+00:00,QUALITY_PRICE_WAIT,质量通过，但价格超过20倍盈利或5%正常化Owner FCF收益率约束,UNCHANGED,NOT_ELIGIBLE,先满足质量与合理估值条件,UNCHANGED,218.28,2026-09-25T17:29:20+00:00,2026-06-30,2026-09-25T17:30:00.960191+00:00,WAIT_PRICE,165.24070230454103,20.984167616123518,0.0378506281621177,0.2276913785293673,,,,,,,,,,
AME,MOS_Radar_V6.8.0,1,2026-09-25T18:13:06.358150+00:00,QUALITY_PRICE_WAIT,质量通过，但价格超过20倍盈利或5%正常化Owner FCF收益率约束,UNCHANGED,NOT_ELIGIBLE,先满足质量与合理估值条件,UNCHANGED,251.17,2026-09-25T17:30:03+00:00,2026-06-30,2026-09-25T17:30:44.454489+00:00,WAIT_PRICE,126.35147007741077,36.53152457110148,0.0251525799413566,0.1399789694534908,,,,,,,,,,
ADSK,MOS_Radar_V6.8.0,1,2026-09-25T18:13:06.358150+00:00,QUALITY_PRICE_WAIT,质量通过，但价格超过20倍盈利或5%正常化Owner FCF收益率约束,UNCHANGED,NOT_ELIGIBLE,先满足质量与合理估值条件,UNCHANGED,211.885,2026-09-25T17:30:58+00:00,2026-07-31,2026-09-25T17:31:04.789195+00:00,WAIT_PRICE,94.38596735925717,26.969527315425523,0.0222729233686332,0.485368016553355,,,,,,,,,,
ROK,MOS_Radar_V6.8.0,1,2026-09-25T18:13:06.358150+00:00,QUALITY_PRICE_WAIT,质量通过，但价格超过20倍盈利或5%正常化Owner FCF收益率约束,UNCHANGED,NOT_ELIGIBLE,先满足质量与合理估值条件,UNCHANGED,434.915,2026-09-25T17:30:38+00:00,2026-06-30,2026-09-25T17:31:06.339964+00:00,WAIT_PRICE,159.8803361795268,40.2137684191859,0.0183806417552311,0.3437321121923297,,,,,,,,,,
GRMN,MOS_Radar_V6.8.0,1,2026-09-25T18:13:06.358150+00:00,QUALITY_PRICE_WAIT,质量通过，但价格超过20倍盈利或5%正常化Owner FCF收益率约束,UNCHANGED,NOT_ELIGIBLE,先满足质量与合理估值条件,UNCHANGED,293.15,2026-09-25T17:30:09+00:00,2026-06-30,2026-09-25T17:31:36.489676+00:00,WAIT_PRICE,99.74302541967027,30.115005828240825,0.0170122847381324,0.2079179640122347,,,,,,,,,,
IDXX,MOS_Radar_V6.8.0,1,2026-09-25T18:13:06.358150+00:00,QUALITY_PRICE_WAIT,质量通过，但价格超过20倍盈利或5%正常化Owner FCF收益率约束,UNCHANGED,NOT_ELIGIBLE,先满足质量与合理估值条件,UNCHANGED,517.11,2026-09-25T17:29:43+00:00,2026-06-30,2026-09-25T17:31:51.637195+00:00,WAIT_PRICE,175.73158511965448,35.746314449921506,0.0169917024539899,0.7067305396648218,,,,,,,,,,
EME,MOS_Radar_V6.8.0,1,2026-09-25T18:13:06.358150+00:00,QUALITY_PRICE_WAIT,质量通过，但价格超过20倍盈利或5%正常化Owner FCF收益率约束,UNCHANGED,NOT_ELIGIBLE,先满足质量与合理估值条件,UNCHANGED,759.2,2026-09-25T17:31:27+00:00,2026-06-30,2026-09-25T17:32:02.316958+00:00,WAIT_PRICE,422.3218433538248,23.269326493443348,0.0278136092830495,0.3528293241302143,,,,,,,,,,
KVUE,MOS_Radar_V6.8.0,1,2026-09-25T18:13:06.358150+00:00,QUALITY_PRICE_WAIT,质量通过，但价格超过20倍盈利或5%正常化Owner FCF收益率约束,UNCHANGED,NOT_ELIGIBLE,先满足质量与合理估值条件,UNCHANGED,17.76,2026-09-25T17:33:07+00:00,2026-06-30,2026-09-25T17:33:18.644750+00:00,WAIT_PRICE,17.263878402299284,20.57475103350432,0.0505966398963267,0.1571117217852743,,,,,,,,,,
A,MOS_Radar_V6.8.0,1,2026-09-25T18:13:06.358150+00:00,QUALITY_PRICE_WAIT,质量通过，但价格超过20倍盈利或5%正常化Owner FCF收益率约束,UNCHANGED,NOT_ELIGIBLE,先满足质量与合理估值条件,UNCHANGED,171.24,2026-09-25T17:33:15+00:00,2026-07-31,2026-09-25T17:33:34.713423+00:00,WAIT_PRICE,80.28621034261948,33.52604063030656,0.0234425982079594,0.1955724568789895,,,,,,,,,,
RMD,MOS_Radar_V6.8.0,1,2026-09-25T18:13:06.358150+00:00,QUALITY_PRICE_WAIT,质量通过，但价格超过20倍盈利或5%正常化Owner FCF收益率约束,UNCHANGED,NOT_ELIGIBLE,先满足质量与合理估值条件,UNCHANGED,222.63,2026-09-25T17:34:05+00:00,2026-06-30,2026-09-25T17:34:08.229692+00:00,WAIT_PRICE,165.6115603173652,21.082543928933543,0.0371943494401844,0.2313139094356252,,,,,,,,,,
DOV,MOS_Radar_V6.8.0,1,2026-09-25T18:13:06.358150+00:00,QUALITY_PRICE_WAIT,质量通过，但价格超过20倍盈利或5%正常化Owner FCF收益率约束,UNCHANGED,NOT_ELIGIBLE,先满足质量与合理估值条件,UNCHANGED,191.81,2026-09-25T17:33:58+00:00,2026-06-30,2026-09-25T17:34:24.429652+00:00,WAIT_PRICE,122.38467235852325,22.76537883096793,0.0319025786868576,0.1472935372307698,,,,,,,,,,
EXPE,MOS_Radar_V6.8.0,1,2026-09-25T18:13:06.358150+00:00,QUALITY_WATCH,通过质量门槛及合理估值初始规则；不等于厚安全边际或买入指令,UNCHANGED,TREND_WATCH,完整交易日趋势通过，需复核当前报价,ENTERED,266.73,2026-09-25T17:34:13+00:00,2026-06-30,2026-09-25T17:34:57.157992+00:00,WAIT_PRICE,334.0496405668032,15.723718033797605,0.0626194354903466,1.684036393713813,2026-09-24T00:00:00+00:00,261.75,297.813447265625,259.5358423614502,0.7132159421216011,0.1142528277682237,0.5989631143533773,^GSPC,7704.1298828125,379.0
TPR,MOS_Radar_V6.8.0,1,2026-09-25T18:13:06.358150+00:00,QUALITY_PRICE_WAIT,质量通过，但价格超过20倍盈利或5%正常化Owner FCF收益率约束,EXIT_REVIEW,NOT_ELIGIBLE,先满足质量与合理估值条件,CHANGED,113.43,2026-09-25T17:34:18+00:00,2026-06-30,2026-09-25T17:34:58.760718+00:00,WAIT_PRICE,112.53227900329958,14.804606988538003,0.0496042841414526,2.2073399797717093,,,,,,,,,,
STRL,MOS_Radar_V6.8.0,1,2026-09-25T18:13:06.358150+00:00,QUALITY_PRICE_WAIT,质量通过，但价格超过20倍盈利或5%正常化Owner FCF收益率约束,UNCHANGED,NOT_ELIGIBLE,先满足质量与合理估值条件,UNCHANGED,514.26,2026-09-25T17:34:13+00:00,2026-06-30,2026-09-25T17:35:00.290291+00:00,WAIT_PRICE,209.3442342776827,36.45696571195883,0.0203539293623539,0.3178923094491698,,,,,,,,,,
ROL,MOS_Radar_V6.8.0,1,2026-09-25T18:13:06.358150+00:00,QUALITY_PRICE_WAIT,质量通过，但价格超过20倍盈利或5%正常化Owner FCF收益率约束,UNCHANGED,NOT_ELIGIBLE,先满足质量与合理估值条件,UNCHANGED,30.08,2026-09-25T17:35:03+00:00,2026-06-30,2026-09-25T17:35:09.855167+00:00,WAIT_PRICE,21.25962326753189,27.21914276721317,0.0353384695271474,0.3719341884461145,,,,,,,,,,
NTAP,MOS_Radar_V6.8.0,1,2026-09-25T18:13:06.358150+00:00,QUALITY_PRICE_WAIT,质量通过，但价格超过20倍盈利或5%正常化Owner FCF收益率约束,UNCHANGED,NOT_ELIGIBLE,先满足质量与合理估值条件,UNCHANGED,199.44,2026-09-25T17:33:56+00:00,2026-07-31,2026-09-25T17:35:48.881245+00:00,WAIT_PRICE,106.09971140466354,27.62609791025288,0.0265994061884936,0.948494983277592,,,,,,,,,,
CHD,MOS_Radar_V6.8.0,1,2026-09-25T18:13:06.358150+00:00,QUALITY_PRICE_WAIT,质量通过，但价格超过20倍盈利或5%正常化Owner FCF收益率约束,UNCHANGED,NOT_ELIGIBLE,先满足质量与合理估值条件,UNCHANGED,96.05,2026-09-25T17:35:37+00:00,2025-12-31,2026-09-25T17:36:08.390061+00:00,WAIT_PRICE,62.123763972399686,30.922144396361123,0.036976424465737,0.1760152890587673,,,,,,,,,,
WST,MOS_Radar_V6.8.0,1,2026-09-25T18:13:06.358150+00:00,QUALITY_PRICE_WAIT,质量通过，但价格超过20倍盈利或5%正常化Owner FCF收益率约束,UNCHANGED,NOT_ELIGIBLE,先满足质量与合理估值条件,UNCHANGED,371.5,2026-09-25T17:34:47+00:00,2026-06-30,2026-09-25T17:36:32.223451+00:00,WAIT_PRICE,103.63416503161037,46.28181197203045,0.0139480706637429,0.1889171292890107,,,,,,,,,,
MTD,MOS_Radar_V6.8.0,1,2026-09-25T18:13:06.358150+00:00,QUALITY_PRICE_WAIT,质量通过，但价格超过20倍盈利或5%正常化Owner FCF收益率约束,UNCHANGED,NOT_ELIGIBLE,先满足质量与合理估值条件,UNCHANGED,1510.12,2026-09-25T17:36:30+00:00,2026-06-30,2026-09-25T17:36:42.470273+00:00,WAIT_PRICE,806.374240818587,33.41126419538327,0.0266990120261498,70.62395695235125,,,,,,,,,,
VLTO,MOS_Radar_V6.8.0,1,2026-09-25T18:13:06.358150+00:00,QUALITY_PRICE_WAIT,质量通过，但价格超过20倍盈利或5%正常化Owner FCF收益率约束,UNCHANGED,NOT_ELIGIBLE,先满足质量与合理估值条件,UNCHANGED,97.105,2026-09-25T17:36:06+00:00,2026-06-30,2026-09-25T17:36:44.012217+00:00,WAIT_PRICE,68.5826739469444,23.961086525828,0.0353136676519975,0.3190184049079754,,,,,,,,,,
FFIV,MOS_Radar_V6.8.0,1,2026-09-25T18:13:06.358150+00:00,QUALITY_PRICE_WAIT,质量通过，但价格超过20倍盈利或5%正常化Owner FCF收益率约束,UNCHANGED,NOT_ELIGIBLE,先满足质量与合理估值条件,UNCHANGED,447.17,2026-09-25T17:34:10+00:00,2026-06-30,2026-09-25T17:36:56.796968+00:00,WAIT_PRICE,153.65235265860787,34.85427280466168,0.0171805300734181,0.1884235121296128,,,,,,,,,,
SNA,MOS_Radar_V6.8.0,1,2026-09-25T18:13:06.358150+00:00,QUALITY_PRICE_WAIT,质量通过，但价格超过20倍盈利或5%正常化Owner FCF收益率约束,UNCHANGED,NOT_ELIGIBLE,先满足质量与合理估值条件,UNCHANGED,369.765,2026-09-25T17:37:52+00:00,2026-06-30,2026-09-25T17:37:54.579267+00:00,WAIT_PRICE,353.17059723412547,18.50331891610868,0.047756087952365,0.1711055567510304,,,,,,,,,,
BR,MOS_Radar_V6.8.0,1,2026-09-25T18:13:06.358150+00:00,QUALITY_PRICE_WAIT,质量通过，但价格超过20倍盈利或5%正常化Owner FCF收益率约束,UNCHANGED,NOT_ELIGIBLE,先满足质量与合理估值条件,UNCHANGED,165.205,2026-09-25T17:37:49+00:00,2026-06-30,2026-09-25T17:38:43.474407+00:00,WAIT_PRICE,158.6440426027874,16.99335571652585,0.0480142981758383,0.3958318665070759,,,,,,,,,,
NBIX,MOS_Radar_V6.8.0,1,2026-09-25T18:13:06.358150+00:00,QUALITY_PRICE_WAIT,质量通过，但价格超过20倍盈利或5%正常化Owner FCF收益率约束,UNCHANGED,NOT_ELIGIBLE,先满足质量与合理估值条件,UNCHANGED,137.68,2026-09-25T17:38:59+00:00,2025-12-31,2026-09-25T17:39:16.040570+00:00,WAIT_PRICE,59.49876095645004,29.24166004090924,0.0216076267273569,0.1295754819146632,,,,,,,,,,
NDSN,MOS_Radar_V6.8.0,1,2026-09-25T18:13:06.358150+00:00,QUALITY_PRICE_WAIT,质量通过，但价格超过20倍盈利或5%正常化Owner FCF收益率约束,UNCHANGED,NOT_ELIGIBLE,先满足质量与合理估值条件,UNCHANGED,326.24,2026-09-25T17:39:27+00:00,2026-07-31,2026-09-25T17:39:30.485760+00:00,WAIT_PRICE,191.1359929979272,32.741612260210985,0.0292937703834488,0.1698280759080824,,,,,,,,,,
LOGI,MOS_Radar_V6.8.0,1,2026-09-25T18:13:06.358150+00:00,QUALITY_WATCH,通过质量门槛及合理估值初始规则；不等于厚安全边际或买入指令,UNCHANGED,TREND_WAIT,长均线或相对强度未同时通过；若此前持有，应复核趋势理由,UNCHANGED,101.8,2026-09-25T17:38:36+00:00,2026-06-30,2026-09-25T17:39:37.736756+00:00,WAIT_PRICE,102.55632812160528,18.20094501669575,0.0503714774664073,0.3405424482671378,2026-09-24T00:00:00+00:00,99.55999755859376,100.43852645874024,98.37396156311036,0.079794217245843,0.1142528277682237,-0.0344586105223807,^GSPC,7704.1298828125,379.0
MLI,MOS_Radar_V6.8.0,1,2026-09-25T18:13:06.358150+00:00,QUALITY_PRICE_WAIT,质量通过，但价格超过20倍盈利或5%正常化Owner FCF收益率约束,UNCHANGED,NOT_ELIGIBLE,先满足质量与合理估值条件,UNCHANGED,60.47,2026-09-25T17:38:22+00:00,2026-06-30,2026-09-25T17:39:39.405294+00:00,WAIT_PRICE,54.085411676577685,15.725706051391418,0.0447208629705454,0.2397316609118455,,,,,,,,,,
LECO,MOS_Radar_V6.8.0,1,2026-09-25T18:13:06.358150+00:00,QUALITY_PRICE_WAIT,质量通过，但价格超过20倍盈利或5%正常化Owner FCF收益率约束,UNCHANGED,NOT_ELIGIBLE,先满足质量与合理估值条件,UNCHANGED,269.96,2026-09-25T17:39:54+00:00,2026-06-30,2026-09-25T17:39:57.908295+00:00,WAIT_PRICE,165.92128582408367,26.581785045953424,0.0307307167402733,0.3561691695942555,,,,,,,,,,
RMBS,MOS_Radar_V6.8.0,1,2026-09-25T18:13:06.358150+00:00,QUALITY_PRICE_WAIT,质量通过，但价格超过20倍盈利或5%正常化Owner FCF收益率约束,UNCHANGED,NOT_ELIGIBLE,先满足质量与合理估值条件,UNCHANGED,105.17,2026-09-25T17:39:51+00:00,2026-06-30,2026-09-25T17:40:17.038200+00:00,WAIT_PRICE,33.9212215410054,47.59223376548262,0.0161268524964369,0.1634190360540521,,,,,,,,,,
CSL,MOS_Radar_V6.8.0,1,2026-09-25T18:13:06.358150+00:00,QUALITY_WATCH,通过质量门槛及合理估值初始规则；不等于厚安全边际或买入指令,UNCHANGED,TREND_WAIT,长均线或相对强度未同时通过；若此前持有，应复核趋势理由,UNCHANGED,326.29,2026-09-25T17:40:24+00:00,2026-06-30,2026-09-25T17:40:29.048629+00:00,WAIT_PRICE,363.95103026615016,17.930434199424607,0.0643138687388151,0.4468835023497403,2026-09-24T00:00:00+00:00,314.1300048828125,349.07951782226564,350.26863189697264,-0.1032097182413657,0.1142528277682237,-0.2174625460095894,^GSPC,7704.1298828125,379.0
DECK,MOS_Radar_V6.8.0,1,2026-09-25T18:13:06.358150+00:00,QUALITY_WATCH,通过质量门槛及合理估值初始规则；不等于厚安全边际或买入指令,UNCHANGED,TREND_WAIT,长均线或相对强度未同时通过；若此前持有，应复核趋势理由,UNCHANGED,79.07,2026-09-25T17:40:34+00:00,2026-06-30,2026-09-25T17:40:36.861907+00:00,WAIT_PRICE,121.48964207365212,10.61044045507725,0.0768241065344961,0.4409123414963491,2026-09-24T00:00:00+00:00,78.68000030517578,90.79100021362304,101.96915004730224,-0.2662477586209507,0.1142528277682237,-0.3805005863891745,^GSPC,7704.1298828125,379.0
GGG,MOS_Radar_V6.8.0,1,2026-09-25T18:13:06.358150+00:00,QUALITY_PRICE_WAIT,质量通过，但价格超过20倍盈利或5%正常化Owner FCF收益率约束,UNCHANGED,NOT_ELIGIBLE,先满足质量与合理估值条件,UNCHANGED,77.935,2026-09-25T17:41:13+00:00,2026-06-30,2026-09-25T17:41:28.223897+00:00,WAIT_PRICE,51.68791360081271,23.656530498803143,0.0331609120426077,0.211499400639318,,,,,,,,,,
RPM,MOS_Radar_V6.8.0,1,2026-09-25T18:13:06.358150+00:00,QUALITY_PRICE_WAIT,质量通过，但价格超过20倍盈利或5%正常化Owner FCF收益率约束,UNCHANGED,NOT_ELIGIBLE,先满足质量与合理估值条件,UNCHANGED,99.705,2026-09-25T17:41:25+00:00,2026-05-31,2026-09-25T17:41:49.088682+00:00,WAIT_PRICE,91.26931979076802,19.321292497508388,0.0457696804527195,0.1989063675343111,,,,,,,,,,
NYT,MOS_Radar_V6.8.0,1,2026-09-25T18:13:06.358150+00:00,QUALITY_PRICE_WAIT,质量通过，但价格超过20倍盈利或5%正常化Owner FCF收益率约束,UNCHANGED,NOT_ELIGIBLE,先满足质量与合理估值条件,UNCHANGED,64.315,2026-09-25T17:41:49+00:00,2026-06-30,2026-09-25T17:41:53.755533+00:00,WAIT_PRICE,35.705894965629774,26.406043982304475,0.0277586060527324,0.1918525486242976,,,,,,,,,,
MEDP,MOS_Radar_V6.8.0,1,2026-09-25T18:13:06.358150+00:00,QUALITY_PRICE_WAIT,质量通过，但价格超过20倍盈利或5%正常化Owner FCF收益率约束,UNCHANGED,NOT_ELIGIBLE,先满足质量与合理估值条件,UNCHANGED,615.01,2026-09-25T17:42:06+00:00,2026-06-30,2026-09-25T17:42:09.615917+00:00,WAIT_PRICE,340.324314311243,34.9256301406404,0.0276681935506124,1.1328513049110198,,,,,,,,,,
PNR,MOS_Radar_V6.8.0,1,2026-09-25T18:13:06.358150+00:00,QUALITY_WATCH,通过质量门槛及合理估值初始规则；不等于厚安全边际或买入指令,UNCHANGED,TREND_WAIT,长均线或相对强度未同时通过；若此前持有，应复核趋势理由,UNCHANGED,53.7807,2026-09-25T17:41:55+00:00,2026-06-30,2026-09-25T17:42:21.075755+00:00,WAIT_PRICE,65.8671713781168,13.342430502504204,0.0612368111405362,0.1737390979649534,2026-09-24T00:00:00+00:00,53.02999877929688,62.13921615600586,82.10615085601806,-0.3886686402793973,0.1142528277682237,-0.5029214680476211,^GSPC,7704.1298828125,379.0
GDDY,MOS_Radar_V6.8.0,1,2026-09-25T18:13:06.358150+00:00,QUALITY_WATCH,通过质量门槛及合理估值初始规则；不等于厚安全边际或买入指令,UNCHANGED,TREND_WAIT,长均线或相对强度未同时通过；若此前持有，应复核趋势理由,UNCHANGED,97.205,2026-09-25T17:42:30+00:00,2026-06-30,2026-09-25T17:42:33.604554+00:00,WAIT_PRICE,140.07359869572431,13.523882565328872,0.0720506140094256,135.86567164179104,2026-09-24T00:00:00+00:00,100.80999755859376,96.2659994506836,94.32784973144533,0.0811484032082801,0.1142528277682237,-0.0331044245599436,^GSPC,7704.1298828125,379.0
AIT,MOS_Radar_V6.8.0,1,2026-09-25T18:13:06.358150+00:00,QUALITY_PRICE_WAIT,质量通过，但价格超过20倍盈利或5%正常化Owner FCF收益率约束,UNCHANGED,NOT_ELIGIBLE,先满足质量与合理估值条件,UNCHANGED,333.91,2026-09-25T17:42:00+00:00,2026-06-30,2026-09-25T17:42:43.599302+00:00,WAIT_PRICE,211.7918591174348,29.590048884804396,0.0317139137967468,0.2226535370772322,,,,,,,,,,
ALLE,MOS_Radar_V6.8.0,1,2026-09-25T18:13:06.358150+00:00,QUALITY_PRICE_WAIT,质量通过，但价格超过20倍盈利或5%正常化Owner FCF收益率约束,UNCHANGED,NOT_ELIGIBLE,先满足质量与合理估值条件,UNCHANGED,155.49,2026-09-25T17:42:01+00:00,2025-12-31,2026-09-25T17:43:20.810703+00:00,WAIT_PRICE,121.80610440841096,20.538009198914285,0.0391684688431445,0.3038799207023506,,,,,,,,,,
WTS,MOS_Radar_V6.8.0,1,2026-09-25T18:13:06.358150+00:00,QUALITY_PRICE_WAIT,质量通过，但价格超过20倍盈利或5%正常化Owner FCF收益率约束,UNCHANGED,NOT_ELIGIBLE,先满足质量与合理估值条件,UNCHANGED,359.305,2026-09-25T17:40:59+00:00,2026-06-30,2026-09-25T17:44:34.953783+00:00,WAIT_PRICE,161.7287848191045,31.252466221326834,0.0225057798832613,0.1752991687220243,,,,,,,,,,
BSY,MOS_Radar_V6.8.0,1,2026-09-25T18:13:06.358150+00:00,QUALITY_PRICE_WAIT,质量通过，但价格超过20倍盈利或5%正常化Owner FCF收益率约束,UNCHANGED,NOT_ELIGIBLE,先满足质量与合理估值条件,UNCHANGED,31.615,2026-09-25T17:44:36+00:00,2026-06-30,2026-09-25T17:44:52.721911+00:00,WAIT_PRICE,19.19548672984978,32.94003475393761,0.0338655942024111,0.2412070460100396,,,,,,,,,,
JKHY,MOS_Radar_V6.8.0,1,2026-09-25T18:13:06.358150+00:00,QUALITY_PRICE_WAIT,质量通过，但价格超过20倍盈利或5%正常化Owner FCF收益率约束,UNCHANGED,NOT_ELIGIBLE,先满足质量与合理估值条件,UNCHANGED,148.27,2026-09-25T17:44:28+00:00,2026-06-30,2026-09-25T17:44:54.239366+00:00,WAIT_PRICE,93.32850393250555,20.67643913820969,0.0314724839591642,0.2450231462867741,,,,,,,,,,
DCI,MOS_Radar_V6.8.0,1,2026-09-25T18:13:06.358150+00:00,QUALITY_PRICE_WAIT,质量通过，但价格超过20倍盈利或5%正常化Owner FCF收益率约束,UNCHANGED,NOT_ELIGIBLE,先满足质量与合理估值条件,UNCHANGED,87.6314,2026-09-25T17:41:40+00:00,2025-07-31,2026-09-25T17:45:09.451921+00:00,WAIT_PRICE,54.06300434408778,27.676970669910897,0.0308468222258732,0.2164808588450421,,,,,,,,,,
AYI,MOS_Radar_V6.8.0,1,2026-09-25T18:13:06.358150+00:00,QUALITY_PRICE_WAIT,质量通过，但价格超过20倍盈利或5%正常化Owner FCF收益率约束,UNCHANGED,NOT_ELIGIBLE,先满足质量与合理估值条件,UNCHANGED,315.14,2026-09-25T17:45:39+00:00,2026-05-31,2026-09-25T17:46:17.944628+00:00,WAIT_PRICE,281.98915515455707,19.974356807302534,0.0447402987806303,0.1656321234438015,,,,,,,,,,
CRUS,MOS_Radar_V6.8.0,1,2026-09-25T18:13:06.358150+00:00,QUALITY_WATCH,通过质量门槛及合理估值初始规则；不等于厚安全边际或买入指令,UNCHANGED,TREND_WAIT,长均线或相对强度未同时通过；若此前持有，应复核趋势理由,UNCHANGED,120.165,2026-09-25T17:45:47+00:00,2026-06-30,2026-09-25T17:46:58.600452+00:00,WAIT_PRICE,139.74033865377692,13.987246351161964,0.0581451914674726,0.1966816969838717,2026-09-24T00:00:00+00:00,118.8000030517578,122.04099990844726,139.9313999557495,-0.2320468944316884,0.1142528277682237,-0.3462997221999122,^GSPC,7704.1298828125,379.0
ZWS,MOS_Radar_V6.8.0,1,2026-09-25T18:13:06.358150+00:00,QUALITY_PRICE_WAIT,质量通过，但价格超过20倍盈利或5%正常化Owner FCF收益率约束,UNCHANGED,NOT_ELIGIBLE,先满足质量与合理估值条件,UNCHANGED,46.87,2026-09-25T17:43:04+00:00,2026-06-30,2026-09-25T17:47:13.273211+00:00,WAIT_PRICE,23.115310406040454,28.15664632099975,0.0246589613889913,0.1664155264902658,,,,,,,,,,
WFRD,MOS_Radar_V6.8.0,1,2026-09-25T18:13:06.358150+00:00,QUALITY_WATCH,通过质量门槛及合理估值初始规则；不等于厚安全边际或买入指令,UNCHANGED,TREND_WAIT,长均线或相对强度未同时通过；若此前持有，应复核趋势理由,UNCHANGED,84.755,2026-09-25T17:47:02+00:00,2026-06-30,2026-09-25T17:47:34.720655+00:00,WAIT_PRICE,102.1127851189107,16.600271925068444,0.0674819415182775,0.2046979865771812,2026-09-24T00:00:00+00:00,84.12999725341797,88.42446975708008,92.69865268707277,-0.1699179062017394,0.1142528277682237,-0.2841707339699632,^GSPC,7704.1298828125,379.0
MANH,MOS_Radar_V6.8.0,1,2026-09-25T18:13:06.358150+00:00,QUALITY_PRICE_WAIT,质量通过，但价格超过20倍盈利或5%正常化Owner FCF收益率约束,UNCHANGED,NOT_ELIGIBLE,先满足质量与合理估值条件,UNCHANGED,206.935,2026-09-25T17:46:39+00:00,2026-06-30,2026-09-25T17:47:40.987332+00:00,WAIT_PRICE,63.41406087325048,57.3903204467133,0.0153222173323146,1.33475337604043,,,,,,,,,,
AOS,MOS_Radar_V6.8.0,1,2026-09-25T18:13:06.358150+00:00,QUALITY_WATCH,通过质量门槛及合理估值初始规则；不等于厚安全边际或买入指令,UNCHANGED,TREND_WAIT,长均线或相对强度未同时通过；若此前持有，应复核趋势理由,UNCHANGED,58.61,2026-09-25T17:47:17+00:00,2026-06-30,2026-09-25T17:47:47.618564+00:00,WAIT_PRICE,69.43270533589062,15.921650102902278,0.0592328146526963,0.2716216949888702,2026-09-24T00:00:00+00:00,57.70000076293945,60.28955390930176,64.10243255615234,-0.1854683829895691,0.1142528277682237,-0.2997212107577929,^GSPC,7704.1298828125,379.0
QGEN,MOS_Radar_V6.8.0,1,2026-09-25T18:13:06.358150+00:00,QUALITY_PRICE_WAIT,质量通过，但价格超过20倍盈利或5%正常化Owner FCF收益率约束,UNCHANGED,NOT_ELIGIBLE,先满足质量与合理估值条件,UNCHANGED,44.22,2026-09-25T17:49:03+00:00,2026-06-30,2026-09-25T17:49:06.701588+00:00,WAIT_PRICE,35.67592337167999,22.30845887302009,0.0403391263813658,0.1219022318583332,,,,,,,,,,
IDCC,MOS_Radar_V6.8.0,1,2026-09-25T18:13:06.358150+00:00,QUALITY_PRICE_WAIT,质量通过，但价格超过20倍盈利或5%正常化Owner FCF收益率约束,UNCHANGED,NOT_ELIGIBLE,先满足质量与合理估值条件,UNCHANGED,330.19,2026-09-25T17:48:37+00:00,2026-06-30,2026-09-25T17:49:17.826556+00:00,WAIT_PRICE,184.478170714286,28.198512498826663,0.027935154110404,0.2513581701075306,,,,,,,,,,
AWI,MOS_Radar_V6.8.0,1,2026-09-25T18:13:06.358150+00:00,QUALITY_PRICE_WAIT,质量通过，但价格超过20倍盈利或5%正常化Owner FCF收益率约束,UNCHANGED,NOT_ELIGIBLE,先满足质量与合理估值条件,UNCHANGED,163.965,2026-09-25T17:41:48+00:00,2026-06-30,2026-09-25T17:49:38.019022+00:00,WAIT_PRICE,72.65250242798963,21.977875389530315,0.0221548813551641,0.3565532059255908,,,,,,,,,,
DOX,MOS_Radar_V6.8.0,1,2026-09-25T18:13:06.358150+00:00,QUALITY_WATCH,通过质量门槛及合理估值初始规则；不等于厚安全边际或买入指令,UNCHANGED,TREND_WAIT,长均线或相对强度未同时通过；若此前持有，应复核趋势理由,UNCHANGED,57.8799,2026-09-25T17:47:15+00:00,2026-06-30,2026-09-25T17:49:52.181664+00:00,WAIT_PRICE,85.16106877474888,13.593042180598363,0.0859951953014106,0.1375475655968603,2026-09-24T00:00:00+00:00,57.84999847412109,58.43459983825684,64.4827540397644,-0.0549314188254465,0.1142528277682237,-0.1691842465936702,^GSPC,7704.1298828125,379.0
PAYC,MOS_Radar_V6.8.0,1,2026-09-25T18:13:06.358150+00:00,QUALITY_PRICE_WAIT,质量通过，但价格超过20倍盈利或5%正常化Owner FCF收益率约束,UNCHANGED,NOT_ELIGIBLE,先满足质量与合理估值条件,UNCHANGED,221.0,2026-09-25T17:49:36+00:00,2026-06-30,2026-09-25T17:50:02.694729+00:00,WAIT_PRICE,98.76503437784206,20.428276864232977,0.0223450304022267,0.8531933508311461,,,,,,,,,,
LNTH,MOS_Radar_V6.8.0,1,2026-09-25T18:13:06.358150+00:00,QUALITY_PRICE_WAIT,质量通过，但价格超过20倍盈利或5%正常化Owner FCF收益率约束,UNCHANGED,NOT_ELIGIBLE,先满足质量与合理估值条件,UNCHANGED,99.8456,2026-09-25T17:49:34+00:00,2026-06-30,2026-09-25T17:50:46.997406+00:00,WAIT_PRICE,83.78102105092135,23.682479281416903,0.041955289492437,0.2098716398658919,,,,,,,,,,
PCTY,MOS_Radar_V6.8.0,1,2026-09-25T18:13:06.358150+00:00,QUALITY_PRICE_WAIT,质量通过，但价格超过20倍盈利或5%正常化Owner FCF收益率约束,UNCHANGED,NOT_ELIGIBLE,先满足质量与合理估值条件,UNCHANGED,144.66,2026-09-25T17:50:51+00:00,2026-06-30,2026-09-25T17:51:55.170128+00:00,WAIT_PRICE,64.79292181457647,29.69235586268438,0.0223948990096006,0.2208426769891036,,,,,,,,,,
BCPC,MOS_Radar_V6.8.0,1,2026-09-25T18:13:06.358150+00:00,QUALITY_PRICE_WAIT,质量通过，但价格超过20倍盈利或5%正常化Owner FCF收益率约束,UNCHANGED,NOT_ELIGIBLE,先满足质量与合理估值条件,UNCHANGED,166.56,2026-09-25T17:51:49+00:00,2025-12-31,2026-09-25T17:53:46.082720+00:00,WAIT_PRICE,76.83303288811986,34.28979366419839,0.0230646712560398,0.1204910685105469,,,,,,,,,,
G,MOS_Radar_V6.8.0,1,2026-09-25T18:13:06.358150+00:00,QUALITY_WATCH,通过质量门槛及合理估值初始规则；不等于厚安全边际或买入指令,UNCHANGED,TREND_WAIT,长均线或相对强度未同时通过；若此前持有，应复核趋势理由,UNCHANGED,33.28,2026-09-25T17:54:08+00:00,2026-06-30,2026-09-25T17:54:10.448574+00:00,WAIT_PRICE,52.1882421476955,9.59777991713757,0.0784078157267059,0.2236849934946946,2026-09-24T00:00:00+00:00,33.369998931884766,34.68871078491211,36.56687124252319,-0.0076257434849561,0.1142528277682237,-0.1218785712531799,^GSPC,7704.1298828125,379.0
LAUR,MOS_Radar_V6.8.0,1,2026-09-25T18:13:06.358150+00:00,QUALITY_PRICE_WAIT,质量通过，但价格超过20倍盈利或5%正常化Owner FCF收益率约束,UNCHANGED,NOT_ELIGIBLE,先满足质量与合理估值条件,UNCHANGED,37.505,2026-09-25T17:54:25+00:00,2026-06-30,2026-09-25T17:55:39.711247+00:00,WAIT_PRICE,25.653040416035843,16.066732267042934,0.0341994939555203,0.2817216321967579,,,,,,,,,,
EXLS,MOS_Radar_V6.8.0,1,2026-09-25T18:13:06.358150+00:00,QUALITY_PRICE_WAIT,质量通过，但价格超过20倍盈利或5%正常化Owner FCF收益率约束,UNCHANGED,NOT_ELIGIBLE,先满足质量与合理估值条件,UNCHANGED,34.82,2026-09-25T17:56:53+00:00,2026-06-30,2026-09-25T17:56:57.915326+00:00,WAIT_PRICE,17.81357105439237,21.11667314233872,0.0255795104169907,0.2886017994971382,,,,,,,,,,
LOPE,MOS_Radar_V6.8.0,1,2026-09-25T18:13:06.358150+00:00,QUALITY_WATCH,通过质量门槛及合理估值初始规则；不等于厚安全边际或买入指令,UNCHANGED,TREND_WAIT,长均线或相对强度未同时通过；若此前持有，应复核趋势理由,UNCHANGED,147.46,2026-09-25T17:56:53+00:00,2026-06-30,2026-09-25T17:57:02.739848+00:00,WAIT_PRICE,157.41277532778534,17.142942343278936,0.0533747373280161,0.3348812338594403,2026-09-24T00:00:00+00:00,151.19000244140625,148.01940063476562,158.76304977416993,-0.0494165651311329,0.1142528277682237,-0.1636693928993566,^GSPC,7704.1298828125,379.0
CVSA,MOS_Radar_V6.8.0,1,2026-09-25T18:13:06.358150+00:00,QUALITY_WATCH,通过质量门槛及合理估值初始规则；不等于厚安全边际或买入指令,UNCHANGED,TREND_WATCH,完整交易日趋势通过，需复核当前报价,UNCHANGED,121.23,2026-09-25T17:56:15+00:00,2026-06-30,2026-09-25T17:57:04.250501+00:00,WAIT_PRICE,142.4884841982369,16.40335443925673,0.0587678314766299,0.1739514654072611,2026-09-24T00:00:00+00:00,124.16000366210938,127.21800033569336,116.67165000915529,0.3694146992444915,0.1142528277682237,0.2551618714762678,^GSPC,7704.1298828125,379.0
CAAP,MOS_Radar_V6.8.0,1,2026-09-25T18:13:06.358150+00:00,QUALITY_WATCH,通过质量门槛及合理估值初始规则；不等于厚安全边际或买入指令,UNCHANGED,TREND_WAIT,长均线或相对强度未同时通过；若此前持有，应复核趋势理由,UNCHANGED,23.9,2026-09-25T17:54:13+00:00,2025-12-31,2026-09-25T17:58:03.512707+00:00,WAIT_PRICE,30.32647800829579,15.761803921617386,0.0942832576198943,0.1372534027456886,2026-09-24T00:00:00+00:00,23.549999237060547,23.96223804473877,24.94179190635681,-0.1375955803205258,0.1142528277682237,-0.2518484080887496,^GSPC,7704.1298828125,379.0
LRN,MOS_Radar_V6.8.0,1,2026-09-25T18:13:06.358150+00:00,QUALITY_WATCH,通过质量门槛及合理估值初始规则；不等于厚安全边际或买入指令,UNCHANGED,TREND_WAIT,长均线或相对强度未同时通过；若此前持有，应复核趋势理由,UNCHANGED,78.35,2026-09-25T17:58:07+00:00,2026-06-30,2026-09-25T17:58:39.758830+00:00,WAIT_PRICE,114.6242266489467,9.628299286602608,0.0731488364064752,0.2071837233792942,2026-09-24T00:00:00+00:00,80.04000091552734,83.7797998046875,84.16314992904663,0.0331965248861576,0.1142528277682237,-0.0810563028820661,^GSPC,7704.1298828125,379.0
KTB,MOS_Radar_V6.8.0,1,2026-09-25T18:13:06.358150+00:00,QUALITY_WATCH,通过质量门槛及合理估值初始规则；不等于厚安全边际或买入指令,UNCHANGED,TREND_WAIT,长均线或相对强度未同时通过；若此前持有，应复核趋势理由,UNCHANGED,65.11,2026-09-25T17:58:33+00:00,2026-06-30,2026-09-25T18:00:10.034236+00:00,WAIT_PRICE,95.7698675940231,13.28084895819962,0.0735446687098933,0.4331817946661838,2026-09-24T00:00:00+00:00,64.41000366210938,77.03116958618165,70.78378938674926,0.2043572536161515,0.1142528277682237,0.0901044258479277,^GSPC,7704.1298828125,379.0
BRC,MOS_Radar_V6.8.0,1,2026-09-25T18:13:06.358150+00:00,QUALITY_PRICE_WAIT,质量通过，但价格超过20倍盈利或5%正常化Owner FCF收益率约束,UNCHANGED,NOT_ELIGIBLE,先满足质量与合理估值条件,UNCHANGED,83.75,2026-09-25T18:00:15+00:00,2026-07-31,2026-09-25T18:00:22.733415+00:00,WAIT_PRICE,68.14001900614652,19.193563259252745,0.0406806083618785,0.1507422865401359,,,,,,,,,,
BMI,MOS_Radar_V6.8.0,1,2026-09-25T18:13:06.358150+00:00,QUALITY_PRICE_WAIT,质量通过，但价格超过20倍盈利或5%正常化Owner FCF收益率约束,UNCHANGED,NOT_ELIGIBLE,先满足质量与合理估值条件,UNCHANGED,129.98,2026-09-25T17:55:11+00:00,2026-06-30,2026-09-25T18:00:30.814564+00:00,WAIT_PRICE,79.83862736331356,29.97215945981392,0.0307118892765477,0.1840835871602624,,,,,,,,,,
FIZZ,MOS_Radar_V6.8.0,1,2026-09-25T18:13:06.358150+00:00,QUALITY_WATCH,通过质量门槛及合理估值初始规则；不等于厚安全边际或买入指令,UNCHANGED,TREND_WAIT,长均线或相对强度未同时通过；若此前持有，应复核趋势理由,UNCHANGED,29.73,2026-09-25T18:01:12+00:00,2026-07-31,2026-09-25T18:01:21.765250+00:00,WAIT_PRICE,33.71449824506018,15.913179274110767,0.0567011406745041,0.4756338675507134,2026-09-24T00:00:00+00:00,29.8700008392334,31.643000144958496,31.27255937576294,-0.0218230476698186,0.1142528277682237,-0.1360758754380424,^GSPC,7704.1298828125,379.0
QLYS,MOS_Radar_V6.8.0,1,2026-09-25T18:13:06.358150+00:00,QUALITY_PRICE_WAIT,质量通过，但价格超过20倍盈利或5%正常化Owner FCF收益率约束,UNCHANGED,NOT_ELIGIBLE,先满足质量与合理估值条件,UNCHANGED,176.295,2026-09-25T18:01:05+00:00,2026-06-30,2026-09-25T18:01:34.776835+00:00,WAIT_PRICE,95.1636814226852,30.05936838920876,0.026989898018289,0.3673702427684389,,,,,,,,,,
PRDO,MOS_Radar_V6.8.0,1,2026-09-25T18:13:06.358150+00:00,QUALITY_WATCH,通过质量门槛及合理估值初始规则；不等于厚安全边际或买入指令,UNCHANGED,TREND_WAIT,长均线或相对强度未同时通过；若此前持有，应复核趋势理由,UNCHANGED,30.56,2026-09-25T18:07:44+00:00,2026-06-30,2026-09-25T18:08:25.656755+00:00,WAIT_PRICE,46.02853314742608,10.796944260276916,0.075308463919218,0.1713939011562701,2026-09-24T00:00:00+00:00,31.68000030517578,32.30945373535156,32.7607502746582,0.0355388339585907,0.1142528277682237,-0.078713993809633,^GSPC,7704.1298828125,379.0
MCRI,MOS_Radar_V6.8.0,1,2026-09-25T18:13:06.358150+00:00,QUALITY_PRICE_WAIT,质量通过，但价格超过20倍盈利或5%正常化Owner FCF收益率约束,UNCHANGED,NOT_ELIGIBLE,先满足质量与合理估值条件,UNCHANGED,116.415,2026-09-25T18:04:29+00:00,2026-06-30,2026-09-25T18:08:41.614557+00:00,WAIT_PRICE,116.3689518677608,18.200813875548985,0.0499802224231245,0.1987537471674101,,,,,,,,,,
MD,MOS_Radar_V6.8.0,1,2026-09-25T18:13:06.358150+00:00,QUALITY_WATCH,通过质量门槛及合理估值初始规则；不等于厚安全边际或买入指令,UNCHANGED,TREND_WATCH,完整交易日趋势通过，需复核当前报价,UNCHANGED,26.1199,2026-09-25T18:07:02+00:00,2026-06-30,2026-09-25T18:10:22.784285+00:00,WAIT_PRICE,38.1554489012791,12.141043744835676,0.0730390409252698,0.198422887317149,2026-09-24T00:00:00+00:00,25.65999984741211,26.37199993133545,23.1710999584198,0.3454636335829146,0.1142528277682237,0.2312108058146909,^GSPC,7704.1298828125,379.0
EPAC,MOS_Radar_V6.8.0,1,2026-09-25T18:13:06.358150+00:00,QUALITY_PRICE_WAIT,质量通过，但价格超过20倍盈利或5%正常化Owner FCF收益率约束,UNCHANGED,NOT_ELIGIBLE,先满足质量与合理估值条件,UNCHANGED,35.24,2026-09-25T18:11:22+00:00,2026-05-31,2026-09-25T18:11:28.754385+00:00,WAIT_PRICE,22.21787733218478,19.311287542305244,0.0315236625030998,0.2200750893808899,,,,,,,,,,
CTS,MOS_Radar_V6.8.0,1,2026-09-25T18:13:06.358150+00:00,QUALITY_PRICE_WAIT,质量通过，但价格超过20倍盈利或5%正常化Owner FCF收益率约束,UNCHANGED,NOT_ELIGIBLE,先满足质量与合理估值条件,UNCHANGED,60.2,2026-09-25T17:55:41+00:00,2026-06-30,2026-09-25T18:12:17.311072+00:00,WAIT_PRICE,48.87485823345762,24.63434255397581,0.0434970281863437,0.1218264186517462,,,,,,,,,,
TILE,MOS_Radar_V6.8.0,1,2026-09-25T18:13:06.358150+00:00,QUALITY_PRICE_WAIT,质量通过，但价格超过20倍盈利或5%正常化Owner FCF收益率约束,UNCHANGED,NOT_ELIGIBLE,先满足质量与合理估值条件,UNCHANGED,35.475,2026-09-25T18:12:23+00:00,2026-06-30,2026-09-25T18:12:44.872289+00:00,WAIT_PRICE,28.61768005216762,14.087454262732455,0.0403349965499191,0.2145644306531144,,,,,,,,,,
