ticker,name,source,market_cap,avg_volume,last_price
NVDA,NVIDIA Corporation - Common Stock,nasdaq,5478011792629.0,179967406.0,225.32
GOOGL,Alphabet Inc. - Class A Common Stock,nasdaq,4807386480000.0,20204908.0,396.78
GOOG,Alphabet Inc. - Class C Capital Stock,nasdaq,4765465120000.0,15754557.0,393.32
AAPL,Apple Inc. - Common Stock,nasdaq,4409584891880.0,54720657.0,300.23
MSFT,Microsoft Corporation - Common Stock,nasdaq,3134205170312.0,50309790.0,421.92
AMZN,"Amazon.com, Inc. - Common Stock",nasdaq,2841382886425.0,40672103.0,264.14
TSM,Taiwan Semiconductor Manufacturing Company Ltd.,other,2097163257932.0,11820385.0,404.35
AVGO,Broadcom Inc. - Common Stock,nasdaq,2013133565155.0,18897545.0,425.19
TSLA,"Tesla, Inc.  - Common Stock",nasdaq,1585816847291.0,52271007.0,422.24
META,"Meta Platforms, Inc. - Class A Common Stock",nasdaq,1559175746016.0,13208845.0,614.23
BRK-B,Berkshire Hathaway Inc. New Common Stock,other,1064986498782.0,4665031.0,482.7
WMT,Walmart Inc. - Common Stock,nasdaq,1047972308756.0,25250902.0,131.45
LLY,Eli Lilly and Company Common Stock,other,946374773718.0,2814678.0,1004.92
MU,"Micron Technology, Inc. - Common Stock",nasdaq,817223757398.0,48156834.0,724.66
JPM,JP Morgan Chase & Co. Common Stock,other,797985295395.0,8659909.0,297.81
AMD,"Advanced Micro Devices, Inc. - Common Stock",nasdaq,691537731000.0,28991478.0,424.1
XOM,Exxon Mobil Corporation Common Stock,other,654570055823.0,27864499.0,157.92
V,Visa Inc.,other,617122936993.0,6028930.0,325.75
ASML,ASML Holding N.V. - New York Registry Shares,nasdaq,578824103474.0,1804244.0,1501.81
AZN,AstraZeneca PLC Ordinary Shares,other,563161606586.0,1379297.0,181.58
ORCL,Oracle Corporation Common Stock,other,554933075700.0,15673406.0,192.95
INTC,Intel Corporation - Common Stock,nasdaq,546678020000.0,134499103.0,108.77
JNJ,Johnson & Johnson Common Stock,other,545740159495.0,12158578.0,226.71
CSCO,"Cisco Systems, Inc. - Common Stock",nasdaq,466916856495.0,38484222.0,118.21
COST,Costco Wholesale Corporation - Common Stock,nasdaq,465369331833.0,1962420.0,1048.95
MA,Mastercard Incorporated Common Stock,other,436667141141.0,3416034.0,494.2
CAT,"Caterpillar, Inc. Common Stock",other,409188476566.0,2906067.0,888.31
CVX,Chevron Corporation Common Stock,other,380594326585.0,11176365.0,191.1
ABBV,AbbVie Inc. Common Stock,other,371715541610.0,5355817.0,210.39
NFLX,"Netflix, Inc. - Common Stock",nasdaq,366423687907.0,31860854.0,87.02
LRCX,Lam Research Corporation - Common Stock,nasdaq,356062575120.0,9637591.0,284.72
BAC,Bank of America Corporation Common Stock,other,353197316700.0,45998291.0,49.77
KO,Coca-Cola Company (The) Common Stock,other,347861635519.0,17474161.0,80.82
AMAT,"Applied Materials, Inc. - Common Stock",nasdaq,346505940130.0,12750338.0,436.62
PG,Procter & Gamble Company (The) Common Stock,other,329659757315.0,6980965.0,141.57
PLTR,Palantir Technologies Inc. - Class A Common Stock,nasdaq,321215831798.0,32350916.0,133.99
MS,Morgan Stanley Common Stock,other,303643100121.0,5925146.0,192.51
HSBC,"HSBC Holdings, plc. Common Stock",other,303589539765.0,1297013.0,88.38
HD,"Home Depot, Inc. (The) Common Stock",other,296328188532.0,5968851.0,297.51
PM,Philip Morris International Inc Common Stock,other,295518342790.0,5382389.0,189.61
NVS,Novartis AG Common Stock,other,282559100626.0,829343.0,148.08
GEV,GE Vernova Inc. Common Stock,other,281949080354.0,2442175.0,1049.23
GS,"Goldman Sachs Group, Inc. (The) Common Stock",other,279805688596.0,1860090.0,948.47
TXN,Texas Instruments Incorporated - Common Stock,nasdaq,275512390619.0,6655655.0,302.73
MRK,"Merck & Company, Inc. Common Stock (new)",other,275089043343.0,10022006.0,111.38
RY,Royal Bank Of Canada Common Stock,other,256338701406.0,743586.0,183.4
TM,Toyota Motor Corporation Common Stock,other,248816992854.0,561097.0,190.68
KLAC,KLA Corporation  - Common Stock,nasdaq,235693848691.0,979451.0,1804.32
LIN,Linde plc - Ordinary Shares,nasdaq,234126252683.0,2155767.0,506.11
RTX,RTX Corporation Common Stock,other,230525269205.0,7670977.0,171.18
WFC,Wells Fargo & Company Common Stock,other,224679112649.0,16227281.0,73.42
MUFG,"Mitsubishi UFJ Financial Group, Inc. Common Stock",other,223587673733.0,5010949.0,18.84
AXP,American Express Company Common Stock,other,213895693352.0,2620718.0,313.48
QCOM,QUALCOMM Incorporated - Common Stock,nasdaq,212370460000.0,25824874.0,201.49
C,"Citigroup, Inc. Common Stock",other,210502307786.0,7759199.0,123.42
SNDK,Sandisk Corporation - Common Stock When-Issued,nasdaq,208452624258.0,13942543.0,1407.61
SAP,SAP  SE ADS,other,208206897239.0,3617188.0,169.48
IBM,International Business Machines Corporation Common Stock,other,206116841904.0,6043355.0,219.3
ADI,"Analog Devices, Inc. - Common Stock",nasdaq,203820353506.0,3708893.0,417.49
PEP,"PepsiCo, Inc. - Common Stock",nasdaq,203812491133.0,6225243.0,149.12
TTE,TotalEnergies SE Ordinary Shares,other,201342207273.0,963275.0,92.28
TMUS,"T-Mobile US, Inc. - Common Stock",nasdaq,200445957683.0,7965218.0,185.22
NVO,Novo Nordisk A/S Common Stock,other,199764100000.0,16368537.0,44.74
PANW,"Palo Alto Networks, Inc. - Common Stock",nasdaq,198149280000.0,11538825.0,242.83
MCD,McDonald's Corporation Common Stock,other,196376714369.0,3823233.0,276.39
NEE,"NextEra Energy, Inc. Common Stock",other,194687478332.0,11417749.0,93.36
VZ,Verizon Communications Inc. Common Stock,other,193620666657.0,23333765.0,46.37
TD,Toronto Dominion Bank (The) Common Stock,other,179632826648.0,2133051.0,107.64
ANET,"Arista Networks, Inc. Common Stock",other,178768992128.0,10813908.0,141.97
DIS,Walt Disney Company (The) Common Stock,other,178374453473.0,9228416.0,102.72
STX,Seagate Technology Holdings PLC - Ordinary Shares (Ireland),nasdaq,178367436266.0,2779721.0,795.47
AMGN,Amgen Inc. - Common Stock,nasdaq,176112206889.0,3447744.0,326.31
BA,Boeing Company (The) Common Stock,other,173812780962.0,9446404.0,220.49
SAN,"Banco Santander, S.A. Sponsored ADR (Spain)",other,172803683139.0,4989846.0,11.74
APP,Applovin Corporation - Class A Common Stock,nasdaq,168305940000.0,5345647.0,501.0
BLK,"BlackRock, Inc. Common Stock",other,167947652699.0,456357.0,1081.9
T,AT&T Inc.,other,166968582205.0,44185082.0,24.03
WDC,Western Digital Corporation - Common Stock,nasdaq,166143680785.0,7003797.0,482.02
GLW,Corning Incorporated Common Stock,other,165078941213.0,17154594.0,191.81
TJX,"TJX Companies, Inc. (The) Common Stock",other,163030196794.0,8985606.0,147.43
TMO,Thermo Fisher Scientific Inc Common Stock,other,162896552968.0,2037826.0,438.34
GILD,"Gilead Sciences, Inc. - Common Stock",nasdaq,160882624273.0,6640709.0,129.58
UNP,Union Pacific Corporation Common Stock,other,160635046909.0,3313681.0,270.56
CRM,"Salesforce, Inc. Common Stock",other,160149730000.0,13776098.0,173.51
SCHW,Charles Schwab Corporation (The) Common Stock,other,158052634876.0,14258607.0,90.88
DELL,Dell Technologies Inc. Class C Common Stock ,other,157189029771.0,4828061.0,241.99
ETN,"Eaton Corporation, PLC Ordinary Shares",other,155102552000.0,3252470.0,399.44
MRVL,"Marvell Technology, Inc. - Common Stock",nasdaq,154876600772.0,24701355.0,176.89
APH,Amphenol Corporation Common Stock,other,153779305625.0,10350651.0,125.0
UBER,"Uber Technologies, Inc. Common Stock",other,152853129886.0,16234368.0,75.09
DE,Deere & Company Common Stock,other,151754374246.0,971230.0,561.83
TBB,AT&T Inc. 5.350% Global Notes due 2066,other,151731179886.0,101099.0,21.22
CRWD,"CrowdStrike Holdings, Inc. - Class A Common Stock",nasdaq,151215056396.0,3855735.0,594.08
WELL,Welltower Inc. Common Stock,other,150882154543.0,4531046.0,213.74
ISRG,"Intuitive Surgical, Inc. - Common Stock",nasdaq,149145056023.0,2372450.0,421.12
COP,ConocoPhillips Common Stock,other,149131369397.0,7053982.0,122.41
IBKR,"Interactive Brokers Group, Inc. - Class A Common Stock",nasdaq,147582775554.0,3908366.0,87.0
ABT,Abbott Laboratories Common Stock,other,147130895878.0,12907558.0,84.47
SCCO,Southern Copper Corporation Common Stock,other,146031777948.0,1404023.0,176.78
BUD,Anheuser-Busch Inbev SA Sponsored ADR (Belgium),other,145429423514.0,1346730.0,80.92
PFE,"Pfizer, Inc. Common Stock",other,144366920801.0,37069274.0,25.33
VRT,"Vertiv Holdings, LLC Class A Common Stock",other,142481324207.0,4861211.0,370.94
BTI,"British American Tobacco  Industries, p.l.c. Common Stock ADR",other,142016295867.0,4292729.0,65.09
UBS,UBS Group AG Registered Ordinary Shares,other,140795981158.0,2385070.0,45.54
HON,Honeywell International Inc. - Common Stock,nasdaq,135120191096.0,4464499.0,213.24
PLD,"Prologis, Inc. Common Stock",other,131021459140.0,2970139.0,140.53
RIO,Rio Tinto Plc Common Stock,other,130235709459.0,3720546.0,103.69
SHOP,Shopify Inc. - Class A Subordinate Voting Shares,nasdaq,129943929587.0,15844470.0,100.28
PBR,Petroleo Brasileiro S.A. Petrobras ADS,other,128436221973.0,13682227.0,19.93
CB,Chubb Limited  Common Stock,other,125724853360.0,1462411.0,324.15
HDB,HDFC Bank Limited Common Stock,other,125135748096.0,8695035.0,24.45
BBVA,Banco Bilbao Vizcaya Argentaria S.A. Common Stock,other,124969324843.0,1368493.0,21.89
CVS,CVS Health Corporation Common Stock,other,122348669468.0,8797912.0,95.89
LOW,"Lowe's Companies, Inc. Common Stock",other,122329054162.0,3018559.0,218.42
MO,"Altria Group, Inc.",other,122052350366.0,10382979.0,73.09
SBUX,Starbucks Corporation - Common Stock,nasdaq,121737055500.0,6463343.0,106.815
ENB,Enbridge Inc Common Stock,other,120774799794.0,3883726.0,55.31
BKNG,Booking Holdings Inc. - Common Stock,nasdaq,119432013341.0,6776340.0,154.13
SPGI,S&P Global Inc. Common Stock,other,119332400000.0,1600059.0,403.15
LMT,Lockheed Martin Corporation Common Stock,other,118973127364.0,1298171.0,516.01
SYK,Stryker Corporation Common Stock,other,117599747351.0,3594849.0,306.76
PGR,Progressive Corporation (The) Common Stock,other,116709521955.0,3297556.0,199.73
COF,Capital One Financial Corporation Common Stock,other,116474540194.0,3600826.0,187.17
NEM,Newmont Corporation,other,116427304442.0,11107531.0,109.06
BMY,Bristol-Myers Squibb Company Common Stock,other,116398061079.0,10823994.0,57.0
BP,BP p.l.c. Common Stock,other,115696751736.0,5381383.0,44.35
PWR,"Quanta Services, Inc. Common Stock",other,115544814129.0,1012454.0,769.99
DHR,Danaher Corporation Common Stock,other,114595142218.0,4053500.0,161.91
ACN,Accenture plc Class A Ordinary Shares (Ireland),other,112289279193.0,4984177.0,168.82
BN,Brookfield Corporation Class A Limited Voting Shares,other,111607139744.0,5627609.0,45.54
VRTX,Vertex Pharmaceuticals Incorporated - Common Stock,nasdaq,110900276958.0,1288124.0,436.95
MFG,"Mizuho Financial Group, Inc. Sponosred ADR (Japan)",other,109183186074.0,4227960.0,8.69
PH,Parker-Hannifin Corporation Common Stock,other,108777249518.0,677523.0,862.72
INTU,Intuit Inc. - Common Stock,nasdaq,108684150000.0,3522008.0,393.0
CME,CME Group Inc. - Class A Common Stock,nasdaq,108294714444.0,2216508.0,298.86
BMO,Bank Of Montreal Common Stock,other,107486188334.0,595144.0,152.48
EQIX,"Equinix, Inc. - Common Stock",nasdaq,104486473301.0,453745.0,1059.44
SO,Southern Company (The) Common Stock,other,104425999804.0,7820576.0,92.55
TT,Trane Technologies plc,other,103144485568.0,1061135.0,466.6
CM,Canadian Imperial Bank of Commerce Common Stock,other,102455465698.0,834543.0,111.3
CNQ,Canadian Natural Resources Limited Common Stock,other,100084936560.0,6511659.0,47.98
ADBE,Adobe Inc. - Common Stock,nasdaq,100079920000.0,6415519.0,247.6
EQNR,Equinor ASA,other,98710700264.0,3551856.0,39.48
NOW,"ServiceNow, Inc. Common Stock",other,98017170000.0,34345883.0,95.07
MDT,Medtronic plc. Ordinary Shares,other,97767840009.0,9126568.0,76.15
CEG,Constellation Energy Corporation - Common Stock When-Issued,nasdaq,96509984834.0,3830375.0,267.2
SNPS,"Synopsys, Inc. - Common Stock",nasdaq,96244593605.0,1488527.0,502.42
CMI,Cummins Inc. Common Stock,other,96113524838.0,990560.0,696.53
CDNS,"Cadence Design Systems, Inc. - Common Stock",nasdaq,95774347840.0,1703306.0,347.24
WMB,"Williams Companies, Inc. (The) Common Stock",other,95051425156.0,9316238.0,77.72
BNS,Bank Nova Scotia Halifax Pfd 3 Ordinary Shares,other,94999831263.0,1489428.0,77.08
DUK,Duke Energy Corporation (Holding Company) Common Stock,other,94292162446.0,3831205.0,120.95
HCA,"HCA Healthcare, Inc. Common Stock",other,93838235400.0,1156097.0,423.0
MAR,Marriott International - Class A Common Stock,nasdaq,93126910985.0,1114046.0,353.17
IBN,ICICI Bank Limited Common Stock,other,92940402144.0,3961671.0,26.05
BK,The Bank of New York Mellon Corporation Common Stock,other,92674898656.0,4156178.0,135.02
MCK,McKesson Corporation Common Stock,other,91423595069.0,1534374.0,760.57
FCX,"Freeport-McMoRan, Inc. Common Stock",other,90580647094.0,15458568.0,63.01
GD,General Dynamics Corporation Common Stock,other,90458897552.0,1236392.0,334.5
AEM,Agnico Eagle Mines Limited Common Stock,other,90253247912.0,2843732.0,180.33
FTNT,"Fortinet, Inc. - Common Stock",nasdaq,89954569447.0,5533111.0,122.78
SPOT,Spotify Technology S.A. Ordinary Shares,other,89936464347.0,2063400.0,436.94
FDX,FedEx Corporation Common Stock,other,89663646770.0,1162753.0,375.78
CMCSA,Comcast Corporation - Class A Common Stock,nasdaq,88487819597.0,33017192.0,24.76
WM,"Waste Management, Inc. Common Stock",other,88274381805.0,2192781.0,219.82
BX,Blackstone Inc. Common Stock,other,87578100447.0,4863843.0,117.89
E,ENI S.p.A. Common Stock,other,87306998088.0,475913.0,55.49
JCI,Johnson Controls International plc Ordinary Share,other,87295340477.0,3177780.0,143.08
ICE,Intercontinental Exchange Inc. Common Stock,other,87292508728.0,2191107.0,154.36
KKR,KKR & Co. Inc. Common Stock,other,87066739089.0,5939126.0,96.97
ADP,"Automatic Data Processing, Inc. - Common Stock",nasdaq,86359163191.0,2921769.0,214.48
PNC,"PNC Financial Services Group, Inc. (The) Common Stock",other,85469016275.0,2469799.0,212.84
ING,"ING Group, N.V. Common Stock",other,85389716781.0,1677201.0,29.42
ELV,"Elevance Health, Inc. Common Stock",other,85275323378.0,1972816.0,392.68
MNST,Monster Beverage Corporation - Common Stock,nasdaq,85174726300.0,6148495.0,87.09
EPD,Enterprise Products Partners L.P. Common Stock,other,84874821771.0,2708095.0,39.23
CSX,CSX Corporation - Common Stock,nasdaq,84842620165.0,12867554.0,45.66
SLB,SLB Limited Common Shares,other,82796293266.0,10565377.0,55.38
USB,U.S. Bancorp Common Stock,other,82458162454.0,10006153.0,53.12
SU,Suncor Energy  Inc. Common Stock,other,80633088957.0,3537504.0,68.29
ABNB,"Airbnb, Inc. - Class A Common Stock",nasdaq,80069349021.0,2799724.0,132.85
AMT,American Tower Corporation (REIT) Common Stock,other,79495334363.0,4632862.0,170.63
BAM,Brookfield Asset Management Inc Class A Limited Voting Shares,other,78502580563.0,2538396.0,47.92
BE,Bloom Energy Corporation Class A Common Stock,other,78492285375.0,10059892.0,275.95
MELI,"MercadoLibre, Inc. - Common Stock",nasdaq,78418908089.0,619259.0,1546.81
CIEN,Ciena Corporation Common Stock,other,78399771834.0,2423309.0,554.46
BCS,Barclays PLC Common Stock,other,78326064001.0,5609625.0,22.53
BSX,Boston Scientific Corporation Common Stock,other,78301190830.0,14836734.0,52.68
APO,"Apollo Global Management, Inc. (New) Common Stock",other,78048940910.0,3364680.0,135.38
MRSH,Marsh Common Stock,other,77593004386.0,3457267.0,161.05
MDLZ,"Mondelez International, Inc. - Class A Common Stock",nasdaq,77583791857.0,7999416.0,60.44
NOC,Northrop Grumman Corporation Common Stock,other,76796080138.0,648055.0,540.69
MMM,3M Company Common Stock,other,76263564903.0,5275720.0,146.22
MPWR,"Monolithic Power Systems, Inc. - Common Stock",nasdaq,76152482600.0,685042.0,1550.02
CP,Canadian Pacific Kansas City Limited Common Shares,other,75904889718.0,3586555.0,85.07
LITE,Lumentum Holdings Inc. - Common Stock,nasdaq,75520460000.0,10128066.0,970.7
CI,The Cigna Group Common Stock,other,75463158889.0,2177760.0,285.27
RACE,Ferrari N.V. Common Shares,other,75142984321.0,664087.0,321.2
MCO,Moody's Corporation Common Stock,other,74928830000.0,1262491.0,428.9
COHR,Coherent Corp. Common Stock,other,74822258316.0,6617896.0,382.45
KMI,"Kinder Morgan, Inc. Common Stock",other,74820890208.0,11541291.0,33.63
EOG,"EOG Resources, Inc. Common Stock",other,74706477618.0,2994951.0,140.26
EMR,Emerson Electric Company Common Stock,other,74521305000.0,3173370.0,133.05
VLO,Valero Energy Corporation Common Stock,other,74452925759.0,3125885.0,250.74
MPC,Marathon Petroleum Corporation Common Stock,other,74452600024.0,2150997.0,255.03
DDOG,"Datadog, Inc. - Class A Common Stock",nasdaq,74032600108.0,5490799.0,207.98
SHW,Sherwin-Williams Company (The) Common Stock,other,74015349862.0,3849773.0,300.1
CVNA,Carvana Co. Class A Common Stock,other,73674456656.0,11373579.0,67.17
NXPI,NXP Semiconductors N.V. - Common Stock,nasdaq,73595319529.0,3390090.0,291.5
ORLY,"O'Reilly Automotive, Inc. - Common Stock",nasdaq,73332997341.0,6308725.0,88.49
REGN,"Regeneron Pharmaceuticals, Inc. - Common Stock",nasdaq,73203854094.0,728023.0,698.25
RKLB,Rocket Lab Corporation - Common Stock,nasdaq,72210761022.0,22367062.0,124.77
HLT,Hilton Worldwide Holdings Inc. Common Stock ,other,71975585775.0,1952519.0,316.17
ITW,Illinois Tool Works Inc. Common Stock,other,71257536000.0,1343706.0,247.68
TRP,TC Energy Corporation Common Stock,other,71090172983.0,1601206.0,68.24
NSC,Norfolk Southern Corporation Common Stock,other,70960474616.0,1599881.0,315.95
PSX,Phillips 66 Common Stock,other,70644750524.0,2065307.0,176.2
CL,Colgate-Palmolive Company Common Stock,other,70520683890.0,4862406.0,88.13
FIX,"Comfort Systems USA, Inc. Common Stock",other,70149278402.0,572577.0,1992.74
NET,"Cloudflare, Inc. Class A Common Stock",other,69830791757.0,3384731.0,197.56
RCL,Royal Caribbean Cruises Ltd. Common Stock,other,69808470824.0,2113960.0,260.29
ECL,Ecolab Inc. Common Stock,other,69689554245.0,1842146.0,247.62
HOOD,"Robinhood Markets, Inc. - Class A Common Stock",nasdaq,69464960097.0,19612842.0,77.14
DASH,"DoorDash, Inc. - Common Stock",nasdaq,69366420542.0,5171976.0,159.2
CRH,CRH PLC Ordinary Shares,other,69082522777.0,5802369.0,103.21
ROST,"Ross Stores, Inc. - Common Stock",nasdaq,68537018487.0,2340077.0,212.75
AEP,"American Electric Power Company, Inc. - Common Stock",nasdaq,68094744755.0,9224374.0,125.15
B,Barrick Mining Corporation Common Shares,other,68042394500.0,15821919.0,40.61
CNI,Canadian National Railway Company Common Stock,other,67936472818.0,875164.0,111.79
AON,Aon plc Class A Ordinary Shares (Ireland),other,67750879762.0,1955286.0,317.22
WBD,"Warner Bros. Discovery, Inc. - Series A Common Stock",nasdaq,67642548220.0,18540025.0,26.98
GM,General Motors Company Common Stock,other,67498656498.0,8476776.0,74.86
CTAS,Cintas Corporation - Common Stock,nasdaq,67347038441.0,2762918.0,168.31
DLR,"Digital Realty Trust, Inc. Common Stock",other,66243558256.0,2569379.0,188.51
APD,"Air Products and Chemicals, Inc. Common Stock",other,65775421031.0,1244771.0,295.38
MSI,"Motorola Solutions, Inc. Common Stock",other,65282742489.0,1176603.0,393.28
IMO,Imperial Oil Limited Common Stock,other,65154484890.0,392434.0,134.73
SPG,"Simon Property Group, Inc. Common Stock",other,64864468198.0,2152030.0,200.02
TDG,Transdigm Group Incorporated Common Stock,other,64266008860.0,298378.0,1148.97
RSG,"Republic Services, Inc. Common Stock",other,64092582604.0,2508246.0,208.32
TRV,"The Travelers Companies, Inc. Common Stock",other,63742373174.0,1568389.0,299.76
BKR,Baker Hughes Company - Common Stock,nasdaq,63611444852.0,7864243.0,64.12
MFC,Manulife Financial Corporation Common Stock,other,62995236126.0,2262887.0,37.57
MSTR,Strategy Inc - Class A Common Stock,nasdaq,62176461450.0,19611083.0,177.42
NKE,"Nike, Inc. Common Stock",other,62019548942.0,26142447.0,41.88
CBRS,Cerebras Systems Inc. - Class A Common Stock,nasdaq,60203727489.0,17046801.0,279.72
GWW,"W.W. Grainger, Inc. Common Stock",other,60077277534.0,282893.0,1272.47
TEL,TE Connectivity plc Ordinary Shares,other,59870747333.0,2991188.0,205.11
KEYS,Keysight Technologies Inc. Common Stock,other,59856085780.0,1791513.0,349.01
AFL,AFLAC Incorporated Common Stock,other,59454526636.0,1908534.0,116.81
OXY,Occidental Petroleum Corporation Common Stock,other,59300120874.0,16687819.0,59.62
WPM,Wheaton Precious Metals Corp Common Shares (Canada),other,59218833588.0,3571572.0,130.41
NU,Nu Holdings Ltd. Class A Ordinary Shares,other,59190661574.0,138780541.0,12.19
SRE,DBA Sempra Common Stock,other,59113190860.0,5374014.0,90.43
CRWV,"CoreWeave, Inc. - Class A Common Stock",nasdaq,58539698126.0,21988424.0,107.3
TFC,Truist Financial Corporation Common Stock,other,58506490754.0,6502646.0,46.96
TRGP,"Targa Resources, Inc. Common Stock",other,58380995177.0,1838342.0,271.99
OKE,"ONEOK, Inc. Common Stock",other,58164632897.0,3151705.0,92.32
DB,Deutsche Bank AG Common Stock,other,58135260000.0,2242421.0,30.9
PCAR,PACCAR Inc. - Common Stock,nasdaq,58059896783.0,2732756.0,110.32
CVE,Cenovus Energy Inc Common Stock,other,57787500000.0,6541671.0,30.82
FANG,"Diamondback Energy, Inc. - Common Stock",nasdaq,57264134737.0,2147527.0,203.56
O,Realty Income Corporation Common Stock,other,56993943434.0,5290407.0,61.12
LHX,"L3Harris Technologies, Inc. Common Stock",other,56520025184.0,1273016.0,303.39
ALL,Allstate Corporation (The) Common Stock,other,55955587554.0,1483231.0,217.37
NBIS,Nebius Group N.V. - Class A Ordinary Shares,nasdaq,55842368788.0,22880223.0,219.94
TGT,Target Corporation Common Stock,other,55200581060.0,3660841.0,121.54
CTVA,"Corteva, Inc. Common Stock ",other,54983692200.0,2956109.0,82.21
AZO,"AutoZone, Inc. Common Stock",other,54721990743.0,273550.0,3321.15
STM,STMicroelectronics N.V. Common Stock,other,54579252214.0,9395134.0,61.41
SNOW,Snowflake Inc. Common Stock,other,54437379000.0,7731719.0,157.47
D,"Dominion Energy, Inc. Common Stock",other,54288782027.0,4676303.0,61.73
CARR,Carrier Global Corporation Common Stock ,other,54054023849.0,4099286.0,64.67
F,Ford Motor Company Common Stock,other,53394881242.0,108213476.0,13.4
TER,"Teradyne, Inc. - Common Stock",nasdaq,52892465697.0,4249148.0,337.88
AME,"AMETEK, Inc.",other,52235364156.0,1033445.0,227.9
NUE,Nucor Corporation Common Stock,other,51701750469.0,1346068.0,227.02
EBAY,eBay Inc. - Common Stock,nasdaq,51679148450.0,6140294.0,116.13
NDAQ,"Nasdaq, Inc. - Common Stock",nasdaq,51498145066.0,2259489.0,91.06
COIN,"Coinbase Global, Inc. - Class A Common Stock",nasdaq,51478434009.0,14390097.0,195.43
AJG,Arthur J. Gallagher & Co. Common Stock,other,51367155000.0,2388783.0,199.95
PSA,Public Storage Common Stock,other,51341864918.0,767016.0,292.47
MET,"MetLife, Inc. Common Stock",other,51333386229.0,3070965.0,79.78
MCHP,Microchip Technology Incorporated - Common Stock,nasdaq,50785562733.0,9444259.0,93.85
FLEX,Flex Ltd. - Ordinary Shares,nasdaq,50687527163.0,6490064.0,137.86
LNG,"Cheniere Energy, Inc. Common Stock",other,50678023757.0,2682126.0,241.84
EA,Electronic Arts Inc. - Common Stock,nasdaq,50310777750.0,1768678.0,200.64
COR,"Cencora, Inc. Common Stock",other,50140330773.0,2707823.0,257.71
ADSK,"Autodesk, Inc. - Common Stock",nasdaq,49961189292.0,1528517.0,236.62
ROK,"Rockwell Automation, Inc. Common Stock",other,49933073669.0,870459.0,448.74
ETR,Entergy Corporation Common Stock,other,49923402928.0,5005763.0,109.03
FAST,Fastenal Company - Common Stock,nasdaq,49663996739.0,4653736.0,43.26
XEL,Xcel Energy Inc. - Common Stock,nasdaq,48643084115.0,4701684.0,77.92
FER,Ferrovial N.V. - Ordinary Shares,nasdaq,48124529031.0,1740694.0,66.89
MDLN,Medline Inc. - Class A common stock,nasdaq,47542374655.0,7379692.0,36.19
VST,Vistra Corp. Common Stock,other,47097647130.0,6624298.0,139.68
EW,Edwards Lifesciences Corporation Common Stock,other,46858604000.0,4673182.0,81.38
CCJ,Cameco Corporation Common Stock,other,46824150465.0,3075161.0,107.51
AU,AngloGold Ashanti PLC Ordinary Shares,other,46445335276.0,3178401.0,92.24
DAL,"Delta Air Lines, Inc. Common Stock",other,46140712498.0,7280448.0,70.23
MT,Arcelor Mittal NY Registry Shares NEW,other,45781718013.0,1998699.0,60.15
CAH,"Cardinal Health, Inc. Common Stock",other,45716982896.0,3715517.0,195.2
DEO,Diageo plc Common Stock,other,45468910915.0,826595.0,81.69
TTWO,"Take-Two Interactive Software, Inc. - Common Stock",nasdaq,44893937553.0,1958274.0,242.44
WAB,Westinghouse Air Brake Technologies Corporation Common Stock,other,44777851609.0,1485487.0,263.9
EXC,Exelon Corporation - Common Stock,nasdaq,44386769200.0,9503206.0,43.38
ON,ON Semiconductor Corporation - Common Stock,nasdaq,44328169934.0,10936082.0,113.11
HPE,Hewlett Packard Enterprise Company Common Stock,other,43918870346.0,16377519.0,33.1
FERG,Ferguson Enterprises Inc. Common Stock,other,43767096096.0,1606071.0,223.82
GRMN,Garmin Ltd. Common Stock (Switzerland),other,43537288505.0,792311.0,225.75
FNV,Franco-Nevada Corporation,other,43465779351.0,1093429.0,225.38
PCG,Pacific Gas & Electric Co. Common Stock,other,43227888969.0,16527835.0,16.13
FITB,Fifth Third Bancorp - Common Stock,nasdaq,42913851798.0,5930438.0,47.35
VTR,"Ventas, Inc. Common Stock",other,42515542276.0,3815021.0,87.45
STT,State Street Corporation Common Stock,other,42303840994.0,1553922.0,152.85
AMP,"Ameriprise Financial, Inc. Common Stock",other,42285790372.0,586040.0,470.38
ODFL,"Old Dominion Freight Line, Inc. - Common Stock",nasdaq,42242517643.0,2014174.0,203.12
CMG,"Chipotle Mexican Grill, Inc. Common Stock",other,41881265100.0,11956360.0,32.65
XYZ,"Block, Inc. Class A Common Stock,",other,41876935160.0,5106944.0,70.36
IDXX,"IDEXX Laboratories, Inc. - Common Stock",nasdaq,41712539984.0,659261.0,528.79
FMX,Fomento Economico Mexicano S.A.B. de C.V. Common Stock,other,41351916586.0,587219.0,121.38
YUM,"Yum! Brands, Inc.",other,41334911664.0,2156649.0,149.97
CLS,"Celestica, Inc. Common Stock",other,41223607515.0,1898659.0,358.55
MSCI,MSCI Inc. Common Stock,other,40893216000.0,566777.0,561.72
ARES,Ares Management Corporation Class A Common Stock,other,40706495525.0,2895483.0,123.41
CBOE,"Cboe Global Markets, Inc. Common Stock",other,40592442625.0,1104543.0,363.02
EME,"EMCOR Group, Inc. Common Stock",other,40578862245.0,316739.0,913.11
CCEP,Coca-Cola Europacific Partners plc - Ordinary Shares,nasdaq,40567870213.0,1367969.0,89.36
KR,Kroger Company (The) Common Stock,other,40446093907.0,4058739.0,66.02
AIG,"American International Group, Inc. New Common Stock",other,40353995480.0,2995351.0,76.11
HEI,Heico Corporation Common Stock,other,40298494367.0,1111105.0,288.84
WCN,"Waste Connections, Inc. Common Shares",other,39970791635.0,1643286.0,156.61
ALAB,"Astera Labs, Inc. - Common Stock",nasdaq,39883199247.0,5932452.0,232.68
SLF,Sun Life Financial Inc. Common Stock,other,39844617046.0,521991.0,71.92
LYV,"Live Nation Entertainment, Inc. Common Stock",other,39776832867.0,1923973.0,168.87
SATS,EchoStar Corporation - Common stock,nasdaq,39771104958.0,5446174.0,137.23
BDX,"Becton, Dickinson and Company Common Stock",other,39531785062.0,4277322.0,143.47
GFS,GlobalFoundries Inc. - Ordinary Share,nasdaq,39522317694.0,3284127.0,71.03
KDP,Keurig Dr Pepper Inc. - Common Stock,nasdaq,39360985496.0,8004589.0,28.93
PYPL,"PayPal Holdings, Inc. - Common Stock",nasdaq,39174304944.0,16474655.0,44.41
PUK,Prudential Public Limited Company Common Stock,other,39082379924.0,576869.0,30.59
ED,"Consolidated Edison, Inc. Common Stock",other,38828289719.0,2328371.0,105.36
ADM,Archer-Daniels-Midland Company Common Stock,other,38749304771.0,4574640.0,80.4
DHI,"D.R. Horton, Inc. Common Stock",other,38393843804.0,2663563.0,135.39
ALNY,"Alnylam Pharmaceuticals, Inc. - Common Stock",nasdaq,38315438200.0,1149366.0,286.98
PEG,Public Service Enterprise Group Incorporated Common Stock,other,38091687969.0,3081106.0,76.44
CBRE,CBRE Group Inc Common Stock Class A,other,38051514441.0,5046576.0,129.95
HMC,"Honda Motor Company, Ltd. Common Stock",other,37930540198.0,3563776.0,26.18
HSY,The Hershey Company Common Stock,other,37927653697.0,1599543.0,186.98
CCI,Crown Castle Inc. Common Stock,other,37822928847.0,3732753.0,86.66
RKT,"Rocket Companies, Inc. Class A Common Stock",other,37772886789.0,22997114.0,13.35
UI,Ubiquiti Inc. Common Stock,other,37720389476.0,148377.0,623.25
KB,KB Financial Group Inc,other,37357668878.0,138839.0,104.18
VIK,Viking Holdings Ltd Ordinary Shares,other,37312291464.0,3408628.0,83.7
IRM,Iron Mountain Incorporated (Delaware)Common Stock REIT,other,37211411853.0,1249786.0,125.07
HIG,"The Hartford Insurance Group, Inc. Common Stock",other,36711599414.0,1291366.0,133.92
HUM,Humana Inc. Common Stock,other,36633164880.0,1975670.0,305.12
WSE,Wise Group plc - Class A Ordinary Shares,nasdaq,36518719613.0,3206144.0,12.75
TKO,"TKO Group Holdings, Inc. Class A Common Stock",other,36327373560.0,1958514.0,190.07
TRI,Thomson Reuters Corp - Common Shares,nasdaq,36087277789.0,2577282.0,82.73
JBL,Jabil Inc. Common Stock,other,35851901008.0,1226410.0,339.82
WEC,"WEC Energy Group, Inc. Common Stock",other,35556215010.0,2388580.0,109.16
PRU,"Prudential Financial, Inc. Common Stock",other,35369710000.0,2019028.0,101.93
VG,"Venture Global, Inc. Class A common stock",other,35352414767.0,23228768.0,14.23
CCL,Carnival Corporation Ltd. Common Shares,other,35186310519.0,22786547.0,24.64
EQT,EQT Corporation Common Stock,other,35164373160.0,6352389.0,56.22
HAL,Halliburton Company Common Stock,other,34886209414.0,9228218.0,41.76
ESLT,Elbit Systems Ltd. - Ordinary Shares,nasdaq,34882164839.0,116865.0,750.01
VMC,Vulcan Materials Company (Holding Company) Common Stock,other,34752250850.0,954729.0,267.83
SYY,Sysco Corporation Common Stock,other,34701711863.0,5034910.0,72.57
QSR,Restaurant Brands International Inc. Common Shares,other,34608590041.0,2704055.0,75.84
NTR,Nutrien Ltd. Common Shares,other,34489217393.0,2300717.0,71.56
LVS,Las Vegas Sands Corp. Common Stock,other,33900525547.0,4136549.0,51.16
KGC,Kinross Gold Corporation Common Stock,other,33888558000.0,9600517.0,28.38
CHT,"Chunghwa Telecom Co., Ltd.",other,33581986072.0,106694.0,43.29
MLM,"Martin Marietta Materials, Inc. Common Stock",other,33545242494.0,554813.0,558.66
STLD,"Steel Dynamics, Inc. - Common Stock",nasdaq,33073759195.0,1020344.0,229.34
Q,"Qnity Electronics, Inc. Common Stock",other,32914403517.0,1676617.0,157.23
KVUE,Kenvue Inc. Common Stock,other,32851348309.0,22138571.0,17.11
ACGL,Arch Capital Group Ltd. - Common Stock,nasdaq,32835633480.0,3578655.0,93.98
PAYX,"Paychex, Inc. - Common Stock",nasdaq,32797947247.0,2920593.0,91.54
MTZ,"MasTec, Inc. Common Stock",other,32784798884.0,1117543.0,414.9
ROP,"Roper Technologies, Inc. - Common Stock",nasdaq,32384380503.0,1365372.0,320.9
WAT,Waters Corporation Common Stock,other,32324747183.0,856631.0,329.22
KMB,Kimberly-Clark Corporation - Common Stock,nasdaq,31836399640.0,4828099.0,95.91
ALC,Alcon Inc. Ordinary Shares,other,31800908000.0,2131795.0,63.64
CRDO,Credo Technology Group Holding Ltd - Ordinary Shares,nasdaq,31756746170.0,5516722.0,172.17
AXON,"Axon Enterprise, Inc. - Common Stock",nasdaq,31586341935.0,1039875.0,391.88
A,"Agilent Technologies, Inc. Common Stock",other,31566678809.0,1413352.0,111.7
SUNB,"Sunbelt Rentals Holdings, Inc. Common Stock",other,31518242977.0,3020878.0,76.26
CASY,"Caseys General Stores, Inc. - Common Stock",nasdaq,31516812833.0,794662.0,852.75
HBAN,Huntington Bancshares Incorporated - Common Stock,nasdaq,31238082346.0,20201681.0,15.41
WDAY,"Workday, Inc. - Class A Common Stock",nasdaq,31213190731.0,5159461.0,125.01
ZTS,Zoetis Inc. Class A Common Stock,other,31115110918.0,8944567.0,74.22
CPRT,"Copart, Inc. - Common Stock",nasdaq,31114860932.0,8054987.0,32.3
RVMD,"Revolution Medicines, Inc. - Common Stock",nasdaq,30966800655.0,2475925.0,145.66
TSEM,Tower Semiconductor Ltd. - Ordinary Shares,nasdaq,30911778157.0,2217797.0,273.98
DVN,Devon Energy Corporation Common Stock,other,30755817254.0,16475374.0,49.49
RBLX,Roblox Corporation Class A Common Stock,other,30679689223.0,11420651.0,42.85
RDDT,"Reddit, Inc. Class A Common Stock",other,30437467517.0,3334571.0,158.17
RPRX,Royalty Pharma plc - Class A Ordinary Shares,nasdaq,30432731981.0,4264803.0,52.85
NTRS,Northern Trust Corporation - Common Stock,nasdaq,30321843696.0,1031322.0,163.86
TWLO,Twilio Inc. Class A Common Stock,other,30095238699.0,3734371.0,198.29
TECK,Teck Resources Ltd Ordinary Shares,other,30033452621.0,3535720.0,61.35
RJF,"Raymond James Financial, Inc. Common Stock",other,30033424370.0,1053139.0,154.11
MTB,M&T Bank Corporation Common Stock,other,30006592794.0,1174325.0,204.9
BAP,Credicorp Ltd. Common Stock,other,29854070690.0,668046.0,316.31
VICI,VICI Properties Inc. Common Stock,other,29825942217.0,7610532.0,27.9
FISV,"Fiserv, Inc. - Common Stock",nasdaq,29504943045.0,8070527.0,55.33
ATO,Atmos Energy Corporation Common Stock,other,29458010187.0,1616920.0,176.48
ZM,"Zoom Communications, Inc. - Class A Common Stock",nasdaq,29454212958.0,6578648.0,100.16
AEE,Ameren Corporation Common Stock,other,29435301878.0,2487015.0,106.36
RMD,ResMed Inc. Common Stock,other,29283982802.0,1405666.0,201.88
DTE,DTE Energy Company Common Stock,other,29078197591.0,1425573.0,139.78
EL,"Estee Lauder Companies, Inc. (The) Common Stock",other,29044895776.0,2720874.0,80.28
CPNG,"Coupang, Inc. Class A Common Stock",other,28936434920.0,13472268.0,16.12
CNC,Centene Corporation Common Stock,other,28773551190.0,4657243.0,58.27
MTSI,"MACOM Technology Solutions Holdings, Inc. - Common Stock",nasdaq,28656692714.0,1616972.0,375.6
TDY,Teledyne Technologies Incorporated Common Stock,other,28565619908.0,223283.0,616.58
SYM,Symbotic Inc. - Class A Common Stock,nasdaq,28520086486.0,2155517.0,47.32
BIIB,Biogen Inc. - Common Stock,nasdaq,28486581725.0,1252237.0,192.95
PBA,Pembina Pipeline Corp. Ordinary Shares (Canada),other,28480084838.0,931812.0,48.99
FTI,TechnipFMC plc Ordinary Share,other,28419471218.0,3610864.0,71.28
DOV,Dover Corporation Common Stock,other,28382586229.0,657768.0,210.77
CRCL,"Circle Internet Group, Inc. Class A Common Stock",other,28337667420.0,17843541.0,114.0
IQV,"IQVIA Holdings, Inc. Common Stock",other,28226128000.0,1791079.0,169.12
DOW,Dow Inc. Common Stock ,other,27928730723.0,9184865.0,38.75
FTS,Fortis Inc. Common Shares,other,27854666156.0,874171.0,54.71
GEHC,GE HealthCare Technologies Inc. - Common Stock,nasdaq,27639224917.0,4776171.0,60.76
IR,Ingersoll Rand Inc. Common Stock,other,27530546272.0,2870999.0,70.35
NVT,nVent Electric plc Ordinary Shares ,other,27332373593.0,1876045.0,169.01
FOXA,Fox Corporation - Class A Common Stock,nasdaq,27249082528.0,3053794.0,64.85
OTIS,Otis Worldwide Corporation Common Stock ,other,27247678557.0,3768001.0,71.01
KHC,The Kraft Heinz Company - Common Stock,nasdaq,27178023463.0,11586099.0,22.92
CNP,"CenterPoint Energy, Inc (Holding Co) Common Stock",other,27167658504.0,5185262.0,41.53
AMRZ,Amrize Ltd Ordinary Shares,other,27128829207.0,2349343.0,49.01
VRSN,"VeriSign, Inc. - Common Stock",nasdaq,27078870000.0,684487.0,297.57
NRG,"NRG Energy, Inc. Common Stock",other,26966180731.0,2722304.0,127.81
P,"Everpure, Inc. Class A common stock",other,26964148393.0,2267278.0,81.18
NTRA,"Natera, Inc. - Common Stock",nasdaq,26689618590.0,2236104.0,186.36
EIX,Edison International Common Stock,other,26612348960.0,2681232.0,69.16
TPL,Texas Pacific Land Corporation Common Stock,other,26566880818.0,436531.0,385.17
PPL,PPL Corporation Common Stock,other,26241980627.0,9560704.0,34.88
TW,Tradeweb Markets Inc. - Class A Common Stock,nasdaq,26184726770.0,1060840.0,110.94
EXPE,"Expedia Group, Inc. - Common Stock",nasdaq,26132406825.0,1380188.0,217.73
TPR,"Tapestry, Inc. Common Stock",other,26128422414.0,2897219.0,129.32
STRL,"Sterling Infrastructure, Inc. - Common Stock",nasdaq,26047465193.0,472750.0,848.84
VEEV,Veeva Systems Inc. Class A Common Stock,other,25910630747.0,2094879.0,158.86
ZS,"Zscaler, Inc. - Common Stock",nasdaq,25895342718.0,4156531.0,161.05
FN,Fabrinet Ordinary Shares,other,25870505470.0,917025.0,722.04
CINF,Cincinnati Financial Corporation - Common Stock,nasdaq,25742967604.0,848506.0,166.42
CFG,"Citizens Financial Group, Inc. Common Stock",other,25736594990.0,4159895.0,60.86
ROL,"Rollins, Inc. Common Stock",other,25719788877.0,4099139.0,53.42
XYL,Xylem Inc. Common Stock New,other,25699420463.0,2304289.0,108.12
FICO,Fair Isaac Corporation Common Stock,other,25477297423.0,288909.0,1098.59
HUBB,Hubbell Inc Common Stock,other,25362467707.0,622608.0,479.97
FE,FirstEnergy Corp. Common Stock,other,25346854089.0,4844650.0,43.82
ES,Eversource Energy (D/B/A) Common Stock,other,25261295279.0,2489972.0,67.17
MDB,"MongoDB, Inc. - Class A Common Stock",nasdaq,25128859397.0,1453120.0,312.16
FSLR,"First Solar, Inc. - Common Stock",nasdaq,25076391323.0,2349485.0,233.37
AER,AerCap Holdings N.V. Ordinary Shares,other,25024943400.0,1482197.0,139.77
WRB,W.R. Berkley Corporation Common Stock,other,24737788841.0,2118071.0,66.45
JBHT,"J.B. Hunt Transport Services, Inc. - Common Stock",nasdaq,24726194019.0,1916425.0,262.21
STZ,"Constellation Brands, Inc. Common Stock",other,24512451777.0,1992235.0,142.35
FTAI,FTAI Aviation Ltd. - Common Stock,nasdaq,24411669847.0,1288256.0,237.97
FOX,Fox Corporation - Class B Common Stock,nasdaq,24316182049.0,840690.0,57.87
AWK,"American Water Works Company, Inc. Common Stock",other,24271415955.0,2994715.0,124.29
LYB,LyondellBasell Industries NV Ordinary Shares Class A (Netherlands),other,24228225061.0,7319498.0,75.06
SQM,Sociedad Quimica y Minera S.A. Common Stock,other,24067841702.0,1342054.0,84.26
SYF,Synchrony Financial Common Stock,other,24010107874.0,3360578.0,71.38
PHG,Koninklijke Philips N.V. NY Registry Shares,other,24001019805.0,1219893.0,25.23
XPO,"XPO, Inc. Common Stock",other,23978640420.0,1200348.0,204.23
LPLA,LPL Financial Holdings Inc. - Common Stock,nasdaq,23973262928.0,566122.0,299.73
EQR,Equity Residential Common Shares of Beneficial Interest,other,23934030432.0,2147107.0,63.88
DXCM,"DexCom, Inc. - Common Stock",nasdaq,23781351573.0,11132618.0,61.63
ONON,On Holding AG Class A Ordinary Shares,other,23776166130.0,8408297.0,37.26
PAAS,Pan American Silver Corp. Common Stock,other,23768317210.0,7440809.0,56.4
BG,Bunge Limited Common Shares,other,23757518182.0,1466089.0,122.45
NTAP,"NetApp, Inc. - Common Stock",nasdaq,23665834872.0,2883161.0,119.93
INSM,Insmed Incorporated - Common Stock,nasdaq,23656362502.0,3687810.0,109.14
WTW,Willis Towers Watson Public Limited Company - Ordinary Shares,nasdaq,23458988279.0,1112623.0,248.38
TSN,"Tyson Foods, Inc. Common Stock",other,23166593358.0,3589765.0,65.79
EXE,Expand Energy Corporation - Common Stock,nasdaq,23131037410.0,2262823.0,96.69
PPG,"PPG Industries, Inc. Common Stock",other,22878456000.0,1530557.0,102.64
KEY,KeyCorp Common Stock,other,22812108476.0,18571485.0,21.04
RF,Regions Financial Corporation Common Stock,other,22751098483.0,14759553.0,26.66
DG,Dollar General Corporation Common Stock,other,22546770642.0,3435910.0,102.38
FWONK,Liberty Media Corporation - Series C Liberty Formula One Common Stock,nasdaq,22439235094.0,1797718.0,89.54
DRI,"Darden Restaurants, Inc. Common Stock",other,22436261738.0,805294.0,195.89
CTSH,Cognizant Technology Solutions Corporation - Class A Common Stock,nasdaq,22333468074.0,8909218.0,47.13
CHD,"Church & Dwight Company, Inc. Common Stock",other,22284545768.0,1923459.0,94.05
TEAM,Atlassian Corporation  - Class A Common Stock,nasdaq,22194537211.0,6810085.0,87.46
BCE,"BCE, Inc. Common Stock",other,22184789186.0,3347436.0,23.79
CMS,CMS Energy Corporation Common Stock,other,22131000287.0,1985406.0,71.64
NI,NiSource Inc Common Stock,other,22094152993.0,3908790.0,46.3
AFRM,"Affirm Holdings, Inc. - Class A Common Stock",nasdaq,22043023548.0,3480794.0,65.82
AKAM,"Akamai Technologies, Inc. - Common Stock",nasdaq,21935756847.0,4155567.0,150.88
TROW,"T. Rowe Price Group, Inc. - Common Stock",nasdaq,21857336478.0,2047072.0,102.01
L,Loews Corporation Common Stock,other,21770346763.0,843146.0,105.8
PFG,Principal Financial Group Inc - Common Stock,nasdaq,21715724964.0,2022359.0,100.53
STLA,Stellantis N.V. Common Shares,other,21702149138.0,15750905.0,7.49
FIS,"Fidelity National Information Services, Inc. Common Stock",other,21605548512.0,7982636.0,41.8
ILMN,"Illumina, Inc. - Common Stock",nasdaq,21566302000.0,1770129.0,142.54
ULTA,"Ulta Beauty, Inc. - Common Stock",nasdaq,21531042420.0,626779.0,494.28
CPAY,"Corpay, Inc. Common Stock",other,21453742673.0,400891.0,328.23
NXT,Nextpower Inc. - Class A Common Stock,nasdaq,21423579386.0,2864556.0,144.29
WST,"West Pharmaceutical Services, Inc. Common Stock",other,21398450050.0,686695.0,302.89
VRSK,"Verisk Analytics, Inc. - Common Stock",nasdaq,21297600092.0,1691988.0,162.55
ALB,Albemarle Corporation Common Stock,other,21273052347.0,2581982.0,180.38
SBAC,SBA Communications Corporation - Class A Common Stock,nasdaq,21172299454.0,1063885.0,199.62
ATI,ATI Inc. Common Stock,other,21046469252.0,1370231.0,154.22
PHM,"PulteGroup, Inc. Common Stock",other,20974452329.0,2205823.0,110.11
ROIV,Roivant Sciences Ltd. - Common Shares,nasdaq,20962886303.0,7211233.0,29.29
MTD,"Mettler-Toledo International, Inc. Common Stock",other,20846969496.0,204064.0,1031.64
VLTO,Veralto Corp Common Stock ,other,20834185735.0,2395718.0,84.83
WWD,"Woodward, Inc. - Common Stock",nasdaq,20806930890.0,636689.0,349.21
STE,STERIS plc (Ireland) Ordinary Shares,other,20802693553.0,1387937.0,212.11
DGX,Quest Diagnostics Incorporated Common Stock,other,20657060616.0,1081786.0,186.61
FWONA,Liberty Media Corporation - Series A Liberty Formula One Common Stock,nasdaq,20567210456.0,144661.0,82.07
MAIR,Madison Air Solutions Corporation Class A Common Stock,other,20551986852.0,1763721.0,41.0
LH,Labcorp Holdings Inc. Common Stock,other,20532800000.0,568964.0,250.4
MKSI,MKS Inc. - Common Stock,nasdaq,20477353589.0,1214384.0,303.17
FFIV,"F5, Inc. - Common Stock",nasdaq,20456490577.0,537005.0,362.58
SITM,SiTime Corporation - Common Stock,nasdaq,20432728682.0,551959.0,774.06
EXPD,"Expeditors International of Washington, Inc. Common Stock",other,20331481625.0,859202.0,155.45
CRS,Carpenter Technology Corporation Common Stock,other,20317937315.0,522996.0,408.93
ENTG,"Entegris, Inc. - Common Stock",nasdaq,20293175000.0,3275138.0,133.07
LEN,Lennar Corporation Class A Common Stock,other,20270349761.0,3566751.0,82.3
EDU,"New Oriental Education & Technology Group, Inc. Sponsored ADR representing 10 Ordinary Share (Cayman Islands)",other,20251296331.0,472240.0,50.9
DD,"DuPont de Nemours, Inc. Common Stock",other,20213219599.0,4551683.0,49.31
OMC,Omnicom Group Inc. Common Stock,other,20186988863.0,3760348.0,70.83
SOFI,"SoFi Technologies, Inc.  - Common Stock",nasdaq,20023590132.0,49930879.0,15.61
ULS,UL Solutions Inc. Class A Common Stock,other,19954748385.0,421072.0,99.0
WSM,"Williams-Sonoma, Inc. Common Stock (DE)",other,19856123869.0,1212916.0,168.64
WIT,Wipro Limited Common Stock,other,19792337133.0,12500446.0,1.89
RL,Ralph Lauren Corporation Common Stock,other,19783905133.0,549948.0,326.81
SW,Smurfit WestRock plc Ordinary Shares,other,19656913643.0,3793652.0,37.48
CHTR,"Charter Communications, Inc. - Class A Common Stock",nasdaq,19503700077.0,5618803.0,140.33
MRNA,"Moderna, Inc. - Common Stock",nasdaq,19458398141.0,7230268.0,49.04
IONQ,"IonQ, Inc. Common Stock",other,19391373799.0,27152121.0,51.95
RGLD,"Royal Gold, Inc. - Common Stock",nasdaq,19376742569.0,874412.0,228.32
DKS,Dick's Sporting Goods Inc Common Stock,other,19363898088.0,789956.0,216.48
CHRW,"C.H. Robinson Worldwide, Inc. - Common Stock",nasdaq,19282850941.0,2785362.0,163.59
CF,"CF Industries Holdings, Inc. Common Stock",other,19240530276.0,2793000.0,125.24
VTRS,Viatris Inc. - Common Stock,nasdaq,19191827738.0,9829624.0,16.48
HPQ,HP Inc. Common Stock,other,19099102770.0,15858009.0,20.81
RCI,"Rogers Communication, Inc. Common Stock",other,19091525985.0,1609579.0,35.34
BRO,"Brown & Brown, Inc. Common Stock",other,19075984491.0,2785155.0,56.28
TU,Telus Corporation Ordinary Shares,other,19064314147.0,4175512.0,12.21
CX,"Cemex, S.A.B. de C.V. Sponsored ADR",other,19039906404.0,6197455.0,12.56
INCY,Incyte Corporation - Common Stock,nasdaq,19038910962.0,1649089.0,95.31
RBA,"RB Global, Inc. Common Stock",other,18980479388.0,1154551.0,102.09
IREN,IREN Limited - Ordinary Shares,nasdaq,18919627002.0,48540403.0,52.94
PKG,Packaging Corporation of America Common Stock,other,18896041056.0,496615.0,212.08
EFX,"Equifax, Inc. Common Stock",other,18857497413.0,1414460.0,158.37
LUV,Southwest Airlines Company Common Stock,other,18817787951.0,6380922.0,38.5
BWXT,"BWX Technologies, Inc. Common Stock",other,18755350943.0,847504.0,204.72
APG,APi Group Corporation Common Stock,other,18737110524.0,2465048.0,43.25
SMCI,"Super Micro Computer, Inc. - Common Stock",nasdaq,18668029681.0,27276512.0,31.04
IFF,"International Flavors & Fragrances, Inc. Common Stock",other,18662683876.0,1721819.0,73.1
SNA,Snap-On Incorporated Common Stock,other,18630559089.0,464802.0,359.65
EVRG,"Evergy, Inc. - Common Stock",nasdaq,18556298513.0,2319927.0,80.5
SNX,TD SYNNEX Corporation Common Stock,other,18513264807.0,405313.0,230.29
GPN,Global Payments Inc. Common Stock,other,18486070203.0,2566158.0,67.58
RS,"Reliance, Inc. Common Stock",other,18465781863.0,211352.0,361.73
BURL,"Burlington Stores, Inc. Common Stock",other,18446967566.0,719560.0,293.6
AS,"Amer Sports, Inc. Ordinary Shares",other,18313796989.0,4056819.0,32.84
LNT,Alliant Energy Corporation - Common Stock,nasdaq,18311841923.0,2627209.0,70.9
ROKU,"Roku, Inc. - Class A Common Stock",nasdaq,18303316212.0,1903035.0,124.02
CDE,"Coeur Mining, Inc. Common Stock",other,18217734589.0,36597305.0,17.61
USFD,US Foods Holding Corp. Common Stock,other,18141860021.0,3230545.0,82.38
BCH,Banco De Chile ADS,other,18122464367.0,445798.0,35.88
RBC,RBC Bearings Incorporated Common Stock,other,17993085947.0,525665.0,569.06
FTV,Fortive Corporation Common Stock ,other,17901439153.0,2908386.0,58.72
GIS,"General Mills, Inc. Common Stock",other,17606143382.0,11264893.0,32.99
VNOM,"Viper Energy, Inc.  - Class A Common Stock",nasdaq,17585072027.0,1413200.0,48.98
WCC,"WESCO International, Inc. Common Stock",other,17471418858.0,607601.0,358.72
PR,Permian Resources Corporation Class A Common Stock,other,17449084504.0,15832973.0,20.84
DLTR,"Dollar Tree, Inc. - Common Stock",nasdaq,17443501869.0,2737352.0,89.58
AMKR,"Amkor Technology, Inc. - Common Stock",nasdaq,17437831641.0,3135447.0,70.35
WMG,Warner Music Group Corp. - Class A Common Stock,nasdaq,17437607101.0,3305811.0,33.43
LII,"Lennox International, Inc. Common Stock",other,17399636000.0,396441.0,499.99
ITT,ITT Inc. Common Stock ,other,17394558000.0,930553.0,194.57
RIVN,"Rivian Automotive, Inc. - Class A Common Stock",nasdaq,17381161379.0,42102574.0,13.79
TTMI,"TTM Technologies, Inc. - Common Stock",nasdaq,17379307374.0,2086468.0,167.35
CG,The Carlyle Group Inc. - Common Stock,nasdaq,17285971985.0,3491170.0,48.02
IOT,Samsara Inc. Class A Common Stock,other,17224910024.0,5148560.0,29.56
YPF,YPF Sociedad Anonima Common Stock,other,17172036542.0,1001916.0,43.66
ESS,"Essex Property Trust, Inc. Common Stock",other,17162040994.0,835969.0,267.06
OVV,Ovintiv Inc. (DE),other,17000127780.0,3745606.0,60.0
AMCR,Amcor plc Ordinary Shares,other,16963463366.0,4900634.0,36.69
THC,Tenet Healthcare Corporation Common Stock,other,16939702420.0,1657835.0,196.66
AGI,Alamos Gold Inc. Class A Common Shares,other,16895208485.0,3282725.0,40.23
BR,"Broadridge Financial Solutions, Inc. Common Stock",other,16842161209.0,2483609.0,145.62
KEP,Korea Electric Power Corporation Common Stock,other,16691066002.0,1424286.0,13.0
INVH,Invitation Homes Inc. Common Stock,other,16591591831.0,5722179.0,27.93
MGA,"Magna International, Inc. Common Stock",other,16569202820.0,1294205.0,60.4
KSPI,Joint Stock Company Kaspi.kz - American Depository Shares,nasdaq,16568571522.0,803846.0,87.51
BEN,"Franklin Resources, Inc. Common Stock",other,16540050866.0,4037490.0,31.83
AA,Alcoa Corporation Common Stock ,other,16501033884.0,3975780.0,62.53
PS,Pershing Square Inc. Common Stock,other,16468000000.0,428938.0,41.17
LSCC,Lattice Semiconductor Corporation - Common Stock,nasdaq,16456013704.0,2369791.0,120.11
TLK,"PT Telekomunikasi Indonesia, Tbk",other,16414609291.0,733778.0,16.57
PTC,PTC Inc. - Common Stock,nasdaq,16391426801.0,1255333.0,141.91
WSO,"Watsco, Inc. Common Stock",other,16391084832.0,277567.0,403.15
EWBC,"East West Bancorp, Inc. - Common Stock",nasdaq,16358723645.0,919480.0,119.41
WY,Weyerhaeuser Company Common Stock,other,16353255240.0,6414388.0,22.68
NWS,News Corporation - Class B Common Stock,nasdaq,16281066642.0,1167335.0,29.74
WPC,W. P. Carey Inc. REIT,other,16235453363.0,922256.0,72.89
ZBH,"Zimmer Biomet Holdings, Inc. Common Stock",other,16192809743.0,2578896.0,83.7
FLUT,Flutter Entertainment plc Ordinary Shares,other,16183231311.0,2491371.0,92.38
NVMI,Nova Ltd. - Ordinary Shares,nasdaq,16182300194.0,412693.0,509.15
DOCN,"DigitalOcean Holdings, Inc. Common Stock",other,16162880711.0,3457620.0,154.87
TPG,TPG Inc. - Class A Common Stock,nasdaq,16060412856.0,1618138.0,41.79
CLH,"Clean Harbors, Inc. Common Stock",other,16052510680.0,711683.0,303.76
TSCO,Tractor Supply Company - Common Stock,nasdaq,16032424761.0,9485886.0,30.57
IP,International Paper Company Common Stock,other,16023183633.0,6547599.0,30.26
AEG,Aegon Ltd. New York Registry Shares,other,16016094779.0,5205723.0,8.39
NBIX,"Neurocrine Biosciences, Inc. - Common Stock",nasdaq,15929128307.0,1307460.0,158.42
H,Hyatt Hotels Corporation Class A Common Stock,other,15892595861.0,1070190.0,168.78
YUMC,"Yum China Holdings, Inc. Common Stock",other,15889696854.0,1095125.0,45.51
NLY,Annaly Capital Management Inc. Common Stock,other,15880181706.0,6472684.0,21.68
EMA,Emera Incorporated Common Shares,other,15792701314.0,215895.0,51.62
LDOS,"Leidos Holdings, Inc. Common Stock",other,15558404290.0,1243183.0,123.69
SSNC,"SS&C Technologies Holdings, Inc. - Common Stock",nasdaq,15553062239.0,3329910.0,64.58
GNRC,Generac Holdlings Inc. Common Stock,other,15522493806.0,972572.0,263.68
KIM,Kimco Realty Corporation (HC) Common Stock,other,15510965216.0,4388339.0,23.0
TXT,Textron Inc. Common Stock,other,15436124843.0,1629321.0,88.77
IEX,IDEX Corporation Common Stock,other,15372186150.0,701228.0,207.69
NDSN,Nordson Corporation - Common Stock,nasdaq,15333795418.0,616691.0,274.88
AAOI,"Applied Optoelectronics, Inc. - Common Stock",nasdaq,15275013126.0,8430367.0,190.36
TLN,Talen Energy Corporation - Common Stock,nasdaq,15172827140.0,646298.0,334.24
AUR,"Aurora Innovation, Inc.  - Class A Common Stock",nasdaq,15120875816.0,42178225.0,7.71
DTM,"DT Midstream, Inc. Common Stock ",other,15106250593.0,820205.0,148.08
LOGI,Logitech International S.A. - Registered Shares,nasdaq,15097195549.0,886832.0,102.99
MLI,"Mueller Industries, Inc. Common Stock",other,15086254438.0,373928.0,136.44
PFGC,Performance Food Group Company Common Stock,other,15075913000.0,1994202.0,95.97
SN,"SharkNinja, Inc. Ordinary Shares",other,14948797634.0,11957569.0,105.63
ASND,Ascendis Pharma A/S - Ordinary Share,nasdaq,14905566624.0,471393.0,240.5
LAMR,Lamar Advertising Company - Class A Common Stock,nasdaq,14768686200.0,672434.0,145.54
OWL,Blue Owl Capital Inc. Class A Common Stock,other,14748615923.0,14792913.0,9.46
BALL,Ball Corporation Common Stock,other,14696807407.0,1957001.0,55.2
SKM,"SK Telecom Co., Ltd. Common Stock",other,14675770800.0,2621836.0,38.26
HST,"Host Hotels & Resorts, Inc. - Common Stock",nasdaq,14642719028.0,11014102.0,21.38
GRAB,Grab Holdings Limited - Class A Ordinary Shares,nasdaq,14556710330.0,46900616.0,3.55
OKTA,"Okta, Inc. - Class A Common Stock",nasdaq,14551056716.0,2640889.0,82.77
JBS,JBS N.V. Class A Common Shares,other,14435420113.0,8301310.0,13.48
PL,Planet Labs PBC Class A Common Stock,other,14406722504.0,8750761.0,41.62
JAZZ,Jazz Pharmaceuticals plc - Ordinary Shares,nasdaq,14353674931.0,1346380.0,228.77
MOD,Modine Manufacturing Company Common Stock,other,14303864498.0,1212821.0,271.26
LECO,"Lincoln Electric Holdings, Inc. - Common Shares",nasdaq,14295052741.0,201528.0,260.92
BSAC,Banco Santander - Chile ADS,other,14218260267.0,471113.0,30.18
PNFP,"Pinnacle Financial Partners, Inc. Common stock",other,14207062464.0,869314.0,94.02
GEN,Gen Digital Inc. - Common Stock,nasdaq,14202815500.0,9195458.0,23.45
NWSA,News Corporation - Class A Common Stock,nasdaq,14189820019.0,3342563.0,25.92
RGC,Regencell Bioscience Holdings Limited - Ordinary Shares,nasdaq,14132492991.0,119688.0,28.58
OHI,"Omega Healthcare Investors, Inc. Common Stock",other,14094968660.0,3392792.0,47.33
ARXS,"Arxis, Inc. - Class A Common Stock",nasdaq,14085981653.0,832388.0,34.59
ARMK,Aramark Common Stock,other,13957575177.0,4424368.0,53.08
REG,Regency Centers Corporation - Common Stock,nasdaq,13926341847.0,1003048.0,76.06
EG,"Everest Group, Ltd. Common Stock",other,13916145275.0,343513.0,351.67
APA,APA Corporation - Common Stock,nasdaq,13778269448.0,8638125.0,38.98
RGA,"Reinsurance Group of America, Incorporated Common Stock",other,13767591204.0,254802.0,210.15
RMBS,"Rambus, Inc. - Common Stock",nasdaq,13738801657.0,2267649.0,127.05
FPS,"Forgent Power Solutions, Inc. Class A Common Stock",other,13705388583.0,6976336.0,45.02
BEPC,Brookfield Renewable Corporation Brookfield Renewable Corporation Class A Subordinate Voting Shares,other,13688508019.0,967020.0,36.32
IESC,"IES Holdings, Inc. - Common Stock",nasdaq,13592075711.0,123659.0,682.2
ARCC,Ares Capital Corporation - Closed End Fund,nasdaq,13570631771.0,4379238.0,18.9
ONTO,Onto Innovation Inc. Common Stock,other,13518809204.0,982362.0,271.77
SOLS,Solstice Advanced Materials Inc. - Common Stock,nasdaq,13515831675.0,1999481.0,85.11
HAS,"Hasbro, Inc. - Common Stock",nasdaq,13476988413.0,1577322.0,95.25
CSL,Carlisle Companies Incorporated Common Stock,other,13386656442.0,376021.0,330.82
JLL,Jones Lang LaSalle Incorporated Common Stock,other,13372020122.0,712057.0,288.23
TOST,"Toast, Inc. Class A Common Stock",other,13369000000.0,12700313.0,23.05
DOC,"Healthpeak Properties, Inc. Common Stock",other,13347165431.0,12908252.0,19.36
GIB,CGI Inc. Common Stock,other,13345122837.0,451092.0,63.11
CSGP,"CoStar Group, Inc. - Common Stock",nasdaq,13345064766.0,37829942.0,32.68
GFL,"GFL Environmental Inc. Subordinate voting shares, no par value",other,13303775010.0,1356843.0,37.09
TIGO,Millicom International Cellular S.A. - Common Stock,nasdaq,13280961515.0,1016864.0,79.27
DECK,Deckers Outdoor Corporation Common Stock,other,13280839287.0,1772422.0,93.56
SGI,Somnigroup International Inc. Common Stock,other,13184150312.0,2549490.0,62.68
LULU,lululemon athletica inc. - Common Stock,nasdaq,13162905423.0,2943031.0,119.14
TYL,"Tyler Technologies, Inc. Common Stock",other,13151607540.0,924181.0,311.89
GLPI,"Gaming and Leisure Properties, Inc. - Common Stock",nasdaq,13145057910.0,1571047.0,46.38
MAS,Masco Corporation Common Stock,other,13140981226.0,3435955.0,65.14
DY,"Dycom Industries, Inc. Common Stock",other,13129234645.0,259192.0,437.37
RRX,Regal Rexnord Corporation Common Stock,other,13124857013.0,814435.0,197.16
RBRK,"Rubrik, Inc. Class A Common Stock",other,13124493242.0,3153254.0,63.77
CHKP,Check Point Software Technologies Ltd. - Ordinary Shares,nasdaq,13097076221.0,1983473.0,124.03
SMMT,Summit Therapeutics Inc.  - Common Stock,nasdaq,13093863821.0,2671512.0,16.87
J,Jacobs Solutions Inc. Common Stock,other,13049117938.0,1537957.0,110.51
UNM,Unum Group Common Stock,other,13044131825.0,1140791.0,81.64
CDW,CDW Corporation - Common Stock,nasdaq,13039794744.0,2195880.0,102.07
BWA,BorgWarner Inc. Common Stock,other,12965315421.0,3499077.0,63.21
BBIO,"BridgeBio Pharma, Inc. - Common Stock",nasdaq,12942150333.0,2679230.0,66.13
CNH,CNH Industrial N.V. Common Shares,other,12932684101.0,9801403.0,10.43
EVR,Evercore Inc. Class A Common Stock,other,12902929363.0,425312.0,333.56
FNF,"Fidelity National Financial, Inc. Common Stock",other,12900720892.0,1201805.0,47.93
ALLY,Ally Financial Inc. Common Stock,other,12870903373.0,2628951.0,41.99
SOLV,Solventum Corporation Common Stock,other,12859954113.0,1667544.0,74.26
HII,"Huntington Ingalls Industries, Inc. Common Stock",other,12852412139.0,436980.0,326.17
TRMB,Trimble Inc. - Common Stock,nasdaq,12851438042.0,2356874.0,55.13
DVA,DaVita Inc. Common Stock,other,12823308000.0,700044.0,199.74
SMTC,Semtech Corporation - Common Stock,nasdaq,12816279918.0,2255958.0,137.64
GPC,Genuine Parts Company Common Stock,other,12781191494.0,1740163.0,92.87
TRU,TransUnion Common Stock,other,12774928000.0,1737283.0,66.26
PEN,"Penumbra, Inc. Common Stock",other,12677304906.0,443698.0,322.32
DINO,HF Sinclair Corporation Common Stock,other,12621083344.0,2193769.0,70.01
AIZ,"Assurant, Inc. Common Stock",other,12615323857.0,481738.0,254.61
SANM,Sanmina Corporation - Common Stock,nasdaq,12613690955.0,854882.0,235.34
EXEL,"Exelixis, Inc. - Common Stock",nasdaq,12600430311.0,2070420.0,50.13
CRBG,Corebridge Financial Inc. Common Stock,other,12587564815.0,6947348.0,27.56
GH,"Guardant Health, Inc. - Common Stock",nasdaq,12586385261.0,1771185.0,94.92
GGG,Graco Inc. Common Stock,other,12567110362.0,1419096.0,75.72
SNN,"Smith & Nephew SNATS, Inc. Common Stock",other,12550423775.0,796426.0,29.54
RNR,RenaissanceRe Holdings Ltd. Common Stock,other,12543919653.0,741195.0,294.23
VICR,Vicor Corporation - Common Stock,nasdaq,12474263654.0,1096713.0,273.67
MKC,"McCormick & Company, Incorporated Common Stock",other,12455402360.0,3337916.0,46.35
DKNG,DraftKings Inc. - Class A Common Stock,nasdaq,12403220425.0,12983087.0,25.0
ZBRA,Zebra Technologies Corporation - Class A Common Stock,nasdaq,12353720215.0,1224898.0,259.35
BJ,"BJ's Wholesale Club Holdings, Inc. Common Stock",other,12304442362.0,1953020.0,96.36
AEIS,"Advanced Energy Industries, Inc. - Common Stock",nasdaq,12301396313.0,1185656.0,323.46
PAYP,PayPay Corporation - American Depository Shares,nasdaq,12298748448.0,424300.0,19.29
NTNX,"Nutanix, Inc. - Class A Common Stock",nasdaq,12289928575.0,2266358.0,46.34
SAIA,"Saia, Inc. - Common Stock",nasdaq,12278893501.0,320899.0,460.38
IONS,"Ionis Pharmaceuticals, Inc. - Common Stock",nasdaq,12267439532.0,2119177.0,74.23
APLD,Applied Digital Corporation - Common Stock,nasdaq,12162351580.0,17674822.0,42.56
RPM,RPM International Inc. Common Stock,other,12155150431.0,648560.0,95.24
MDGL,"Madrigal Pharmaceuticals, Inc. - Common Stock",nasdaq,12074018062.0,222454.0,523.69
FIG,"Figma, Inc. Class A Common Stock",other,12060224789.0,77274305.0,22.92
NYT,New York Times Company (The) Common Stock,other,12055533822.0,1854776.0,74.48
GL,Globe Life Inc. Common Stock,other,12038043745.0,1066280.0,155.04
VIAV,Viavi Solutions Inc. - Common Stock,nasdaq,12029881754.0,4388832.0,51.43
IVZ,Invesco Ltd Common Stock,other,12022204578.0,4083672.0,27.12
UDR,"UDR, Inc. Common Stock",other,11995885909.0,4616688.0,36.92
EQH,"Equitable Holdings, Inc. Common Stock",other,11987095626.0,4212739.0,42.58
ENLT,Enlight Renewable Energy Ltd. - Ordinary Shares,nasdaq,11974061432.0,169302.0,85.87
TOL,"Toll Brothers, Inc. Common Stock",other,11953917540.0,1273299.0,126.22
AVY,Avery Dennison Corporation Common Stock,other,11948563041.0,647000.0,156.21
PNW,Pinnacle West Capital Corporation Common Stock,other,11924817134.0,1422265.0,98.4
AGNC,AGNC Investment Corp. - Common Stock,nasdaq,11869588672.0,18495155.0,10.34
MEDP,"Medpace Holdings, Inc. - Common Stock",nasdaq,11859982051.0,286839.0,415.27
BBY,"Best Buy Co., Inc. Common Stock",other,11857925124.0,4250068.0,56.28
ELS,"Equity Lifestyle Properties, Inc. Common Stock",other,11851523864.0,1611644.0,61.11
AR,Antero Resources Corporation Common Stock,other,11848128640.0,4233611.0,38.24
QXO,"QXO, Inc. Common Stock",other,11841993930.0,22322168.0,16.33
HL,Hecla Mining Company Common Stock,other,11831366789.0,15485033.0,17.64
CNA,CNA Financial Corporation Common Stock,other,11830339215.0,416430.0,43.73
FIVE,"Five Below, Inc. - Common Stock",nasdaq,11813208632.0,1106064.0,213.64
PNR,Pentair plc. Ordinary Share,other,11745490720.0,1644768.0,72.68
AXSM,"Axsome Therapeutics, Inc. - Common Stock",nasdaq,11718417914.0,549398.0,227.72
TXRH,"Texas Roadhouse, Inc. - Common Stock",nasdaq,11697899582.0,967469.0,177.97
SWK,"Stanley Black & Decker, Inc. Common Stock",other,11680931079.0,2338389.0,75.14
FRVO,Fervo Energy Company - Class A common stock,nasdaq,11643069393.0,7049756.0,41.06
COO,"The Cooper Companies, Inc.  - Common Stock",nasdaq,11630769265.0,2081446.0,59.61
TFII,TFI International Inc. Common Shares,other,11601122876.0,317588.0,141.15
GLXY,Galaxy Digital Inc. - Class A common stock,nasdaq,11565971871.0,4047446.0,29.61
GDDY,GoDaddy Inc. Class A Common Stock,other,11543490461.0,1458996.0,87.18
HUT,Hut 8 Corp. - Common Stock,nasdaq,11537518657.0,4780003.0,102.47
WBS,Webster Financial Corporation Common Stock,other,11529805598.0,3748402.0,71.16
APTV,Aptiv PLC Ordinary Shares,other,11499459437.0,4683051.0,54.34
DT,"Dynatrace, Inc. Common Stock",other,11440912733.0,8549229.0,38.36
SF,Stifel Financial Corporation Common Stock,other,11402353490.0,1219448.0,74.33
RDY,Dr. Reddy's Laboratories Ltd Common Stock,other,11356937518.0,2265787.0,13.61
AIT,"Applied Industrial Technologies, Inc. Common Stock",other,11352862209.0,186218.0,307.17
WLK,Westlake Corporation Common Stock,other,11350411609.0,1870487.0,88.59
COKE,"Coca-Cola Consolidated, Inc. - Common Stock",nasdaq,11333902339.0,714481.0,170.27
BMNR,"BitMine Immersion Technologies, Inc. Common Stock",other,11317491394.0,50184566.0,19.87
LFUS,"Littelfuse, Inc. - Common Stock",nasdaq,11281632963.0,936020.0,446.11
BLD,TopBuild Corp. Common Stock,other,11278252442.0,794229.0,400.76
ALGN,"Align Technology, Inc. - Common Stock",nasdaq,11261950471.0,923630.0,157.25
JHX,James Hardie Industries plc. Ordinary Shares,other,11239034800.0,9636520.0,19.27
KNX,Knight-Swift Transportation Holdings Inc.,other,11221835640.0,5276762.0,69.06
FHN,First Horizon Corporation Common Stock,other,11186741852.0,2834281.0,23.57
AFG,"American Financial Group, Inc. Common Stock",other,11158460947.0,307009.0,134.3
AAON,"AAON, Inc. - Common Stock",nasdaq,11098217588.0,1159444.0,135.49
DRS,"Leonardo DRS, Inc. - Common Stock",nasdaq,11070626611.0,790954.0,41.5
PSKY,Paramount Skydance Corporation - Class B Common Stock,nasdaq,11068621544.0,14994920.0,9.89
WULF,TeraWulf Inc. - Common Stock,nasdaq,11060288636.0,23919630.0,22.32
AMH,American Homes 4 Rent Common Shares of Beneficial Interest,other,11037831071.0,4233912.0,30.61
GWRE,"Guidewire Software, Inc. Common Stock",other,11017323146.0,2225918.0,130.14
CLX,Clorox Company (The) Common Stock,other,10937336198.0,1933447.0,90.45
MP,MP Materials Corp. Common Stock,other,10907420071.0,5206447.0,61.27
PINS,"Pinterest, Inc. Class A Common Stock",other,10906263157.0,13607698.0,19.47
SEIC,SEI Investments Company - Common Stock,nasdaq,10894326166.0,565458.0,90.58
HRL,Hormel Foods Corporation Common Stock,other,10862610246.0,5432745.0,19.74
OKLO,Oklo Inc. Class A common stock,other,10830938941.0,11797671.0,62.25
ARWR,"Arrowhead Pharmaceuticals, Inc. - Common Stock",nasdaq,10799507800.0,1747020.0,76.67
ALLE,Allegion plc Ordinary Shares,other,10797840935.0,1236718.0,125.65
XE,"X-Energy, Inc. - Class A Common Stock",nasdaq,10790288090.0,5082940.0,27.3
CACI,"CACI International, Inc. Class A Common Stock",other,10757581883.0,354111.0,486.96
CCK,"Crown Holdings, Inc.",other,10736614961.0,1088326.0,96.08
SCI,Service Corporation International Common Stock,other,10725865385.0,1025942.0,77.74
SJM,The J.M. Smucker Company Common Stock,other,10722421992.0,1905098.0,100.54
KLAR,Klarna Group plc Ordinary Shares,other,10704627050.0,14620497.0,15.17
CGNX,Cognex Corporation - Common Stock,nasdaq,10694113921.0,1530859.0,64.26
JEF,Jefferies Financial Group Inc. Common Stock,other,10677499395.0,1975194.0,52.23
PAG,"Penske Automotive Group, Inc. Common Stock",other,10663214176.0,343733.0,162.18
POWL,"Powell Industries, Inc. - Common Stock",nasdaq,10661722080.0,1260724.0,292.65
ARW,"Arrow Electronics, Inc. Common Stock",other,10654780328.0,778066.0,208.37
EHC,Encompass Health Corporation Common Stock,other,10578589891.0,708800.0,106.64
WMS,"Advanced Drainage Systems, Inc. Common Stock",other,10565757149.0,789848.0,135.64
GSAT,"Globalstar, Inc. - Common Stock",nasdaq,10558116563.0,1115862.0,81.98
WTRG,"Essential Utilities, Inc. Common Stock",other,10497256701.0,1309904.0,37.01
HLI,"Houlihan Lokey, Inc. Class A Common Stock",other,10492219705.0,705047.0,150.35
RVTY,"Revvity, Inc. Common Stock",other,10483271869.0,1171307.0,93.97
GIL,"Gildan Activewear, Inc. Class A Sub. Vot. Common Stock",other,10460872035.0,949913.0,56.49
AM,Antero Midstream Corporation Common Stock,other,10440060400.0,2154899.0,21.98
EQX,Equinox Gold Corp. Common Shares,other,10439874153.0,12207818.0,13.23
GMED,"Globus Medical, Inc. Class A Common Stock",other,10403468137.0,1367459.0,76.64
ENSG,"The Ensign Group, Inc. - Common Stock",nasdaq,10383994218.0,526852.0,177.67
MUSA,Murphy USA Inc. Common Stock,other,10374614351.0,355054.0,561.68
LUMN,"Lumen Technologies, Inc. Common Stock",other,10354626254.0,18252033.0,10.05
AES,The AES Corporation Common Stock,other,10319392107.0,9625274.0,14.47
ESI,Element Solutions Inc. Common Stock,other,10314328763.0,4631812.0,42.34
CPT,Camden Property Trust Common Stock,other,10312319306.0,1694382.0,102.59
SWKS,"Skyworks Solutions, Inc. - Common Stock",nasdaq,10307320644.0,5532837.0,68.53
PODD,Insulet Corporation - Common Stock,nasdaq,10213768828.0,1442140.0,147.46
UHS,"Universal Health Services, Inc. Common Stock",other,10208850233.0,1097769.0,168.64
MICC,The Magnum Ice Cream Company N.V. Ordinary Shares,other,10200247252.0,7282951.0,16.66
JOBY,"Joby Aviation, Inc. Common Stock",other,10190539947.0,25349879.0,10.36
HUBS,"HubSpot, Inc. Common Stock",other,10160575261.0,2878937.0,198.38
AGX,"Argan, Inc. Common Stock",other,10083783474.0,279378.0,722.31
EMBJ,Embraer S.A. Common Stock,other,10075359992.0,2393405.0,55.76
AG,First Majestic Silver Corp. Ordinary Shares (Canada),other,10066541618.0,18227168.0,20.42
SPXC,"SPX Technologies, Inc. Common Stock",other,10062531991.0,524744.0,200.99
DPZ,Domino's Pizza Inc - Common Stock,nasdaq,10054730682.0,744015.0,302.29
BMRN,BioMarin Pharmaceutical Inc. - Common Stock,nasdaq,10014066733.0,2076013.0,51.81
RRC,Range Resources Corporation Common Stock,other,10004520735.0,2112616.0,42.46
HMY,Harmony Gold Mining Company Limited,other,9972200944.0,4474342.0,15.71
TTD,"The Trade Desk, Inc. - Class A Common Stock",nasdaq,9942791835.0,17549593.0,21.15
FCFS,"FirstCash Holdings, Inc. - Common Stock",nasdaq,9930763073.0,287109.0,226.54
CR,Crane Company Common Stock,other,9925328510.0,672053.0,171.88
GTLS,"Chart Industries, Inc. Common Stock",other,9923259455.0,670692.0,207.3
ELAN,Elanco Animal Health Incorporated Common Stock,other,9919068718.0,7849469.0,19.86
DAR,Darling Ingredients Inc. Common Stock,other,9912299630.0,2082711.0,62.37
WTS,"Watts Water Technologies, Inc. Class A Common Stock",other,9910750061.0,329786.0,296.81
HBM,Hudbay Minerals Inc. Ordinary Shares (Canada),other,9910565946.0,6598063.0,24.95
WYNN,"Wynn Resorts, Limited - Common Stock",nasdaq,9903329681.0,1028103.0,95.42
IAG,Iamgold Corporation Ordinary Shares,other,9850098000.0,5198188.0,16.98
FORM,"FormFactor, Inc. - Common Stock",nasdaq,9843349060.0,2738070.0,126.27
ERIE,Erie Indemnity Company - Class A Common Stock,nasdaq,9841122511.0,150717.0,213.05
SFD,"Smithfield Foods, Inc. - Common Stock",nasdaq,9840866348.0,1450036.0,25.01
VMI,"Valmont Industries, Inc. Common Stock",other,9837867644.0,201738.0,506.75
IT,"Gartner, Inc. Common Stock",other,9790374728.0,1786771.0,146.23
FRT,Federal Realty Investment Trust Common Stock,other,9775801533.0,1081022.0,113.16
KTOS,"Kratos Defense & Security Solutions, Inc. - Common Stock",nasdaq,9767915967.0,4032553.0,52.09
WTFC,Wintrust Financial Corporation - Common Stock,nasdaq,9751596562.0,446591.0,144.58
BSY,"Bentley Systems, Incorporated - Class B Common Stock",nasdaq,9742759335.0,2704688.0,32.07
JKHY,"Jack Henry & Associates, Inc. - Common Stock",nasdaq,9724720259.0,2467377.0,136.87
CTRE,"CareTrust REIT, Inc. Common Stock",other,9718923268.0,1714598.0,41.14
ALSN,"Allison Transmission Holdings, Inc. Common Stock",other,9702680417.0,767357.0,116.99
GME,GameStop Corporation Common Stock,other,9686369390.0,5301393.0,21.59
MOH,Molina Healthcare Inc Common Stock,other,9637979000.0,879066.0,184.99
PRAX,"Praxis Precision Medicines, Inc. - Common Stock",nasdaq,9550710397.0,326320.0,342.58
OGE,OGE Energy Corp Common Stock,other,9548939833.0,1038853.0,46.27
ORI,Old Republic International Corporation Common Stock,other,9547950366.0,1074229.0,39.32
UHAL,U-Haul Holding Company Common Stock,other,9543110420.0,199227.0,48.67
AHR,"American Healthcare REIT, Inc. Common Stock",other,9510845900.0,3321305.0,49.35
FIGR,"Figure Technology Solutions, Inc. - Class A Common Stock",nasdaq,9502386407.0,5204197.0,43.28
DCI,"Donaldson Company, Inc. Common Stock",other,9489819071.0,675284.0,81.94
UMBF,UMB Financial Corporation - Common Stock,nasdaq,9470748321.0,678309.0,124.65
MGM,MGM Resorts International Common Stock,other,9458820158.0,4859747.0,36.97
KT,KT Corporation Common Stock,other,9441282667.0,1198389.0,19.58
VSAT,"ViaSat, Inc. - Common Stock",nasdaq,9440282370.0,1618035.0,69.5
CYTK,"Cytokinetics, Incorporated - Common Stock",nasdaq,9438210055.0,1829743.0,75.85
ICLR,ICON plc - Ordinary Shares,nasdaq,9398483367.0,643484.0,116.38
DOCU,"DocuSign, Inc. - Common Stock",nasdaq,9348576074.0,4111016.0,47.71
MASI,Masimo Corporation - Common Stock,nasdaq,9345725754.0,662289.0,178.47
CART,Maplebear Inc. - Common Stock,nasdaq,9333033914.0,5952788.0,39.71
BXP,"BXP, Inc. Common Stock",other,9329427374.0,1384370.0,58.5
BPOP,"Popular, Inc. - Common Stock",nasdaq,9296011604.0,422325.0,144.04
PSO,"Pearson, Plc Common Stock",other,9263211707.0,588575.0,14.57
OC,Owens Corning Inc Common Stock New,other,9186670632.0,1162195.0,114.08
ACM,AECOM Common Stock,other,9164969425.0,1312629.0,71.31
SNAP,Snap Inc. Class A Common Stock,other,9164099965.0,37912594.0,5.53
LLYVK,"Liberty Live Holdings, Inc. - Series C Liberty Live Group Common Stock",nasdaq,9155360730.0,367007.0,99.51
LGN,Legence Corp. - Class A Common stock,nasdaq,9107597668.0,2503799.0,84.3
CNM,"Core & Main, Inc. Class A Common Stock",other,9096294634.0,1721120.0,46.77
GGB,Gerdau S.A. Common Stock,other,9085661899.0,14508349.0,4.6
XP,XP Inc. - Class A Common Stock,nasdaq,9054909574.0,5212121.0,17.47
KRYS,"Krystal Biotech, Inc. - Common Stock",nasdaq,9029354465.0,316549.0,306.29
SSB,SouthState Bank Corporation Common Stock,other,9006946925.0,511586.0,92.22
ONB,Old National Bancorp - Common Stock,nasdaq,8998627170.0,3514751.0,23.29
BRX,Brixmor Property Group Inc. Common Stock,other,8971902681.0,1720660.0,29.24
VFS,VinFast Auto Ltd. - Ordinary Shares,nasdaq,8960422918.0,567662.0,3.83
CAVA,"CAVA Group, Inc. Common Stock",other,8948412332.0,1939310.0,76.87
ADC,Agree Realty Corporation Common Stock,other,8942858881.0,963825.0,74.46
BAX,Baxter International Inc. Common Stock,other,8934913838.0,5357053.0,17.3
R,"Ryder System, Inc. Common Stock",other,8934142966.0,369078.0,230.91
BROS,Dutch Bros Inc. Class A Common Stock,other,8908807386.0,3546706.0,51.01
LLYVA,"Liberty Live Holdings, Inc. - Series A Liberty Live Group Common Stock",nasdaq,8881187531.0,117818.0,96.53
RIOT,"Riot Platforms, Inc. - Common Stock",nasdaq,8874855722.0,14049529.0,23.49
CHWY,"Chewy, Inc. Class A Common Stock",other,8866885794.0,8124844.0,21.28
STN,Stantec Inc Common Stock,other,8813956704.0,604290.0,77.27
MWH,"SOLV Energy, Inc. - Class A common stock",nasdaq,8792061954.0,719824.0,43.44
ZION,Zions Bancorporation N.A. - Common Stock,nasdaq,8771085048.0,1085200.0,59.63
BAH,Booz Allen Hamilton Holding Corporation Common Stock,other,8763594249.0,1744851.0,72.67
LINE,"Lineage, Inc. - Common Stock",nasdaq,8754079334.0,720884.0,38.45
SNEX,StoneX Group Inc. - Common Stock,nasdaq,8734307374.0,1002423.0,110.21
ENS,EnerSys Common Stock,other,8733038611.0,642442.0,236.98
BVN,Buenaventura Mining Company Inc.,other,8709209669.0,2135210.0,34.29
ZG,"Zillow Group, Inc. - Class A Common Stock",nasdaq,8708196889.0,1222265.0,38.06
SIRI,SiriusXM Holdings Inc. - Common Stock,nasdaq,8694892947.0,2709512.0,25.83
CUBE,CubeSmart Common Shares,other,8685226847.0,2124226.0,38.36
Z,"Zillow Group, Inc. - Class C Capital Stock",nasdaq,8616676165.0,3075959.0,37.66
ALV,"Autoliv, Inc. Common Stock",other,8598054369.0,965056.0,114.85
TTC,Toro Company (The) Common Stock,other,8596013208.0,753160.0,88.68
SBSW,D/B/A Sibanye-Stillwater Limited ADS,other,8576618810.0,4935208.0,12.12
PRI,"Primerica, Inc. Common Stock",other,8548783953.0,138504.0,274.14
AYI,Acuity Inc. Common Stock,other,8537660764.0,270472.0,281.63
MSGS,Madison Square Garden Sports Corp. Class A Common Stock (New),other,8463714655.0,284208.0,351.54
CFR,"Cullen/Frost Bankers, Inc. Common Stock",other,8458762366.0,559788.0,134.7
GKOS,Glaukos Corporation Common Stock,other,8458270523.0,978787.0,144.01
VIRT,"Virtu Financial, Inc. Class A Common Stock",other,8450655538.0,1007709.0,54.49
NE,Noble Corporation plc A Ordinary Shares,other,8439980438.0,899299.0,52.9
MBLY,Mobileye Global Inc. - Class A Common Stock,nasdaq,8438705133.0,5369675.0,10.02
DDS,"Dillard's, Inc. Common Stock",other,8412759977.0,150941.0,538.69
PRMB,Primo Brands Corporation Class A Common Stock,other,8411293267.0,2276847.0,23.18
SARO,"StandardAero, Inc. Common Stock",other,8394917293.0,2627277.0,25.25
RYAN,"Ryan Specialty Holdings, Inc. Class A Common Stock",other,8387005991.0,2521429.0,31.81
CHRD,Chord Energy Corporation - Common Stock,nasdaq,8354235765.0,777341.0,148.39
COLB,"Columbia Banking System, Inc. - Common Stock",nasdaq,8328637830.0,3184158.0,28.77
KNTK,Kinetik Holdings Inc. Class A Common Stock,other,8324194021.0,1011733.0,51.27
KRMN,Karman Holdings Inc. Common Stock,other,8318675788.0,2238187.0,62.77
NNN,"NNN REIT, Inc. Common Stock",other,8317650298.0,1610850.0,43.72
FLS,Flowserve Corporation Common Stock,other,8316402856.0,2069196.0,65.07
CIFR,Cipher Digital Inc. - Common Stock,nasdaq,8315970175.0,24210780.0,20.33
HSIC,"Henry Schein, Inc. - Common Stock",nasdaq,8284026569.0,3096425.0,72.72
ICL,ICL Group Ltd. Ordinary Shares,other,8273212193.0,908285.0,6.41
MXL,"MaxLinear, Inc - Common Stock",nasdaq,8268673854.0,6174776.0,92.34
MTCH,"Match Group, Inc. - Common Stock",nasdaq,8257635020.0,3060218.0,35.4
CAE,CAE Inc. Ordinary Shares,other,8202816154.0,729583.0,25.49
AGCO,AGCO Corporation Common Stock,other,8202437939.0,683631.0,113.28
EMN,Eastman Chemical Company Common Stock,other,8185170137.0,1012033.0,71.58
FRO,Frontline Plc Ordinary Shares,other,8161355111.0,1795716.0,36.66
CRUS,"Cirrus Logic, Inc. - Common Stock",nasdaq,8146390097.0,387971.0,159.71
AAL,"American Airlines Group, Inc. - Common Stock",nasdaq,8141651036.0,37223358.0,12.31
WAL,Western Alliance Bancorporation Common Stock (DE),other,8125574491.0,1177023.0,74.42
QRVO,"Qorvo, Inc. - Common Stock",nasdaq,8119261334.0,1033044.0,92.25
ACI,"Albertsons Companies, Inc. Class A Common Stock",other,8110371409.0,4483769.0,16.4
ORA,"Ormat Technologies, Inc. Common Stock",other,8082134423.0,1551467.0,131.52
NUVL,"Nuvalent, Inc. - Class A Common Stock",nasdaq,8081486705.0,798486.0,102.3
LEVI,Levi Strauss & Co Class A Common Stock,other,8068829346.0,3330654.0,20.98
FR,"First Industrial Realty Trust, Inc. Common Stock",other,8064258892.0,804078.0,60.83
SFM,"Sprouts Farmers Market, Inc. - Common Stock",nasdaq,8041728179.0,1596874.0,85.51
ZWS,Zurn Elkay Water Solutions Corporation Common Stock,other,8019864139.0,830644.0,48.06
FROG,JFrog Ltd. - Ordinary shares,nasdaq,8013280940.0,1729255.0,66.16
ECG,"Everus Construction Group, Inc. Common Stock",other,7999240492.0,752987.0,156.72
ALGM,"Allegro MicroSystems, Inc. - Common Stock",nasdaq,7986036497.0,3526062.0,43.1
JHG,Janus Henderson Group plc Ordinary Shares,other,7968790446.0,1444575.0,51.72
HALO,"Halozyme Therapeutics, Inc. - Common Stock",nasdaq,7961304560.0,2144819.0,67.12
TKR,Timken Company (The) Common Stock,other,7956426450.0,1289555.0,114.49
CMC,Commercial Metals Company Common Stock,other,7900726110.0,1297758.0,71.25
AVAV,"AeroVironment, Inc. - Common Stock",nasdaq,7889570894.0,930173.0,158.0
TEM,"Tempus AI, Inc. - Class A Common Stock",nasdaq,7888280214.0,5682410.0,43.93
YOU,"Clear Secure, Inc. Class A Common Stock",other,7870135450.0,1076939.0,58.89
RIG,Transocean Ltd (Switzerland) Common Stock,other,7859745879.0,30435072.0,7.04
REXR,"Rexford Industrial Realty, Inc. Common Stock",other,7841447454.0,1530898.0,34.74
ARE,"Alexandria Real Estate Equities, Inc. Common Stock",other,7836898516.0,1518192.0,44.97
CAMT,Camtek Ltd. - Ordinary Shares,nasdaq,7836457988.0,533192.0,168.35
WFRD,Weatherford International plc - Ordinary shares,nasdaq,7827633882.0,794127.0,108.83
SM,SM Energy Company Common Stock,other,7813410166.0,3706083.0,32.59
KEX,Kirby Corporation Common Stock,other,7794950000.0,543684.0,145.7
SOBO,South Bow Corporation Common Shares,other,7776034895.0,653372.0,37.28
MANH,"Manhattan Associates, Inc. - Common Stock",nasdaq,7769495535.0,564331.0,131.32
AMG,"Affiliated Managers Group, Inc. Common Stock",other,7762775902.0,308382.0,293.91
IDA,"IDACORP, Inc. Common Stock",other,7754936571.0,439654.0,139.96
FDS,FactSet Research Systems Inc. Common Stock,other,7744528978.0,1192645.0,212.58
AOS,A.O. Smith Corporation Common Stock,other,7719781230.0,1829770.0,56.01
NFG,National Fuel Gas Company Common Stock,other,7719722455.0,910647.0,81.23
CELH,"Celsius Holdings, Inc. - Common Stock",nasdaq,7710113258.0,9144509.0,30.16
CORZ,"Core Scientific, Inc. - Common Stock",nasdaq,7696002919.0,10130799.0,24.21
GAP,"Gap, Inc. (The) Common Stock",other,7690411021.0,6398066.0,21.05
W,Wayfair Inc. Class A Common Stock,other,7684836172.0,3898510.0,58.22
BOKF,BOK Financial Corporation - Common Stock,nasdaq,7677767542.0,265182.0,126.36
JXN,Jackson Financial Inc. Class A Common Stock ,other,7659885112.0,523195.0,109.83
TAP,Molson Coors Beverage Company Class B Common Stock,other,7659597542.0,2537286.0,40.84
SAIL,"SailPoint, Inc. - Common Stock",nasdaq,7657504925.0,5037525.0,13.5
BLDR,"Builders FirstSource, Inc. Common Stock",other,7573290869.0,2932336.0,70.41
PCVX,"Vaxcyte, Inc. - Common Stock",nasdaq,7564994560.0,1294553.0,52.39
LTH,"Life Time Group Holdings, Inc. Common Stock",other,7510616380.0,2201011.0,33.74
ESE,ESCO Technologies Inc. Common Stock,other,7509711948.0,403371.0,289.87
OSK,Oshkosh Corporation (Holding Company)Common Stock,other,7506474091.0,1020089.0,120.39
MTDR,Matador Resources Company Common Stock,other,7492914217.0,1505317.0,60.34
QBTS,D-Wave Quantum Inc. Common Shares,other,7463110180.0,23691733.0,20.35
NXE,Nexgen Energy Ltd. Common Shares,other,7439580892.0,6498513.0,11.24
CBSH,"Commerce Bancshares, Inc. - Common Stock",nasdaq,7427346200.0,1384164.0,50.95
VOYA,"Voya Financial, Inc. Common Stock",other,7383864694.0,1818463.0,81.44
SSD,"Simpson Manufacturing Company, Inc. Common Stock",other,7348127612.0,189154.0,178.62
LUNR,"Intuitive Machines, Inc. - Class A Common Stock",nasdaq,7347837237.0,13615855.0,33.89
ATR,"AptarGroup, Inc. Common Stock",other,7318275636.0,447005.0,114.67
NOV,NOV Inc. Common Stock,other,7310558338.0,4107133.0,20.37
AXS,Axis Capital Holdings Limited Common Stock,other,7305235455.0,546095.0,99.09
VAL,Valaris Limited Common Shares,other,7301215165.0,1474337.0,105.43
UGI,UGI Corporation Common Stock,other,7287242271.0,2274457.0,33.99
MYRG,"MYR Group, Inc. - Common Stock",nasdaq,7278836489.0,196527.0,467.46
CWAN,"Clearwater Analytics Holdings, Inc. Class A Common Stock",other,7268189886.0,1968335.0,24.35
CRL,"Charles River Laboratories International, Inc. Common Stock",other,7266102071.0,1397682.0,150.85
STAG,"Stag Industrial, Inc. Common Stock",other,7221814927.0,884176.0,37.77
KNSL,"Kinsale Capital Group, Inc. Common Stock",other,7179224927.0,311333.0,311.29
VLY,Valley National Bancorp - Common Stock,nasdaq,7164920011.0,6591492.0,12.93
SLAB,"Silicon Laboratories, Inc. - Common Stock",nasdaq,7143533044.0,573661.0,216.59
NCLH,Norwegian Cruise Line Holdings Ltd. Ordinary Shares,other,7125389373.0,23630468.0,15.52
ST,Sensata Technologies Holding plc Ordinary Shares,other,7053454231.0,3063839.0,48.5
OGC,OceanaGold Corporation Common Shares,other,7042688102.0,233287.0,31.41
HR,Healthcare Realty Trust Incorporated Common Stock,other,7030922818.0,3450204.0,20.29
OSCR,"Oscar Health, Inc. Class A Common Stock",other,7030816760.0,8540708.0,23.32
JAN,"Janus Living, Inc. Class A-1 Common Stock",other,7020595904.0,478875.0,26.68
PCOR,"Procore Technologies, Inc. Common Stock",other,6990743707.0,2265133.0,46.33
ENPH,"Enphase Energy, Inc. - Common Stock",nasdaq,6970807856.0,20302085.0,52.89
MOS,Mosaic Company (The) Common Stock,other,6916342973.0,8643695.0,21.76
TRNO,Terreno Realty Corporation Common Stock,other,6915283945.0,499655.0,65.05
PLXS,Plexus Corp. - Common Stock,nasdaq,6914661879.0,318383.0,258.43
AVT,"Avnet, Inc. - Common Stock",nasdaq,6894944249.0,1051030.0,84.06
HQY,"HealthEquity, Inc. - Common Stock",nasdaq,6888348652.0,843829.0,82.17
AXTI,AXT Inc - Common Stock,nasdaq,6879547206.0,9753993.0,123.78
TEX,Terex Corporation Common Stock,other,6866846000.0,1073672.0,60.13
BBUC,Brookfield Business Corporation Class A Subordinate Voting Shares,other,6856087506.0,260058.0,33.12
FAF,First American Corporation (New) Common Stock,other,6838509000.0,845378.0,67.11
OR,OR Royalties Inc. Common Shares,other,6828599367.0,1582110.0,36.42
THG,Hanover Insurance Group Inc,other,6809828222.0,308664.0,194.64
QGEN,Qiagen N.V. Common Shares,other,6796345354.0,1803456.0,32.98
SSRM,SSR Mining Inc. - Common Stock,nasdaq,6796322070.0,4376179.0,31.39
TTEK,"Tetra Tech, Inc. - Common Stock",nasdaq,6794356620.0,5745922.0,26.18
FSS,Federal Signal Corporation Common Stock,other,6791381160.0,277238.0,111.33
TECH,Bio-Techne Corp - Common Stock,nasdaq,6779426918.0,5229872.0,43.3
KYMR,"Kymera Therapeutics, Inc. - Common Stock",nasdaq,6762396309.0,468294.0,82.21
CHYM,"Chime Financial, Inc. - Class A Common Stock",nasdaq,6740228569.0,7170747.0,17.69
IDCC,"InterDigital, Inc. - Common Stock",nasdaq,6729270201.0,342757.0,260.37
PB,"Prosperity Bancshares, Inc. Common Stock",other,6706836819.0,635090.0,66.5
MIDD,The Middleby Corporation - Common Stock,nasdaq,6693963931.0,595922.0,143.58
UEC,Uranium Energy Corp. Common Stock,other,6691513688.0,9954386.0,13.65
HXL,Hexcel Corporation Common Stock,other,6686619862.0,751707.0,88.65
SGHC,Super Group (SGHC) Limited Ordinary Shares,other,6676128994.0,2899772.0,13.14
ROAD,"Construction Partners, Inc. - Common Stock",nasdaq,6673926293.0,481606.0,118.05
CELC,Celcuity Inc. - Common Stock,nasdaq,6654993414.0,1474520.0,137.68
LEA,Lear Corporation Common Stock,other,6648621539.0,757242.0,132.72
BRKR,Bruker Corporation - Common Stock,nasdaq,6645783557.0,2776836.0,42.88
RAL,Ralliant Corporation Common Stock,other,6643232334.0,2302722.0,59.35
BIO,"Bio-Rad Laboratories, Inc. Class A Common Stock",other,6624298353.0,374721.0,247.53
RHP,"Ryman Hospitality Properties, Inc. (REIT)",other,6613220613.0,1006447.0,104.79
AWI,Armstrong World Industries Inc Common Stock,other,6612136936.0,241976.0,155.17
MSA,MSA Safety Incorporated Common Stock,other,6610564200.0,378187.0,171.24
TFPM,Triple Flag Precious Metals Corp. Common Shares,other,6607193106.0,1136593.0,31.98
NPO,Enpro Inc. Common Stock,other,6586026235.0,193173.0,311.74
LNC,Lincoln National Corporation Common Stock,other,6571997581.0,1465447.0,34.37
PTGX,"Protagonist Therapeutics, Inc. - Common Stock",nasdaq,6571336093.0,560793.0,102.18
AROC,"Archrock, Inc. Common Stock",other,6560041538.0,1744360.0,37.43
TXNM,"TXNM Energy, Inc. Common Stock",other,6559404977.0,1678380.0,59.25
PPC,Pilgrim's Pride Corporation - Common Stock,nasdaq,6557128694.0,1114046.0,27.56
DOX,Amdocs Limited - Ordinary Shares,nasdaq,6539583073.0,1311158.0,60.58
BTG,B2Gold Corp Common shares (Canada),other,6535657103.0,19684395.0,4.9
EPRT,"Essential Properties Realty Trust, Inc. Common Stock",other,6532790301.0,1217418.0,30.21
JBTM,JBT Marel Corporation Common Stock,other,6529824303.0,550971.0,125.41
VFC,V.F. Corporation Common Stock,other,6526272561.0,9646477.0,16.68
KGS,"Kodiak Gas Services, Inc. Common Stock",other,6521741075.0,5231189.0,73.49
BZ,KANZHUN LIMITED - American Depository Shares,nasdaq,6511676241.0,5276943.0,14.07
SYRE,"Spyre Therapeutics, Inc. - Common Stock",nasdaq,6506146675.0,1958762.0,74.92
PAYC,"Paycom Software, Inc. Common Stock",other,6489308748.0,1128804.0,136.24
INGR,Ingredion Incorporated Common Stock,other,6471120840.0,995134.0,102.62
MORN,"Morningstar, Inc. - Common Stock",nasdaq,6466284181.0,559179.0,170.04
CAG,"ConAgra Brands, Inc. Common Stock",other,6425411005.0,16013248.0,13.43
CBC,"Central Bancompany, Inc. - Class A Common Stock",nasdaq,6391796566.0,539913.0,26.6
POOL,Pool Corporation - Common Stock,nasdaq,6390280576.0,1042443.0,175.35
AUGO,Aura Minerals Inc. - Common Shares,nasdaq,6383706949.0,1410253.0,76.42
STEP,StepStone Group Inc. - Class A Common Stock,nasdaq,6379916240.0,499978.0,53.54
SWX,"Southwest Gas Holdings, Inc. Common Stock (DE)",other,6347276362.0,414333.0,87.7
STWD,"STARWOOD PROPERTY TRUST, INC. Starwood Property Trust Inc.",other,6317555633.0,2712694.0,17.04
NEU,NewMarket Corp Common Stock,other,6280775294.0,110361.0,682.84
LKQ,LKQ Corporation - Common Stock,nasdaq,6270402449.0,6914066.0,24.61
PJT,PJT Partners Inc. Class A Common Stock,other,6265790399.0,424956.0,156.53
DBX,"Dropbox, Inc. - Class A Common Stock",nasdaq,6257123406.0,3146725.0,26.82
ALKS,Alkermes plc - Ordinary Shares,nasdaq,6247009246.0,1315723.0,37.48
MIRM,"Mirum Pharmaceuticals, Inc. - common stock",nasdaq,6231366681.0,1672750.0,102.185
RSI,"Rush Street Interactive, Inc. Class A Common Stock",other,6230131183.0,1520498.0,26.77
CE,Celanese Corporation Common Stock,other,6228832215.0,2070195.0,56.8
RYTM,"Rhythm Pharmaceuticals, Inc. - Common Stock",nasdaq,6203571586.0,576751.0,90.52
FLR,Fluor Corporation Common Stock,other,6195756587.0,2463382.0,44.36
TV,Grupo Televisa S.A.B. Common Stock,other,6195722904.0,1195975.0,2.85
GTES,Gates Industrial Corporation plc Ordinary Shares,other,6194566592.0,1393029.0,24.4
OMF,"OneMain Holdings, Inc. Common Stock",other,6183216551.0,851911.0,53.52
AN,"AutoNation, Inc. Common Stock",other,6161934304.0,341287.0,184.15
PRIM,Primoris Services Corporation Common Stock,other,6148711784.0,1345445.0,113.33
GATX,GATX Corporation Common Stock,other,6129785000.0,260918.0,172.67
EQPT,EquipmentShare.com Inc - Class A Common Stock,nasdaq,6128124027.0,3095979.0,24.29
EXP,Eagle Materials Inc Common Stock,other,6118579983.0,347495.0,194.66
APGE,"Apogee Therapeutics, Inc. - Common Stock",nasdaq,6117093888.0,714851.0,81.14
LNTH,"Lantheus Holdings, Inc. - Common Stock",nasdaq,6114112161.0,926980.0,93.91
URBN,"Urban Outfitters, Inc. - Common Stock",nasdaq,6096809013.0,1180624.0,68.95
ACA,"Arcosa, Inc. Common Stock ",other,6094822627.0,233485.0,124.14
LW,"Lamb Weston Holdings, Inc. Common Stock ",other,6083487700.0,2818800.0,44.06
VSNT,"Versant Media Group, Inc. - Class A Common Stock",nasdaq,6081432450.0,3368006.0,42.98
FNB,F.N.B. Corporation Common Stock,other,6076304609.0,5203762.0,17.07
GVA,Granite Construction Incorporated Common Stock,other,6061105146.0,699085.0,138.55
CORT,Corcept Therapeutics Incorporated - Common Stock,nasdaq,6051409354.0,874530.0,56.37
TGTX,"TG Therapeutics, Inc. - Common Stock",nasdaq,6046801410.0,1717268.0,39.5
CHDN,"Churchill Downs, Incorporated - Common Stock",nasdaq,6044812831.0,610779.0,86.73
ACT,"Enact Holdings, Inc. - Common Stock",nasdaq,6005624050.0,229684.0,43.02
LAD,"Lithia Motors, Inc. Common Stock",other,5973300374.0,450889.0,261.92
LSTR,"Landstar System, Inc. - Common Stock",nasdaq,5972722088.0,661394.0,176.04
WH,"Wyndham Hotels & Resorts, Inc. Common Stock ",other,5969374835.0,924927.0,79.74
NXST,"Nexstar Media Group, Inc. - Common Stock",nasdaq,5967008371.0,226933.0,195.39
CPB,The Campbell's Company - Common Stock,nasdaq,5965911225.0,7641619.0,20.01
FSV,FirstService Corporation - Common Shares,nasdaq,5963834402.0,183693.0,129.7
RYN,Rayonier Inc. REIT Common Stock,other,5960809960.0,3482500.0,19.82
RGTI,"Rigetti Computing, Inc.  - Common stock",nasdaq,5933318705.0,27007545.0,17.85
PACS,"PACS Group, Inc. Common Stock",other,5932048652.0,840574.0,37.48
GBCI,"Glacier Bancorp, Inc. Common Stock",other,5929299316.0,724671.0,45.56
PTCT,"PTC Therapeutics, Inc. - Common Stock",nasdaq,5928389187.0,843507.0,71.47
SRRK,Scholar Rock Holding Corporation - Common Stock,nasdaq,5913528480.0,1346178.0,49.35
CGON,"CG Oncology, Inc. - Common stock",nasdaq,5903391518.0,1181159.0,66.93
COMP,"Compass, Inc. Class A Common Stock",other,5887565995.0,11063830.0,7.88
MHK,"Mohawk Industries, Inc. Common Stock",other,5885635681.0,996085.0,96.56
EAT,"Brinker International, Inc. Common Stock",other,5885062544.0,1153935.0,137.22
CLF,Cleveland-Cliffs Inc. Common Stock,other,5880975114.0,12434093.0,10.31
BYD,Boyd Gaming Corporation Common Stock,other,5878772038.0,797596.0,79.09
INGM,Ingram Micro Holding Corporation Common Stock,other,5853707914.0,969729.0,25.27
MSM,"MSC Industrial Direct Company, Inc. Common Stock",other,5843618989.0,894261.0,104.66
MUR,Murphy Oil Corporation Common Stock,other,5825726769.0,1263441.0,40.64
DSGX,The Descartes Systems Group Inc. - Common Stock,nasdaq,5823594485.0,344578.0,67.7
RGEN,Repligen Corporation - Common Stock,nasdaq,5802664214.0,2307340.0,102.87
GTX,Garrett Motion Inc. - Common Stock,nasdaq,5799099823.0,2022593.0,30.98
HIMS,"Hims & Hers Health, Inc. Class A Common Stock",other,5798015260.0,20614651.0,25.05
GLNG,Golar LNG Limited - Common Shares,nasdaq,5794651847.0,1880969.0,57.04
NJR,NewJersey Resources Corporation Common Stock,other,5785833780.0,570798.0,57.33
SEI,"Solaris Energy Infrastructure, Inc. Class A Common Stock",other,5778929496.0,2658727.0,78.58
CHE,Chemed Corp,other,5767996411.0,268898.0,434.53
S,"SentinelOne, Inc. Class A Common Stock",other,5757388172.0,7978241.0,16.86
VNO,Vornado Realty Trust Common Stock,other,5752029378.0,1323226.0,30.58
TFX,Teleflex Incorporated Common Stock,other,5742289069.0,542723.0,129.71
AXTA,Axalta Coating Systems Ltd. Common Shares,other,5737843170.0,1152705.0,26.81
BLCO,Bausch + Lomb Corporation Common Shares,other,5737171928.0,450889.0,16.09
BIRK,Birkenstock Holding plc Ordinary Shares,other,5736029887.0,5543707.0,31.19
PCTY,Paylocity Holding Corporation - Common Stock,nasdaq,5735639493.0,677181.0,107.12
CACC,Credit Acceptance Corporation - Common Stock,nasdaq,5730131495.0,145349.0,547.81
OTEX,Open Text Corporation - Common Shares,nasdaq,5683670982.0,3191178.0,22.68
CZR,"Caesars Entertainment, Inc. - Common Stock",nasdaq,5662218654.0,6279547.0,27.8
MAC,Macerich Company (The) Common Stock,other,5645833639.0,4178556.0,21.6
IBP,"Installed Building Products, Inc. Common Stock",other,5635727125.0,609570.0,209.19
PEGA,Pegasystems Inc. - Common Stock,nasdaq,5633482079.0,1703877.0,33.71
CENX,Century Aluminum Company - Common Stock,nasdaq,5623705351.0,1632251.0,56.82
AMTM,"Amentum Holdings, Inc. Common Stock",other,5614389011.0,1945019.0,22.98
PIPR,Piper Sandler Companies Common Stock,other,5597552427.0,638193.0,78.79
IMVT,"Immunovant, Inc.  - Common Stock",nasdaq,5595099628.0,1252340.0,27.49
SNDR,"Schneider National, Inc. Common Stock",other,5593470398.0,2333806.0,31.94
COGT,"Cogent Biosciences, Inc. - Common Stock",nasdaq,5583966371.0,2077632.0,32.68
TTAN,"ServiceTitan, Inc. - Class A Common Stock",nasdaq,5582102249.0,1212066.0,58.52
ESNT,Essent Group Ltd. Common Shares,other,5566954273.0,784555.0,60.41
OBDC,Blue Owl Capital Corporation Common Stock,other,5563583803.0,3346036.0,11.21
ABCB,Ameris Bancorp Common Stock,other,5555669048.0,340160.0,82.56
OUT,OUTFRONT Media Inc. Common Stock,other,5547761200.0,3117855.0,31.51
BKH,Black Hills Corporation Common Stock,other,5545206641.0,1477042.0,72.84
GXO,"GXO Logistics, Inc. Common Stock ",other,5543041018.0,1474721.0,48.18
MRCY,Mercury Systems Inc - Common Stock,nasdaq,5525783334.0,469976.0,92.03
FLG,"Flagstar Bank, N.A. Common Stock",other,5514464064.0,5236471.0,13.23
ETSY,"Etsy, Inc. Common Stock",other,5510624134.0,2057611.0,58.07
MTG,MGIC Investment Corporation Common Stock,other,5477597941.0,1288261.0,25.9
POR,Portland General Electric Co Common Stock,other,5471714920.0,1037068.0,47.28
MGY,Magnolia Oil & Gas Corporation Class A Common Stock,other,5467060190.0,2157412.0,29.56
NOVT,Novanta Inc. - Common Shares,nasdaq,5448258155.0,396954.0,152.99
STVN,Stevanato Group S.p.A. Ordinary Shares,other,5448137223.0,444966.0,17.99
MATX,"Matson, Inc. Common Stock",other,5443758986.0,180876.0,179.88
USAR,"USA Rare Earth, Inc. - Common Stock",nasdaq,5439832577.0,13368986.0,24.39
MCY,Mercury General Corporation Common Stock,other,5433624309.0,188122.0,98.1
CRC,California Resources Corporation Common Stock,other,5428920247.0,691912.0,61.14
PRM,"Perimeter Solutions, SA Common Stock",other,5420712303.0,1479033.0,33.23
CPA,"Copa Holdings, S.A. Class A Common Stock",other,5418770201.0,687854.0,131.72
CWST,"Casella Waste Systems, Inc. - Class A Common Stock",nasdaq,5418294774.0,755328.0,85.18
ESAB,ESAB Corporation Common Stock,other,5394119683.0,421152.0,88.6
ADT,ADT Inc. Common Stock,other,5393612158.0,11341993.0,6.83
PSN,Parsons Corporation Common Stock,other,5389577888.0,987844.0,50.38
LBRT,Liberty Energy Inc. Class A common stock,other,5377157157.0,4034431.0,32.95
LOAR,Loar Holdings Inc. Common Stock,other,5374044635.0,868399.0,57.4
LB,LandBridge Company LLC Class A Shares Representing Limited Liability Company Interests,other,5368855349.0,307895.0,69.71
RRR,"Red Rock Resorts, Inc. - Class A Common Stock",nasdaq,5367837971.0,693458.0,51.44
APPF,"AppFolio, Inc. - Class A Common Stock",nasdaq,5363889456.0,227698.0,151.7
BGC,"BGC Group, Inc. - Class A Common Stock",nasdaq,5360643768.0,3106092.0,11.19
BLSH,Bullish Ordinary Shares,other,5359776737.0,2194140.0,35.66
VCTR,"Victory Capital Holdings, Inc. - Common Stock",nasdaq,5345158941.0,672355.0,85.48
PATH,"UiPath, Inc. Class A Common Stock",other,5344953687.0,46960454.0,10.27
RUSHA,"Rush Enterprises, Inc. - Class A Common Stock",nasdaq,5340388638.0,286710.0,68.72
KLIC,"Kulicke and Soffa Industries, Inc. - Common Stock",nasdaq,5340046769.0,875321.0,102.04
MIAX,"Miami International Holdings, Inc. Common Stock",other,5329981950.0,1232618.0,56.16
TKC,Turkcell Iletisim Hizmetleri AS Common Stock,other,5324000000.0,1016463.0,6.05
CAR,"Avis Budget Group, Inc. - Common Stock",nasdaq,5302986898.0,455492.0,150.12
HASI,"HA Sustainable Infrastructure Capital, Inc. Common Stock",other,5290145508.0,1161488.0,41.19
OZK,Bank OZK - Common Stock,nasdaq,5286851448.0,1097760.0,46.73
SIGI,"Selective Insurance Group, Inc. - Common Stock",nasdaq,5280491664.0,643388.0,88.2
BIPC,Brookfield Infrastructure Corporation Brookfield Infrastructure Corporation,other,5274579955.0,1240634.0,39.66
PLUG,"Plug Power, Inc. - Common Stock",nasdaq,5273361130.0,97366276.0,3.78
KRG,Kite Realty Group Trust Common Stock,other,5265515667.0,2208814.0,25.93
XENE,Xenon Pharmaceuticals Inc. - Common Shares,nasdaq,5257639265.0,610361.0,54.39
KMX,CarMax Inc,other,5240703026.0,3153530.0,36.93
ESTC,Elastic N.V. Ordinary Shares,other,5237151005.0,2408398.0,50.6
ONDS,Ondas Inc - Common Stock,nasdaq,5234302467.0,140034677.0,10.62
DUOL,"Duolingo, Inc. - Class A Common Stock",nasdaq,5221224691.0,1493968.0,112.06
SBRA,"Sabra Health Care REIT, Inc. - Common Stock",nasdaq,5212769264.0,1528699.0,20.67
HWC,Hancock Whitney Corporation - Common Stock,nasdaq,5206283647.0,1213879.0,64.15
SITE,"SiteOne Landscape Supply, Inc. Common Stock",other,5206216908.0,858355.0,117.5
AVTR,"Avantor, Inc. Common Stock",other,5202596163.0,7959983.0,7.62
AUB,Atlantic Union Bankshares Corporation Common Stock,other,5199392364.0,980889.0,36.33
IFS,Intercorp Financial Services Inc. Common Shares,other,5177829569.0,269603.0,44.85
HOMB,"Home BancShares, Inc. Common Stock",other,5172296703.0,1689328.0,25.68
OGS,"ONE Gas, Inc. Common Stock",other,5169749843.0,851223.0,82.37
OTF,Blue Owl Technology Finance Corp. Common Stock,other,5167713419.0,1548593.0,11.17
XXI,"Twenty One Capital, Inc. Class A Common Stock",other,5154556206.0,956276.0,7.91
DLB,Dolby Laboratories Common Stock,other,5128163814.0,852577.0,54.21
HESM,Hess Midstream LP Class A Representing Limited Partner Interests,other,5121200152.0,3387168.0,39.9
TMHC,Taylor Morrison Home Corporation Common Stock,other,5118901163.0,1375979.0,54.79
BCPC,Balchem Corporation - Common Stock,nasdaq,5109286521.0,123441.0,159.02
CNX,CNX Resources Corporation Common Stock,other,5105926367.0,1800534.0,36.09
RITM,Rithm Capital Corp. Common Stock,other,5097339231.0,5941037.0,9.13
TEO,Telecom Argentina SA,other,5091318456.0,506933.0,11.82
VSH,"Vishay Intertechnology, Inc. Common Stock",other,5067219939.0,5155870.0,37.23
LQDA,Liquidia Corporation - Common Stock,nasdaq,5062676676.0,2143366.0,56.93
LAZ,"Lazard, Inc. Common Stock",other,5051614544.0,877273.0,45.23
SR,Spire Inc. Common Stock,other,5050347541.0,445621.0,85.43
BC,Brunswick Corporation Common Stock,other,5038767667.0,452315.0,77.55
MC,Moelis & Company Class A Common Stock,other,5006915139.0,733419.0,63.73
PBF,PBF Energy Inc. Class A Common Stock,other,5004448281.0,2225478.0,42.3
GOLF,Acushnet Holdings Corp. Common Stock,other,5000516126.0,314731.0,85.4
NVTS,Navitas Semiconductor Corporation - Common Stock,nasdaq,4982764699.0,31522233.0,21.32
SYNA,Synaptics Incorporated - Common Stock,nasdaq,4954510348.0,743947.0,128.23
ALM,Almonty Industries Inc. - Common Shares,nasdaq,4951295265.0,3548008.0,17.45
PECO,"Phillips Edison & Company, Inc. - Common Stock",nasdaq,4950540000.0,935956.0,39.29
QS,QuantumScape Corporation - Common Stock,nasdaq,4927312059.0,28471305.0,8.01
LYFT,"Lyft, Inc. - Class A Common Stock",nasdaq,4924482440.0,17640701.0,12.97
G,Genpact Limited Common Stock,other,4924164116.0,5553979.0,29.05
PSMT,"PriceSmart, Inc. - Common Stock",nasdaq,4920477690.0,244366.0,159.26
MKTX,"MarketAxess Holdings, Inc. - Common Stock",nasdaq,4920437268.0,542424.0,138.45
RDN,Radian Group Inc. Common Stock,other,4910773988.0,792031.0,36.93
MEOH,Methanex Corporation - Common Stock,nasdaq,4903346989.0,979159.0,63.38
WEX,WEX Inc. common stock,other,4902768783.0,681845.0,141.42
GNTX,Gentex Corporation - Common Stock,nasdaq,4886114872.0,1802603.0,22.87
LPX,Louisiana-Pacific Corporation Common Stock,other,4880760517.0,1081009.0,69.86
GBTG,"Global Business Travel Group, Inc. Class A Common Stock",other,4870398573.0,2505948.0,9.34
CHH,"Choice Hotels International, Inc. Common Stock",other,4865288021.0,541220.0,106.94
PAGP,"Plains GP Holdings, L.P. - Class A Shares representing limited partner interests",nasdaq,4860525285.0,2676246.0,24.56
EPAM,"EPAM Systems, Inc. Common Stock",other,4859778832.0,2209356.0,93.02
M,Macy's Inc Common Stock,other,4855849197.0,6815727.0,18.41
SXT,Sensient Technologies Corporation Common Stock,other,4849881613.0,358256.0,113.93
MMYT,MakeMyTrip Limited - Ordinary Shares,nasdaq,4817662916.0,1308458.0,43.3
SPHR,Sphere Entertainment Co. Class A Common Stock,other,4807966629.0,484256.0,134.33
UWMC,UWM Holdings Corporation Class A Common Stock,other,4803264369.0,29139437.0,3.0
ACLS,"Axcelis Technologies, Inc. - Common Stock",nasdaq,4769286136.0,556431.0,155.18
VSEC,VSE Corporation - Common Stock,nasdaq,4761579266.0,324193.0,169.71
OLLI,"Ollie's Bargain Outlet Holdings, Inc. - Common Stock",nasdaq,4761304966.0,1789748.0,78.49
RELY,"Remitly Global, Inc. - Common stock",nasdaq,4756574775.0,4883620.0,22.59
HLNE,Hamilton Lane Incorporated - Class A Common Stock,nasdaq,4749808708.0,599533.0,85.16
MARA,"MARA Holdings, Inc. - Common Stock",nasdaq,4743005057.0,39865238.0,12.44
ALH,Alliance Laundry Holdings Inc. Common Stock,other,4732844177.0,552159.0,23.83
AX,"Axos Financial, Inc. Common Stock",other,4731663939.0,429441.0,83.18
HRB,"H&R Block, Inc. Common Stock",other,4721817711.0,2774429.0,37.25
UNF,Unifirst Corporation Common Stock,other,4721279504.0,273287.0,261.09
CMBT,CMB.TECH NV Ordinary Shares,other,4720706046.0,934165.0,14.94
CROX,"Crocs, Inc. - Common Stock",nasdaq,4717535181.0,1031798.0,94.94
PTEN,"Patterson-UTI Energy, Inc. - Common Stock",nasdaq,4714851250.0,6488897.0,12.42
DNTH,"Dianthus Therapeutics, Inc. - Common Stock",nasdaq,4710042635.0,612388.0,86.16
CIGI,Colliers International Group Inc.  - Subordinate Voting Shares,nasdaq,4701551532.0,386278.0,92.0
FND,"Floor & Decor Holdings, Inc. Common Stock",other,4701014584.0,4533784.0,43.49
LBRDK,Liberty Broadband Corporation - Class C Common Stock,nasdaq,4700985635.0,1988375.0,32.76
LBRDA,Liberty Broadband Corporation - Class A Common Stock,nasdaq,4696680703.0,179742.0,32.73
MAIN,Main Street Capital Corporation Common Stock,other,4691337327.0,871507.0,50.45
GLBE,Global-E Online Ltd. - ordinary shares,nasdaq,4673479552.0,1236332.0,27.89
RLI,RLI Corp. Common Stock (DE),other,4672305981.0,1547087.0,50.82
CRSP,CRISPR Therapeutics AG - Common Shares,nasdaq,4669086021.0,1975021.0,48.41
NAVN,"Navan, Inc. - Class A Common Stock",nasdaq,4662120424.0,3429302.0,18.46
WFG,West Fraser Timber Co. Ltd Common stock,other,4637152339.0,194150.0,59.22
MDU,"MDU Resources Group, Inc. Common Stock (Holding Company)",other,4627393371.0,1434015.0,22.14
ORLA,Orla Mining Ltd. Common Shares,other,4618993160.0,3179264.0,13.35
SON,Sonoco Products Company Common Stock,other,4616179089.0,1398041.0,46.69
HRI,Herc Holdings Inc. Common Stock ,other,4614919648.0,475943.0,138.2
TDS,"Telephone and Data Systems, Inc. Common Shares",other,4608900000.0,851222.0,40.5
UUUU,Energy Fuels Inc Ordinary Shares (Canada),other,4600051470.0,8168465.0,18.41
DIOD,Diodes Incorporated - Common Stock,nasdaq,4596311189.0,875625.0,100.04
ACHR,Archer Aviation Inc. Class A Common Stock,other,4595567954.0,45787944.0,6.05
INDV,"Indivior Pharmaceuticals, Inc.  - Common Stock",nasdaq,4586538583.0,1816521.0,36.76
POST,"Post Holdings, Inc. Common Stock",other,4580753767.0,600060.0,101.07
WHD,"Cactus, Inc. Class A Common Stock",other,4566874230.0,929272.0,56.96
MIR,"Mirion Technologies, Inc. Class A Common Stock",other,4550136360.0,3008535.0,18.17
UFPI,"UFP Industries, Inc. - Common Stock",nasdaq,4544559599.0,604166.0,80.01
XMTR,"Xometry, Inc. - Class A Common Stock",nasdaq,4529808484.0,1576326.0,86.12
BMA,Banco Macro S.A.  ADR (representing Ten Class B Common Shares),other,4526883324.0,137343.0,70.8
ASB,Associated Banc-Corp Common Stock,other,4516931141.0,2218148.0,27.22
NNI,"Nelnet, Inc. Common Stock",other,4506126484.0,163968.0,125.4
LAUR,"Laureate Education, Inc. - Common Stock",nasdaq,4496102643.0,1038045.0,32.12
HCC,"Warrior Met Coal, Inc. Common Stock",other,4495559215.0,698874.0,85.14
NTSK,"Netskope, Inc. - Class A Common Stock",nasdaq,4491526536.0,2896866.0,11.22
COCO,"The Vita Coco Company, Inc. - Common Stock",nasdaq,4479915717.0,1395290.0,78.44
REYN,Reynolds Consumer Products Inc. - Common Stock,nasdaq,4457730024.0,1032303.0,21.15
FFIN,"First Financial Bankshares, Inc. - Common Stock",nasdaq,4456068023.0,993048.0,31.1
PFSI,"PennyMac Financial Services, Inc. Common Stock",other,4449442539.0,634982.0,85.69
EBC,"Eastern Bankshares, Inc. - Common Stock",nasdaq,4435636070.0,1506486.0,19.19
MRP,"Millrose Properties, Inc. Class A Common Stock",other,4435140130.0,2032683.0,26.71
WSC,WillScot Holdings Corporation - Class A Common Stock,nasdaq,4430749742.0,2582889.0,24.48
TGS,Transportadora de Gas del Sur SA TGS Common Stock,other,4429246077.0,191614.0,29.42
AQN,Algonquin Power & Utilities Corp. Common Shares,other,4424381821.0,5204341.0,5.75
IBOC,International Bancshares Corporation - Common Stock,nasdaq,4404297513.0,261416.0,70.83
MAT,"Mattel, Inc. - Common Stock",nasdaq,4402590000.0,4829307.0,15.15
IRDM,Iridium Communications Inc - Common Stock,nasdaq,4400388705.0,2003174.0,41.62
CWEN,"Clearway Energy, Inc. Class C Common Stock",other,4398350000.0,1017121.0,36.35
EPR,EPR Properties Common Stock,other,4387714645.0,578330.0,57.35
BOOT,"Boot Barn Holdings, Inc. Common Stock",other,4375978999.0,1783524.0,143.85
CNO,"CNO Financial Group, Inc. Common Stock",other,4370576910.0,960482.0,46.82
IPGP,IPG Photonics Corporation - Common Stock,nasdaq,4361505980.0,390161.0,102.76
HAFN,Hafnia Limited Common Shares,other,4358092980.0,1017202.0,8.72
SHC,Sotera Health Company - Common Stock,nasdaq,4354499998.0,6864362.0,15.27
CRK,"Comstock Resources, Inc. Common Stock",other,4349635272.0,2691305.0,14.81
KNSA,"Kiniksa Pharmaceuticals International, plc - Class A Ordinary Shares",nasdaq,4347767284.0,471553.0,56.51
CSTM,Constellium SE Ordinary Shares (France),other,4344560860.0,1439649.0,31.91
FCN,"FTI Consulting, Inc. Common Stock",other,4333507622.0,808828.0,143.76
MTN,"Vail Resorts, Inc. Common Stock",other,4331553680.0,569615.0,121.56
OLED,Universal Display Corporation - Common Stock,nasdaq,4331002542.0,949073.0,92.64
PAM,Pampa Energia S.A.,other,4328359078.0,240654.0,79.36
AD,"Array Digital Infrastructure, Inc. Common Shares",other,4321728000.0,248799.0,50.02
NWE,"NorthWestern Energy Group, Inc.  - Common Stock",nasdaq,4320323044.0,817658.0,70.24
FTDR,"Frontdoor, Inc. - Common Stock",nasdaq,4319447703.0,434351.0,61.5
TBBB,BBB Foods Inc. Class A Common Shares,other,4308856965.0,395492.0,36.56
KNF,Knife Riv Holding Co. Common Stock,other,4307617595.0,384388.0,75.9
CRGY,Crescent Energy Company Class A Common Stock,other,4306481229.0,8354339.0,13.04
KVYO,"Klaviyo, Inc. Series A Common Stock",other,4303643711.0,6522078.0,14.38
TFSL,TFS Financial Corporation - Common Stock,nasdaq,4293416079.0,903014.0,15.31
REZI,"Resideo Technologies, Inc. Common Stock ",other,4292934471.0,1916394.0,28.35
CVLT,"Commvault Systems, Inc. - Common Stock",nasdaq,4285940145.0,808967.0,103.9
ZETA,Zeta Global Holdings Corp. Class A Common Stock,other,4284738505.0,6926030.0,17.19
BCO,Brinks Company (The) Common Stock,other,4273311277.0,517766.0,103.77
LGND,Ligand Pharmaceuticals Incorporated - Common Stock,nasdaq,4272954616.0,127904.0,213.21
LASR,"nLIGHT, Inc. - Common Stock",nasdaq,4265062487.0,1161186.0,75.61
MTRN,Materion Corporation,other,4264720455.0,317941.0,205.02
STNG,Scorpio Tankers Inc. Common Shares,other,4250760315.0,558241.0,82.12
CUZ,Cousins Properties Incorporated Common Stock,other,4246785995.0,2169702.0,25.81
FELE,"Franklin Electric Co., Inc. - Common Stock",nasdaq,4244587028.0,194130.0,96.07
ACIW,"ACI Worldwide, Inc. - Common Stock",nasdaq,4235221006.0,808058.0,41.66
OPEN,Opendoor Technologies Inc  - Common Stock,nasdaq,4225546448.0,23473151.0,4.38
PI,"Impinj, Inc. - Common Stock",nasdaq,4225298143.0,383945.0,138.72
AZZ,AZZ Inc.,other,4217904418.0,162656.0,141.16
ATMU,Atmus Filtration Technologies Inc. Common Stock,other,4217564182.0,656910.0,51.64
HNGE,"Hinge Health, Inc. Class A Common Stock",other,4217217031.0,1097201.0,54.5
ACMR,"ACM Research, Inc. - Class A Common Stock",nasdaq,4216537600.0,2730923.0,63.67
EXLS,"ExlService Holdings, Inc. - Common Stock",nasdaq,4198474944.0,2960862.0,27.48
TCBI,"Texas Capital Bancshares, Inc. - Common Stock",nasdaq,4191536725.0,328190.0,95.98
INSW,"International Seaways, Inc. Common Stock ",other,4187107188.0,584319.0,84.58
LOPE,"Grand Canyon Education, Inc. - Common Stock",nasdaq,4185546767.0,230642.0,157.86
CVSA,Covista Inc. Common Shares,other,4183416939.0,214279.0,122.93
TPC,Tutor Perini Corporation Common Stock,other,4182342741.0,405033.0,79.49
PLNT,"Planet Fitness, Inc. Common Stock",other,4181867781.0,3264238.0,52.64
CBT,Cabot Corporation Common Stock,other,4181334777.0,445316.0,81.0
CNR,"Core Natural Resources, Inc. Common Stock",other,4172237880.0,829809.0,82.77
MRX,Marex Group plc - Ordinary Shares,nasdaq,4167748096.0,450548.0,56.22
MANE,"Veradermics, Incorporated Common Stock",other,4166170668.0,476787.0,99.72
AIR,AAR Corp. Common Stock,other,4157354219.0,433331.0,104.55
NAMS,NewAmsterdam Pharma Company N.V. - Ordinary Shares,nasdaq,4143077016.0,1132504.0,35.44
VVV,Valvoline Inc. Common Stock,other,4130893599.0,2462798.0,32.39
BDC,Belden Inc Common Stock,other,4130404882.0,487826.0,106.06
RDNT,"RadNet, Inc. - Common Stock",nasdaq,4119647624.0,745019.0,52.39
ALK,"Alaska Air Group, Inc. Common Stock",other,4116186447.0,2765408.0,36.94
CAI,"Caris Life Sciences, Inc. - Common Stock",nasdaq,4113004112.0,4686867.0,14.55
SMR,NuScale Power Corporation Class A Common Stock,other,4104353382.0,24959140.0,11.23
FHI,"Federated Hermes, Inc. Common Stock",other,4103838021.0,748302.0,54.06
FRMI,Fermi Inc. - Common Stock,nasdaq,4100257033.0,17456866.0,6.51
FBIN,"Fortune Brands Innovations, Inc. Common Stock",other,4100114742.0,3322870.0,34.37
SFBS,"ServisFirst Bancshares, Inc. Common Stock",other,4099711725.0,200933.0,75.0
PDI,PIMCO Dynamic Income Fund Common Stock,other,4098497400.0,2904740.0,16.86
TDW,Tidewater Inc. Common Stock,other,4095319192.0,642597.0,82.35
ENVA,"Enova International, Inc. Common Stock",other,4081620642.0,112845.0,164.02
POWI,"Power Integrations, Inc. - Common Stock",nasdaq,4080931628.0,1413289.0,73.24
COLD,"Americold Realty Trust, Inc. Common Stock",other,4068464302.0,3627597.0,14.26
EE,"Excelerate Energy, Inc. Class A Common Stock",other,4065912675.0,272205.0,35.71
DOO,BRP Inc. - Common Subordinate Voting Shares,nasdaq,4062713269.0,228022.0,55.56
XNDU,Xanadu Quantum Technologies Limited - Class B Subordinate Voting Shares,nasdaq,4052716197.0,4881805.0,13.6
SKT,Tanger Inc. Common Stock,other,4051671265.0,697314.0,35.27
GTLB,GitLab Inc. - Class A Common Stock,nasdaq,4019305578.0,4874101.0,23.66
SAIC,Science Applications International Corporation - Common Stock,nasdaq,4005504824.0,351697.0,92.93
KRC,Kilroy Realty Corporation Common Stock,other,3995339809.0,1163614.0,34.36
SLM,SLM Corporation - Common Stock,nasdaq,3992513704.0,2165696.0,21.17
MWA,MUELLER WATER PRODUCTS Common Stock,other,3991577225.0,1779501.0,25.51
BILL,"BILL Holdings, Inc. Common Stock",other,3990840851.0,2472647.0,40.07
ANDG,Andersen Group Inc. Class A Common Stock,other,3963926608.0,221066.0,35.1
TVTX,"Travere Therapeutics, Inc. - Common Stock",nasdaq,3960567824.0,1651039.0,42.59
HP,"Helmerich & Payne, Inc. Common Stock",other,3947272604.0,1157610.0,39.5
FULT,Fulton Financial Corporation - Common Stock,nasdaq,3946908551.0,1455191.0,20.65
MTH,Meritage Homes Corporation Common Stock,other,3946782961.0,635283.0,59.17
VNT,Vontier Corporation Common Stock ,other,3946624000.0,2156671.0,28.03
LMND,"Lemonade, Inc. Common Stock",other,3944747515.0,1673150.0,51.35
CAAP,Corporacion America Airports SA Common Shares,other,3942128824.0,185643.0,23.86
TNL,Travel   Leisure Co. Common  Stock,other,3903223648.0,708931.0,62.53
THO,"Thor Industries, Inc. Common Stock",other,3896306717.0,603165.0,74.08
SRAD,Sportradar Group AG - Class A Ordinary Shares,nasdaq,3893849476.0,1905270.0,12.49
LBTYA,Liberty Global Ltd. - Class A Common Shares,nasdaq,3891490703.0,1294255.0,11.51
TREX,"Trex Company, Inc. Common Stock",other,3889968414.0,1897643.0,37.44
CRNX,"Crinetics Pharmaceuticals, Inc. - Common Stock",nasdaq,3877036448.0,1108980.0,36.77
NP,Neptune Insurance Holdings Inc. Class A Common Stock,other,3873265564.0,2090520.0,28.0
SLGN,Silgan Holdings Inc. Common Stock,other,3871049536.0,912680.0,36.63
UCTT,"Ultra Clean Holdings, Inc. - Common Stock",nasdaq,3852548571.0,1279308.0,85.94
LIVN,LivaNova PLC - Ordinary Shares,nasdaq,3845347660.0,568496.0,70.0
LBTYK,Liberty Global Ltd. - Class C Common Shares,nasdaq,3834014299.0,1091584.0,11.34
FLNC,"Fluence Energy, Inc. - Class A Common Stock",nasdaq,3827501561.0,14981308.0,20.77
CPRX,"Catalyst Pharmaceuticals, Inc. - Common Stock",nasdaq,3815839331.0,2300221.0,31.18
BNL,"Broadstone Net Lease, Inc. Common Stock",other,3814236779.0,1951566.0,19.89
KBR,"KBR, Inc. Common Stock",other,3811306107.0,1539552.0,30.06
AMRX,"Amneal Pharmaceuticals, Inc. - Class A Common Stock",nasdaq,3805941909.0,1332004.0,11.93
TAC,TransAlta Corporation Ordinary Shares,other,3805884000.0,949977.0,12.78
HHH,Howard Hughes Holdings Inc. Common Stock,other,3803452532.0,254810.0,63.79
BLLN,"BillionToOne, Inc. - Class A common stock",nasdaq,3800606843.0,1105748.0,82.63
WBI,WaterBridge Infrastructure LLC Class A Shares Representing Limited Liability Company Interests,other,3792574740.0,572970.0,30.72
BTE,Baytex Energy Corp Common Shares,other,3790996780.0,23517008.0,5.17
NVST,Envista Holdings Corporation Common Stock,other,3778542372.0,3850442.0,23.22
OII,"Oceaneering International, Inc. Common Stock",other,3774360222.0,932513.0,37.84
SKE,Skeena Resources Limited Common Shares,other,3772731742.0,903263.0,30.99
IRT,"Independence Realty Trust, Inc. Common Stock",other,3771434912.0,2163922.0,16.0
SEDG,"SolarEdge Technologies, Inc. - Common Stock",nasdaq,3756132156.0,14462585.0,61.76
BULL,Webull Corporation - Class A Ordinary Shares,nasdaq,3754639775.0,14087940.0,7.06
LRN,"Stride, Inc. Common Stock",other,3754518124.0,350932.0,88.29
GFF,Griffon Corporation Common Stock,other,3754183747.0,409499.0,81.85
KAI,Kadant Inc Common Stock,other,3752847308.0,130502.0,317.81
ARIS,Aris Mining Corporation Common Shares,other,3752352000.0,1023547.0,18.18
IRTC,"iRhythm Holdings, Inc.  - Common Stock",nasdaq,3746314512.0,660920.0,114.0
ORKA,"Oruka Therapeutics, Inc. - Common Stock",nasdaq,3735128415.0,1393033.0,61.93
GPI,"Group 1 Automotive, Inc. Common Stock",other,3731511289.0,196757.0,313.62
CATY,Cathay General Bancorp - Common Stock,nasdaq,3727842765.0,464444.0,55.61
FG,"F&G Annuities & Life, Inc. Common Stock",other,3714879120.0,1285961.0,28.04
OPLN,"OPENLANE, Inc. Common Stock",other,3697519099.0,523868.0,34.9
OTTR,Otter Tail Corporation - Common Stock,nasdaq,3686208370.0,249934.0,87.8
PII,Polaris Inc. Common Stock,other,3677690697.0,752023.0,64.65
INDB,Independent Bank Corp. - Common Stock,nasdaq,3674793444.0,332325.0,76.04
CNS,Cohen & Steers Inc Common Stock,other,3672094798.0,237193.0,71.45
LION,Lionsgate Studios Corp Common Shares,other,3667966739.0,2910270.0,12.64
SKY,"Champion Homes, Inc. Common Stock",other,3665417952.0,939994.0,66.28
ACAD,ACADIA Pharmaceuticals Inc. - Common Stock,nasdaq,3664447618.0,1292657.0,21.4
PVH,PVH Corp. Common Stock,other,3660583034.0,845650.0,79.45
MMSI,"Merit Medical Systems, Inc. - Common Stock",nasdaq,3660421903.0,722915.0,61.36
BB,BlackBerry Limited Common Stock,other,3652100000.0,19414084.0,6.19
VSCO,Victorias Secret & Co. Common Stock ,other,3650403701.0,1979303.0,45.96
JOE,St. Joe Company (The) Common Stock,other,3649537553.0,157623.0,63.57
CALM,"Cal-Maine Foods, Inc. - Common Stock",nasdaq,3642312085.0,1051486.0,76.88
SOUN,"SoundHound AI, Inc. - Class A Common Stock",nasdaq,3639592630.0,18425494.0,8.41
WSFS,WSFS Financial Corporation - Common Stock,nasdaq,3637358375.0,396350.0,69.89
DAN,Dana Incorporated Common Stock ,other,3626320349.0,715051.0,33.1
NHI,"National Health Investors, Inc. Common Stock",other,3617396626.0,537476.0,74.63
RNST,Renasant Corporation Common Stock,other,3610608056.0,998100.0,39.13
FBP,First BanCorp. New Common Stock,other,3601051715.0,1238739.0,23.28
CDP,COPT Defense Properties Common Shares of Beneficial Interest,other,3595180960.0,964043.0,31.71
LEU,Centrus Energy Corp. Class A Common Stock,other,3592252184.0,912163.0,182.6
BANF,BancFirst Corporation - Common Stock,nasdaq,3587026132.0,202960.0,106.8
HGTY,"Hagerty, Inc. Class A Common Stock",other,3584619957.0,224613.0,10.44
VECO,Veeco Instruments Inc. - Common Stock,nasdaq,3579003560.0,1143991.0,58.64
HGV,Hilton Grand Vacations Inc. Common Stock ,other,3578207163.0,843566.0,44.86
NG,Novagold Resources Inc.,other,3567286392.0,2172058.0,8.13
EWTX,"Edgewise Therapeutics, Inc. - Common Stock",nasdaq,3560252569.0,989107.0,33.09
BETA,"Beta Technologies, Inc. Class A Common Stock",other,3555950253.0,2076735.0,15.41
AMBA,"Ambarella, Inc. - Ordinary Shares",nasdaq,3553905420.0,830821.0,81.16
AAUC,Allied Gold Corporation Common Shares,other,3551639000.0,364216.0,28.21
CVCO,"Cavco Industries, Inc. - Common Stock",nasdaq,3537227649.0,136473.0,455.76
WRBY,Warby Parker Inc. Class A Common Stock,other,3525608730.0,4083612.0,28.73
PPTA,Perpetua Resources Corp. - Common Shares,nasdaq,3519832795.0,2431129.0,28.17
OGN,Organon & Co. Common Stock ,other,3518851551.0,3279801.0,13.4
WING,Wingstop Inc. - Common Stock,nasdaq,3518718173.0,2807047.0,129.21
VKTX,"Viking Therapeutics, Inc. - Common Stock",nasdaq,3514517814.0,1768921.0,30.27
ITRI,"Itron, Inc. - Common Stock",nasdaq,3513449856.0,708550.0,79.24
GPGI,"GPGI, Inc. Class A Common Stock",other,3507318499.0,1636398.0,12.1
BFH,"Bread Financial Holdings, Inc. Common Stock",other,3505716959.0,636981.0,86.76
DOCS,"Doximity, Inc. Class A Common Stock",other,3503928933.0,12352926.0,18.97
CC,Chemours Company (The) Common Stock,other,3478236409.0,2377538.0,23.13
GNW,Genworth Financial Inc Common Stock,other,3473893952.0,2172116.0,9.07
DORM,"Dorman Products, Inc. - Common Stock",nasdaq,3471184770.0,326467.0,116.16
CVBF,CVB Financial Corporation - Common Stock,nasdaq,3447934530.0,1516788.0,19.54
NAN,Nano Labs Ltd - Class A Ordinary Shares,nasdaq,3446400120.0,107065.0,11.4
RNG,"RingCentral, Inc. Class A Common Stock",other,3442395694.0,1811653.0,41.05
BBWI,"Bath & Body Works, Inc.",other,3441627233.0,5304283.0,17.09
WAY,Waystar Holding Corp. - Common Stock,nasdaq,3439205136.0,2151917.0,17.93
BOX,"Box, Inc. Class A Common Stock",other,3429935081.0,1899205.0,24.67
CGAU,Centerra Gold Inc. Common Shares,other,3417043592.0,2189826.0,17.11
KTB,"Kontoor Brands, Inc. Common Stock ",other,3412495748.0,704691.0,61.76
CVI,CVR Energy Inc. Common Stock,other,3406982000.0,1271303.0,33.89
GBDC,"Golub Capital BDC, Inc. - Closed End Fund",nasdaq,3402067064.0,1107672.0,13.06
EFXT,Enerflex Ltd Common Shares,other,3402006008.0,380112.0,27.87
CSAN,Cosan S.A. ADS,other,3391418147.0,5249457.0,3.42
OSIS,"OSI Systems, Inc. - Common Stock",nasdaq,3385585606.0,364743.0,205.4
ZGN,Ermenegildo Zegna N.V. Ordinary Shares,other,3375365589.0,447299.0,12.58
ARX,Accelerant Holdings Class A Common Shares,other,3369028690.0,2214867.0,15.44
CLSK,"CleanSpark, Inc. - Common Stock",nasdaq,3364138825.0,17520518.0,13.11
BWLP,BW LPG Limited Common Shares,other,3354478920.0,310971.0,21.06
BRC,Brady Corporation Common Stock,other,3351301647.0,446678.0,70.96
MNDY,monday.com Ltd. - Ordinary Shares,nasdaq,3343940023.0,1684713.0,71.97
AVA,Avista Corporation Common Stock,other,3339418956.0,674408.0,40.41
RUN,Sunrun Inc. - Common Stock,nasdaq,3337304525.0,11486248.0,13.99
ABG,Asbury Automotive Group Inc Common Stock,other,3335930396.0,288214.0,179.17
BMI,"Badger Meter, Inc. Common Stock",other,3333867661.0,535802.0,114.23
FOUR,"Shift4 Payments, Inc. Class A Common Stock",other,3333401386.0,1090606.0,42.02
ELF,"e.l.f. Beauty, Inc. Common Stock",other,3332317847.0,2452101.0,56.43
SII,Sprott Inc. Common Shares,other,3329232000.0,273036.0,129.04
HWKN,"Hawkins, Inc. - Common Stock",nasdaq,3317622620.0,177833.0,158.98
SEZL,Sezzle Inc. - Common Stock,nasdaq,3316296614.0,394659.0,98.62
AGO,Assured Guaranty Ltd. Common Stock,other,3315870904.0,476316.0,74.88
FIBK,"First Interstate BancSystem, Inc. - Common Stock",nasdaq,3310629316.0,1360761.0,34.08
KFY,Korn Ferry Common Stock,other,3310396151.0,445703.0,63.8
CON,"Concentra Group Holdings Parent, Inc. Common Stock",other,3310371249.0,664173.0,25.87
HYMC,Hycroft Mining Holding Corporation - Class A Common Stock,nasdaq,3303599332.0,4166541.0,36.16
STUB,"StubHub Holdings, Inc. Class A Common Stock",other,3297332004.0,6539314.0,8.82
ADEA,Adeia Inc.  - Common Stock,nasdaq,3295577220.0,1979355.0,29.88
SDRL,Seadrill Limited Common Shares,other,3295357772.0,950001.0,52.7
SMG,Scotts Miracle-Gro Company (The) Common Stock,other,3294843092.0,821007.0,56.63
NATL,NCR Atleos Corporation Common Stock,other,3286890847.0,1117913.0,44.55
GPOR,Gulfport Energy Corporation Common Shares,other,3284490982.0,188180.0,182.78
CHEF,"The Chefs' Warehouse, Inc. - Common Stock",nasdaq,3276074714.0,361044.0,80.34
ETOR,eToro Group Ltd. - Class A Common Shares,nasdaq,3269375656.0,1085598.0,40.59
BELFB,Bel Fuse Inc. - Class B Common Stock,nasdaq,3266173341.0,590547.0,256.72
ASO,"Academy Sports and Outdoors, Inc. - Common Stock",nasdaq,3260886174.0,1782641.0,50.55
ALHC,"Alignment Healthcare, Inc. - Common Stock",nasdaq,3251923036.0,5518088.0,15.73
APLE,"Apple Hospitality REIT, Inc. Common Shares",other,3248289543.0,2052124.0,13.76
BTDR,Bitdeer Technologies Group - Ordinary Shares,nasdaq,3248237268.0,7990844.0,13.35
DLO,DLocal Limited - Class A Common Shares,nasdaq,3247200836.0,8370197.0,11.01
TRMD,TORM plc - Class A Common Stock,nasdaq,3245686605.0,893333.0,32.03
CLBT,Cellebrite DI Ltd. - Ordinary Shares,nasdaq,3237728825.0,3484555.0,12.98
VRNS,"Varonis Systems, Inc. - Common Stock",nasdaq,3235462747.0,1489058.0,28.18
BATRK,"Atlanta Braves Holdings, Inc. - Series C Common Stock",nasdaq,3232848578.0,383774.0,50.4
MSGE,Madison Square Garden Entertainment Corp. Class A Common Stock,other,3232366639.0,406797.0,68.33
YETI,"YETI Holdings, Inc. Common Stock",other,3229847704.0,2754877.0,42.67
EXTR,"Extreme Networks, Inc. - Common Stock",nasdaq,3224987650.0,2510070.0,24.66
SKYW,"SkyWest, Inc. - Common Stock",nasdaq,3222397831.0,390560.0,81.25
FIZZ,National Beverage Corp. - Common Stock,nasdaq,3220944309.0,354181.0,34.4
FHB,"First Hawaiian, Inc. - Common Stock",nasdaq,3212749377.0,1484328.0,26.41
CSQ,Calamos Strategic Total Return Fund - Closed End Fund,nasdaq,3203174460.0,190194.0,20.16
AEHR,Aehr Test Systems - Common Stock,nasdaq,3194353771.0,2181013.0,99.5
MCHB,Mechanics Bancorp - Class A Common Stock,nasdaq,3188175552.0,360039.0,14.4
PSNY,Polestar Automotive Holding UK Limited - Class A ADS,nasdaq,3183435706.0,104451.0,21.85
TDC,Teradata Corporation Common Stock,other,3181521000.0,1920857.0,33.81
ERAS,"Erasca, Inc. - Common Stock",nasdaq,3181371865.0,3333517.0,10.23
WSBC,"WesBanco, Inc. - Common Stock",nasdaq,3180691119.0,562105.0,33.07
QLYS,"Qualys, Inc. - Common Stock",nasdaq,3176801209.0,531125.0,90.02
HG,"Hamilton Insurance Group, Ltd. Class B Common Shares",other,3173899429.0,850895.0,31.84
NSA,National Storage Affiliates Trust Common Shares of Beneficial Interest,other,3167258104.0,931446.0,41.02
SA,"Seabridge Gold, Inc. Ordinary Shares (Canada)",other,3165190636.0,1430181.0,29.41
FUL,H. B. Fuller Company Common Stock,other,3163532290.0,478042.0,58.06
CTRI,"Centuri Holdings, Inc. Common Stock",other,3158245574.0,1381908.0,31.29
ANF,Abercrombie & Fitch Company Common Stock,other,3157197709.0,1402524.0,70.57
ATS,ATS Corporation Common Shares,other,3139412224.0,135816.0,32.0
INOD,Innodata Inc. - Common Stock,nasdaq,3138179904.0,2280197.0,96.1
RUM,Rumble Inc. - Class A Common Stock,nasdaq,3135836516.0,3878803.0,7.205
MZTI,The Marzetti Company - Common Stock,nasdaq,3126382220.0,306367.0,114.01
LIF,"Life360, Inc. - Common Stock",nasdaq,3122151054.0,561010.0,38.53
MMS,"Maximus, Inc. Common Stock",other,3118795948.0,915343.0,59.36
BKV,BKV Corporation Common Stock,other,3118612280.0,722993.0,28.51
BKD,Brookdale Senior Living Inc. Common Stock,other,3113818940.0,4576859.0,13.04
FFBC,First Financial Bancorp. - Common Stock,nasdaq,3112205233.0,905049.0,29.66
MHO,"M/I Homes, Inc. Common Stock",other,3104847925.0,221545.0,121.33
AVNT,Avient Corporation Common Stock,other,3097052340.0,646871.0,33.77
RXO,"RXO, Inc. Common Stock",other,3082360631.0,4236358.0,18.69
ZIM,ZIM Integrated Shipping Services Ltd. Ordinary Shares,other,3080313268.0,643483.0,25.57
FSK,FS KKR Capital Corp. Common Stock,other,3075129434.0,3819830.0,10.98
VCYT,"Veracyte, Inc. - Common Stock",nasdaq,3070421057.0,944959.0,38.48
KYIV,Kyivstar Group Ltd. - Common Shares,nasdaq,3068177563.0,629793.0,13.29
OPCH,"Option Care Health, Inc. - Common Stock",nasdaq,3065176878.0,3144236.0,19.52
GEO,Geo Group Inc (The) REIT,other,3062531069.0,1503750.0,22.92
TWST,Twist Bioscience Corporation - Common Stock,nasdaq,3061880509.0,2577900.0,49.17
PAY,"Paymentus Holdings, Inc. Class A Common Stock",other,3054165102.0,473311.0,24.28
OLN,Olin Corporation Common Stock,other,3050182254.0,2120073.0,26.78
BHE,"Benchmark Electronics, Inc. Common Stock",other,3047395438.0,393101.0,84.94
BXMT,"Blackstone Mortgage Trust, Inc. Common Stock",other,3046424371.0,1145661.0,18.06
TR,"Tootsie Roll Industries, Inc. Common Stock",other,3045936254.0,148286.0,40.52
SIG,Signet Jewelers Limited Common Shares,other,3044750146.0,758925.0,75.99
VGNT,Versigent PLC Ordinary Shares,other,3034248648.0,1282994.0,42.8
MMED,"MiniMed Group, Inc. - Common Stock",nasdaq,3032855870.0,577983.0,10.8
CNK,"Cinemark Holdings Inc Cinemark Holdings, Inc. Common Stock",other,3031810224.0,1572978.0,25.96
DAVE,Dave Inc.  - Class A Common Stock,nasdaq,3021264041.0,344071.0,235.79
MPT,"Medical Properties Trust, Inc. common stock",other,3020405000.0,6078171.0,5.05
SLG,SL Green Realty Corp Common Stock,other,3019234303.0,939865.0,42.45
WIX,Wix.com Ltd. - Ordinary Shares,nasdaq,3009444256.0,3514934.0,54.67
HAWK,"HawkEye 360, Inc. Common Stock",other,3006460486.0,941676.0,32.3
KN,Knowles Corporation Common Stock,other,3004890379.0,1381276.0,35.12
WOLF,"Wolfspeed, Inc. Common Stock New",other,3003307103.0,9995145.0,62.13
SVM,Silvercorp Metals Inc. Common Shares,other,3001270576.0,4704819.0,13.57
BOH,Bank of Hawaii Corporation Common Stock,other,3000103407.0,429055.0,75.72
PATK,"Patrick Industries, Inc. - Common Stock",nasdaq,2999533005.0,324614.0,91.19
LXP,LXP Industrial Trust Common Stock (Maryland REIT),other,2996556185.0,330882.0,50.83
CPK,Chesapeake Utilities Corporation Common Stock,other,2995074030.0,113135.0,124.77
ITGR,Integer Holdings Corporation Common Stock,other,2993458606.0,390455.0,88.16
RCUS,"Arcus Biosciences, Inc. Common Stock",other,2990885792.0,968135.0,23.78
GMRS,GMR Solutions Inc. Class A Common Stock,other,2983449131.0,1227210.0,13.37
BW,"Babcock & Wilcox Enterprises, Inc. Common Stock",other,2976243147.0,12611444.0,21.85
SFNC,Simmons First National Corporation - Common Stock,nasdaq,2975266927.0,848282.0,20.51
TNGX,"Tango Therapeutics, Inc. - Common Stock",nasdaq,2973962510.0,6858040.0,20.56
WT,"WisdomTree, Inc. Common Stock",other,2968589992.0,2064948.0,19.41
AWR,American States Water Company Common Stock,other,2967667685.0,212795.0,75.72
ICUI,"ICU Medical, Inc. - Common Stock",nasdaq,2967238411.0,316443.0,118.72
LFST,"LifeStance Health Group, Inc. - Common Stock",nasdaq,2966933405.0,4051585.0,7.65
IAC,IAC Inc. - Common Stock,nasdaq,2966276554.0,985473.0,39.88
DNN,Denison Mines Corp Ordinary Shares (Canada),other,2965172362.0,17794906.0,3.28
CAKE,The Cheesecake Factory Incorporated - Common Stock,nasdaq,2955782245.0,1218122.0,59.49
DNLI,Denali Therapeutics Inc. - Common Stock,nasdaq,2955175303.0,2154256.0,18.62
HAYW,"Hayward Holdings, Inc. Common Stock",other,2955035951.0,2803496.0,13.62
COLM,Columbia Sportswear Company - Common Stock,nasdaq,2953380738.0,441985.0,57.75
APAM,Artisan Partners Asset Management Inc. Class A Common Stock,other,2952934270.0,699582.0,36.43
SBLK,Star Bulk Carriers Corp. - Common Shares,nasdaq,2952203071.0,701817.0,26.47
PLAB,"Photronics, Inc. - Common Stock",nasdaq,2949499028.0,942932.0,50.02
VC,Visteon Corporation - Common Stock,nasdaq,2949422380.0,393278.0,110.49
PLMR,"Palomar Holdings, Inc. - Common stock",nasdaq,2936098829.0,196129.0,110.78
BELFA,Bel Fuse Inc. - Class A Common Stock,nasdaq,2935382959.0,142952.0,230.72
PARR,"Par Pacific Holdings, Inc.  Common Stock",other,2923411349.0,1731194.0,58.3
NN,NextNav Inc. - Common stock,nasdaq,2923245868.0,3304415.0,21.49
CRVL,CorVel Corp. - Common Stock,nasdaq,2921315677.0,168761.0,57.11
PTRN,Pattern Group Inc. - Series A Common Stock,nasdaq,2920059063.0,1388782.0,16.51
CWK,Cushman & Wakefield Ltd. Common Shares,other,2917041287.0,2306853.0,12.45
NIC,Nicolet Bankshares Inc. Common Stock,other,2915336328.0,186946.0,137.18
CURB,Curbline Properties Corp. Common Stock,other,2912885894.0,828929.0,27.6
BBAR,Banco BBVA Argentina S.A. ADS,other,2912415242.0,374225.0,14.26
ALMS,Alumis Inc. - Common Stock,nasdaq,2909048746.0,940946.0,22.87
FSM,Fortuna Mining Corp. Common Shares,other,2908523046.0,12630966.0,9.55
HTGC,"Hercules Capital, Inc. Common Stock",other,2905951703.0,1629325.0,15.53
EXK,Endeavour Silver Corporation Ordinary Shares (Canada),other,2904434948.0,9933173.0,9.81
TTAM,Titan America SA Common Shares,other,2903708824.0,340094.0,15.75
CECO,CECO Environmental Corp. - Common Stock,nasdaq,2899975826.0,433782.0,80.84
SBCF,Seacoast Banking Corporation of Florida - Common Stock,nasdaq,2897953806.0,709995.0,29.8
BTU,Peabody Energy Corporation Common Stock ,other,2895994869.0,2468499.0,23.77
GEF,Greif Inc. Class A Common Stock,other,2892285086.0,161899.0,62.69
PRVA,"Privia Health Group, Inc. - Common Stock",nasdaq,2891983983.0,947796.0,22.95
BEAM,Beam Therapeutics Inc. - Common Stock,nasdaq,2873416447.0,2009142.0,27.93
SUPN,"Supernus Pharmaceuticals, Inc. - Common Stock",nasdaq,2868903409.0,616067.0,49.43
DYN,"Dyne Therapeutics, Inc. - Common Stock",nasdaq,2858275533.0,1197223.0,17.29
DBRG,"DigitalBridge Group, Inc.",other,2855951502.0,3201147.0,15.66
BWIN,"The Baldwin Insurance Group, Inc. - Class A Common Stock",nasdaq,2854203853.0,939407.0,20.02
NMIH,NMI Holdings Inc - Common Stock,nasdaq,2853504226.0,668678.0,37.56
GPK,Graphic Packaging Holding Company,other,2852354411.0,7697723.0,9.64
AAP,Advance Auto Parts Inc.,other,2845728741.0,2092315.0,47.17
ERO,Ero Copper Corp. Common Shares,other,2842617408.0,1795382.0,27.26
DHT,"DHT Holdings, Inc.",other,2840774477.0,3212099.0,17.64
SHOO,"Steven Madden, Ltd. - Common Stock",nasdaq,2834984062.0,766330.0,38.79
QTWO,"Q2 Holdings, Inc. Common Stock",other,2827035103.0,607744.0,45.16
UPST,"Upstart Holdings, Inc. - Common stock",nasdaq,2824448401.0,5503108.0,29.51
KBH,KB Home Common Stock,other,2823556447.0,1098051.0,45.07
ATRO,Astronics Corporation - Common Stock,nasdaq,2816693499.0,485377.0,78.59
PHIN,PHINIA Inc. Common Stock,other,2815413436.0,297605.0,76.05
BANC,"Banc of California, Inc. Common Stock",other,2813163602.0,3286627.0,18.3
HIW,"Highwoods Properties, Inc. Common Stock",other,2808645593.0,1677597.0,25.47
RDW,Redwire Corporation Common Stock,other,2796797316.0,53369605.0,14.06
PFS,"Provident Financial Services, Inc Common Stock",other,2796531723.0,948856.0,21.46
AKR,Acadia Realty Trust Common Stock,other,2791843418.0,1098325.0,20.91
DX,"Dynex Capital, Inc. Common Stock",other,2790507264.0,4412373.0,12.97
AVEX,AEVEX Corp. Class A Common Stock,other,2781126124.0,1017786.0,24.87
NTCT,"NetScout Systems, Inc. - Common Stock",nasdaq,2777594661.0,423405.0,38.46
KALU,Kaiser Aluminum Corporation - Common Stock,nasdaq,2766301190.0,193831.0,169.29
IHS,IHS Holding Limited Ordinary Shares,other,2764694869.0,1773360.0,8.24
SLNO,"Soleno Therapeutics, Inc. - Common Stock",nasdaq,2762888992.0,4959471.0,53.01
IPAR,"Interparfums, Inc. - Common Stock",nasdaq,2759341291.0,175233.0,86.16
AYA,Aya Gold & Silver Inc. - Common Shares,nasdaq,2756615673.0,390473.0,19.23
DK,"Delek US Holdings, Inc. Common Stock",other,2746294757.0,1146685.0,44.81
MGRC,McGrath RentCorp - Common Stock,nasdaq,2744777798.0,116615.0,111.75
CALY,Callaway Golf Company Common Stock,other,2737707684.0,2224510.0,15.23
TALO,"Talos Energy, Inc. Common Stock",other,2735914157.0,1962985.0,16.39
CLMT,"Calumet, Inc - Common Stock",nasdaq,2734677473.0,771216.0,31.38
MGEE,MGE Energy Inc. - Common Stock,nasdaq,2734310233.0,237438.0,74.39
ARCB,ArcBest Corporation - Common Stock,nasdaq,2731988444.0,292348.0,122.71
TRN,"Trinity Industries, Inc. Common Stock",other,2723858533.0,661963.0,34.26
WDFC,WD-40 Company - Common Stock,nasdaq,2709514301.0,106901.0,201.37
SPNT,SiriusPoint Ltd. Common Shares,other,2698767305.0,1098253.0,22.96
LCII,LCI Industries,other,2696385978.0,188917.0,111.03
INFQ,"Infleqtion, Inc. Common Stock",other,2692910772.0,11071285.0,12.44
TXG,"10x Genomics, Inc. - Common Stock",nasdaq,2691471207.0,2731062.0,21.2
TARS,"Tarsus Pharmaceuticals, Inc. - Common Stock",nasdaq,2688136958.0,720859.0,62.48
FCPT,"Four Corners Property Trust, Inc. Common Stock",other,2685562851.0,792074.0,24.47
NSIT,"Insight Enterprises, Inc. - Common Stock",nasdaq,2685128221.0,448881.0,88.9
UE,Urban Edge Properties Common Shares of Beneficial Interest,other,2684225872.0,714538.0,21.3
VERA,"Vera Therapeutics, Inc. - Class A Common Stock",nasdaq,2678937977.0,1034531.0,37.32
GRBK,"Green Brick Partners, Inc. Common Stock",other,2675069546.0,349605.0,62.0
TNK,Teekay Tankers Ltd.,other,2674159399.0,373199.0,77.19
EOSE,"Eos Energy Enterprises, Inc. - Common Stock",nasdaq,2670277822.0,25550261.0,7.865
ARQT,"Arcutis Biotherapeutics, Inc. - Common stock",nasdaq,2666777534.0,1600201.0,21.32
FSLY,"Fastly, Inc. - Class A Common Stock",nasdaq,2660500000.0,6655003.0,17.0
WK,Workiva Inc. Class A Common Stock,other,2660056526.0,1072286.0,47.4
HOG,"Harley-Davidson, Inc. Common Stock",other,2651708527.0,2192096.0,25.19
KEEL,Keel Infrastructure Corp. - Common Stock,nasdaq,2646516491.0,32711863.0,4.39
FBK,FB Financial Corporation Common Stock,other,2643153601.0,409018.0,51.3
KMT,Kennametal Inc. Common Stock,other,2640680069.0,1391288.0,34.65
WOR,"Worthington Enterprises, Inc. Common Shares",other,2629124820.0,176255.0,53.38
AMSC,American Superconductor Corporation - Common Stock,nasdaq,2621532412.0,1054248.0,55.06
WTTR,"Select Water Solutions, Inc. Class A common stock",other,2619225636.0,2524153.0,18.96
HAE,Haemonetics Corporation Common Stock,other,2615872292.0,911722.0,56.29
EXPO,"Exponent, Inc. - Common Stock",nasdaq,2609440524.0,664292.0,53.79
WU,Western Union Company (The) Common Stock,other,2605708767.0,6882374.0,8.34
WHR,Whirlpool Corporation Common Stock,other,2592276609.0,4003815.0,39.99
GDV,Gabelli Dividend & Income Trust Common Shares of Beneficial Interest,other,2588409692.0,139239.0,28.7
KLRA,"Kailera Therapeutics, Inc. - Common stock",nasdaq,2586842184.0,482236.0,21.04
CARG,"CarGurus, Inc. - Class A Common Stock",nasdaq,2585664100.0,1552783.0,28.67
NOG,"Northern Oil and Gas, Inc. Common Stock",other,2584477135.0,6945080.0,24.43
SHAK,"Shake Shack, Inc. Class A Common Stock",other,2584431684.0,2735128.0,60.41
INTR,Inter & Co. Inc. - Class A Common Shares,nasdaq,2581731729.0,6562510.0,5.85
PAGS,PagSeguro Digital Ltd. Class A Common Shares,other,2575404502.0,5085656.0,8.86
RHI,Robert Half Inc. Common Stock,other,2569614956.0,1619880.0,25.12
VISN,"Vistance Networks, Inc.  - Common Stock",nasdaq,2564726704.0,6470012.0,11.37
AEO,"American Eagle Outfitters, Inc. Common Stock",other,2561452143.0,3718625.0,15.29
GRAL,"GRAIL, Inc. - Common Stock",nasdaq,2559974772.0,642443.0,59.65
IRON,"Disc Medicine, Inc. - Common Stock",nasdaq,2553991091.0,825274.0,66.86
KD,"Kyndryl Holdings, Inc. Common Stock",other,2552062213.0,3713711.0,11.32
NMRK,"Newmark Group, Inc. - Class A Common Stock",nasdaq,2551073293.0,1620629.0,14.37
FA,First Advantage Corporation - Common Stock,nasdaq,2550755889.0,775134.0,14.87
ICHR,Ichor Holdings - Ordinary Shares,nasdaq,2546155214.0,881139.0,73.27
HLIO,"Helios Technologies, Inc. Common Stock",other,2545560957.0,407075.0,77.03
CWT,California Water Service Group Common Stock,other,2541968037.0,392436.0,42.47
BRZE,"Braze, Inc. - Class A Common Stock",nasdaq,2540543751.0,2321844.0,20.87
CALX,"Calix, Inc Common Stock",other,2539173323.0,825190.0,39.81
WAFD,"WaFd, Inc. - Common Stock",nasdaq,2535852634.0,481665.0,34.32
CCC,CCC Intelligent Solutions Holdings Inc. - Common Stock,nasdaq,2535583116.0,8457151.0,4.32
TRMK,Trustmark Corporation - Common Stock,nasdaq,2525899076.0,359127.0,43.1
ELVN,"Enliven Therapeutics, Inc.  - Common Stock",nasdaq,2517810468.0,500934.0,41.34
EEFT,"Euronet Worldwide, Inc. - Common Stock",nasdaq,2516002212.0,691743.0,66.08
TOWN,Towne Bank - Common Stock,nasdaq,2513111674.0,535082.0,33.68
ATKR,Atkore Inc. Common Stock,other,2507894846.0,356201.0,74.27
TGB,"Taseko Mines, Ltd. Common Stock",other,2497274415.0,4356058.0,6.83
ASH,Ashland Inc. Common Stock,other,2495433847.0,1007255.0,54.5
ROG,Rogers Corporation Common Stock,other,2493618825.0,198934.0,139.71
BKE,"Buckle, Inc. (The) Common Stock",other,2484717288.0,323121.0,48.23
IDYA,"IDEAYA Biosciences, Inc. - Common Stock",nasdaq,2478556553.0,867855.0,28.21
FRSH,Freshworks Inc. - Class A Common Stock,nasdaq,2476850136.0,12167780.0,8.96
FLOC,Flowco Holdings Inc. Class A Common Stock,other,2467333311.0,838235.0,27.31
FRME,First Merchants Corporation - Common Stock,nasdaq,2464189173.0,334137.0,39.1
RARE,Ultragenyx Pharmaceutical Inc. - Common Stock,nasdaq,2462230600.0,1519139.0,25.0
CLDX,"Celldex Therapeutics, Inc. - Common Stock",nasdaq,2459941536.0,682060.0,31.34
AAMI,Acadian Asset Management Inc. Common Stock,other,2451986954.0,294418.0,68.82
CUBI,"Customers Bancorp, Inc Common Stock",other,2449274622.0,239414.0,72.41
IVT,InvenTrust Properties Corp. Common Stock,other,2443289117.0,406318.0,31.35
HTFL,"Heartflow, Inc. - Common Stock",nasdaq,2441873170.0,2009165.0,28.315
POET,POET Technologies Inc. - Common Shares,nasdaq,2441528894.0,99891776.0,15.97
VAC,Marriott Vacations Worldwide Corporation Common Stock,other,2434236376.0,338711.0,70.88
ANDE,"The Andersons, Inc. - Common Stock",nasdaq,2433502842.0,226627.0,71.46
FRPT,"Freshpet, Inc. - Common Stock",nasdaq,2425196736.0,1362089.0,49.35
NIQ,NIQ Global Intelligence plc Ordinary Shares,other,2419945222.0,2356623.0,8.2
NEXT,NextDecade Corporation - Common Stock,nasdaq,2416736041.0,4510009.0,9.12
DBD,Diebold Nixdorf Incorporated Common stock,other,2413598922.0,267604.0,69.7
LPL,"LG Display Co, Ltd AMERICAN DEPOSITORY SHARES",other,2410000000.0,1748614.0,4.82
HUN,Huntsman Corporation Common Stock,other,2402282834.0,3992643.0,13.7
DJT,Trump Media & Technology Group Corp. - Common Stock,nasdaq,2401189689.0,2818622.0,8.67
DNOW,DNOW Inc. Common Stock,other,2398654230.0,3161544.0,13.14
KWR,Quaker Houghton Common Stock,other,2396395608.0,141768.0,137.99
BRUN,Boost Run Inc. - Class A Common Stock,nasdaq,2390922122.0,4886119.0,29.6
OSW,OneSpaWorld Holdings Limited - Common Shares,nasdaq,2388644326.0,660738.0,23.53
AMPX,"Amprius Technologies, Inc. Common Stock",other,2386417815.0,5912470.0,16.85
NKTR,Nektar Therapeutics - Common Stock,nasdaq,2385969580.0,1272821.0,70.62
GRND,Grindr Inc. Common Stock,other,2381528092.0,2308879.0,13.4
PENG,"Penguin Solutions, Inc. - Common Stock",nasdaq,2375998325.0,4363983.0,46.82
FBNC,First Bancorp - Common Stock,nasdaq,2373707444.0,264726.0,57.37
ACHC,"Acadia Healthcare Company, Inc. - Common Stock",nasdaq,2373668967.0,1222228.0,25.81
TENB,"Tenable Holdings, Inc. - Common Stock",nasdaq,2369744700.0,2811185.0,21.49
QUBT,Quantum Computing Inc. - Common Stock,nasdaq,2369245038.0,21687035.0,10.505
MTX,Minerals Technologies Inc. Common Stock,other,2365346230.0,208717.0,76.28
IMNM,"Immunome, Inc. - Common Stock",nasdaq,2364668227.0,1309607.0,20.88
AMBP,Ardagh Metal Packaging S.A. Ordinary Shares,other,2360913365.0,1692641.0,3.95
LCID,"Lucid Group, Inc. - Common Stock",nasdaq,2357151120.0,13318781.0,6.04
AESI,Atlas Energy Solutions Inc. Common Stock,other,2356968370.0,2904572.0,18.87
NGVT,Ingevity Corporation Common Stock ,other,2349870810.0,223165.0,67.58
TMC,TMC the metals company Inc. - Common Stock,nasdaq,2347879974.0,5455941.0,5.42
DGII,Digi International Inc. - Common Stock,nasdaq,2337536338.0,579218.0,62.0
SAH,"Sonic Automotive, Inc. Common Stock",other,2337439458.0,404625.0,73.96
STNE,StoneCo Ltd. - Class A Common Share,nasdaq,2337423252.0,12960303.0,9.61
RLAY,"Relay Therapeutics, Inc. - Common Stock",nasdaq,2337351213.0,2469225.0,12.2
SOC,Sable Offshore Corp. Common Stock,other,2335510828.0,4148966.0,15.13
MCW,"Mister Car Wash, Inc. - Common Stock",nasdaq,2335151234.0,4605664.0,7.1
RH,RH Common Stock,other,2328007718.0,826954.0,123.17
BCC,"Boise Cascade, L.L.C. Common Stock",other,2322170679.0,294077.0,65.99
BBT,Beacon Financial Corporation Common stock,other,2320029260.0,685532.0,27.68
GRDN,"Guardian Pharmacy Services, Inc. Class A Common Stock",other,2318168411.0,506996.0,36.61
KOD,Kodiak Sciences Inc - Common Stock,nasdaq,2316653886.0,812543.0,37.02
HTO,H2O America  - Common Stock,nasdaq,2311255244.0,363459.0,55.24
ABM,ABM Industries Incorporated Common Stock,other,2305022452.0,435801.0,39.38
NBTB,NBT Bancorp Inc. - Common Stock,nasdaq,2293131129.0,353592.0,44.09
BCRX,"BioCryst Pharmaceuticals, Inc. - Common Stock",nasdaq,2292547193.0,4575795.0,9.02
PTON,"Peloton Interactive, Inc. - Common Stock",nasdaq,2290527283.0,10711786.0,5.29
DFTX,"Definium Therapeutics, Inc.  - Common Shares",nasdaq,2289311775.0,1435382.0,20.99
AMR,"Alpha Metallurgical Resources, Inc. Common Stock",other,2284690787.0,336439.0,179.69
HUBG,"Hub Group, Inc. - Class A Common Stock",nasdaq,2284083599.0,1017914.0,37.35
HE,"Hawaiian Electric Industries, Inc. Common Stock",other,2283969306.0,1869345.0,13.23
CMPR,Cimpress plc - Ordinary Shares,nasdaq,2282662878.0,301503.0,94.2
PCT,"PureCycle Technologies, Inc. - Common stock",nasdaq,2277072095.0,6695102.0,12.59
DXPE,"DXP Enterprises, Inc. - Common Stock",nasdaq,2276800014.0,124351.0,146.84
BLBD,Blue Bird Corporation - Common Stock,nasdaq,2274440351.0,762817.0,71.87
MLYS,"Mineralys Therapeutics, Inc. - Common Stock",nasdaq,2258798005.0,964357.0,27.38
TBBK,"The Bancorp, Inc. - Common Stock",nasdaq,2257835627.0,620769.0,54.23
CTOS,"Custom Truck One Source, Inc. Common Stock",other,2237938959.0,871648.0,9.84
WERN,"Werner Enterprises, Inc. - Common Stock",nasdaq,2236738791.0,1015090.0,37.31
CDNL,Cardinal Infrastructure Group Inc. - Class A Common Stock,nasdaq,2235292363.0,587174.0,52.145
COHU,"Cohu, Inc. - Common Stock",nasdaq,2223845858.0,903402.0,47.14
LMAT,"LeMaitre Vascular, Inc. - Common Stock",nasdaq,2223605412.0,201847.0,97.31
OUST,"Ouster, Inc. - Common Stock",nasdaq,2212253632.0,6901406.0,34.86
PBH,Prestige Consumer Healthcare Inc. Common Stock,other,2212150628.0,2000509.0,46.75
TYRA,"Tyra Biosciences, Inc. - Common Stock",nasdaq,2202782912.0,1017821.0,37.04
CXT,"Crane NXT, Co. Common Stock",other,2198693843.0,683857.0,38.21
PLUS,ePlus inc. - Common Stock,nasdaq,2193221819.0,172525.0,83.1
NTB,Bank of N.T. Butterfield & Son Limited (The) Voting Ordinary Shares,other,2187600000.0,146592.0,54.69
TMDX,"TransMedics Group, Inc. - Common Stock",nasdaq,2184249575.0,1220449.0,63.2
BUSE,First Busey Corporation - Common Stock,nasdaq,2182936500.0,798662.0,25.81
MH,"McGraw Hill, Inc. Common Stock",other,2181237347.0,425295.0,11.42
UAA,"Under Armour, Inc. Class A Common Stock",other,2180556805.0,12028955.0,5.12
AXGN,"Axogen, Inc. - Common Stock",nasdaq,2179759006.0,1029093.0,40.99
FUN,Six Flags Entertainment Corporation Common Stock New,other,2178988043.0,2930530.0,21.32
UTI,Universal Technical Institute Inc Common Stock,other,2178228232.0,938546.0,39.56
VVX,"V2X, Inc. Common Stock",other,2171989198.0,455659.0,69.37
DCO,Ducommun Incorporated Common Stock,other,2168549106.0,251283.0,143.75
PENN,"PENN Entertainment, Inc. - Common Stock",nasdaq,2168262610.0,2999478.0,16.2
PK,Park Hotels & Resorts Inc. Common Stock ,other,2166653345.0,3259172.0,10.76
SLDE,"Slide Insurance Holdings, Inc. - Common Stock",nasdaq,2153713825.0,1452373.0,18.8
HNI,HNI Corporation Common Stock,other,2152587949.0,739924.0,29.9
ECO,Okeanis Eco Tankers Corp. Common Stock,other,2152141384.0,532431.0,55.12
GCMG,GCM Grosvenor Inc. - Class A Common Stock,nasdaq,2151821807.0,229163.0,10.65
THR,"Thermon Group Holdings, Inc. Common Stock",other,2142699306.0,693508.0,65.23
PUMP,ProPetro Holding Corp. Common Stock,other,2139666231.0,4763702.0,17.45
DRVN,Driven Brands Holdings Inc. - Common Stock,nasdaq,2137904834.0,1226534.0,13.0
EFSC,Enterprise Financial Services Corporation - Common Stock,nasdaq,2133318290.0,218101.0,58.31
PBI,Pitney Bowes Inc. Common Stock,other,2133202444.0,2436323.0,15.75
PRDO,Perdoceo Education Corporation - Common Stock,nasdaq,2132533553.0,608845.0,34.01
ASTH,Astrana Health Inc. - Common Stock,nasdaq,2131702577.0,373904.0,38.26
BANR,Banner Corporation - Common Stock,nasdaq,2125713873.0,247202.0,62.58
UA,"Under Armour, Inc. Class C Common Stock",other,2125191105.0,4812002.0,4.99
HTH,Hilltop Holdings Inc.,other,2124060849.0,261904.0,36.29
PHVS,Pharvaris N.V. - Ordinary Shares,nasdaq,2117860171.0,444239.0,30.4
ARR,"ARMOUR Residential REIT, Inc.",other,2106303050.0,2844481.0,16.98
DRH,Diamondrock Hospitality Company - Common Stock,nasdaq,2106253087.0,1771453.0,10.3
AVPT,"AvePoint, Inc. - Class A Common Stock",nasdaq,2105330756.0,1789561.0,9.93
CENTA,Central Garden & Pet Company - Class A Common Stock Nonvoting,nasdaq,2104255298.0,349194.0,33.63
ALRM,"Alarm.com Holdings, Inc. - Common Stock",nasdaq,2103063989.0,505335.0,42.52
LWLG,"Lightwave Logic, Inc. - Common Stock",nasdaq,2102954927.0,7865231.0,13.65
MCRI,"Monarch Casino & Resort, Inc. - Common Stock",nasdaq,2093732907.0,140012.0,117.96
VERX,"Vertex, Inc. - Class A Common Stock",nasdaq,2079347563.0,1010198.0,12.85
CMRE,Costamare Inc. Common Stock $0.0001 par value,other,2070508992.0,408574.0,17.17
CPRI,Capri Holdings Limited Ordinary Shares,other,2056733790.0,2584570.0,17.26
ADPT,Adaptive Biotechnologies Corporation - Common Stock,nasdaq,2053369549.0,1563606.0,12.83
RNA,"Atrium Therapeutics, Inc. - Common Stock",nasdaq,2052629817.0,234332.0,13.23
GENB,"Generate Biomedicines, Inc. - Common Stock",nasdaq,2051079744.0,1406875.0,16.0
CXW,"CoreCivic, Inc. Common Stock",other,2050946660.0,1609414.0,20.74
WLY,"John Wiley & Sons, Inc. Common Stock",other,2047274310.0,273045.0,39.89
SEM,Select Medical Holdings Corporation Common Stock,other,2046277200.0,1603550.0,16.5
SYBT,"Stock Yards Bancorp, Inc. - Common Stock",nasdaq,2043631617.0,146266.0,69.24
VOYG,"Voyager Technologies, Inc. Class A Common Stock",other,2040988343.0,2490467.0,34.44
NWN,Northwest Natural Holding Company Common Stock,other,2037530644.0,269637.0,48.42
USAS,"Americas Gold and Silver Corporation Common Shares, no par value",other,2036831906.0,14842749.0,6.25
CLBK,"Columbia Financial, Inc. - Common Stock",nasdaq,2036208968.0,419579.0,19.57
NVCR,NovoCure Limited - Ordinary Shares,nasdaq,2036132125.0,1408601.0,17.58
STC,Stewart Information Services Corporation Common Stock,other,2032224874.0,130887.0,66.79
EZPW,"EZCORP, Inc. - Class A Non-Voting Common Stock",nasdaq,2030687274.0,613445.0,33.0
BHC,Bausch Health Companies Inc. Common Stock,other,2026064216.0,1037021.0,5.42
BTX,BlackRock Technology and Private Equity Term Trust Common Shares of Beneficial Interest,other,2025489135.0,631089.0,8.59
DHC,Diversified Healthcare Trust  - Common Shares of Beneficial Interest,nasdaq,2024013901.0,1165227.0,8.36
IE,Ivanhoe Electric Inc. Common Stock,other,2019800727.0,2619118.0,12.76
XRAY,DENTSPLY SIRONA Inc. - Common Stock,nasdaq,2017289698.0,9073227.0,10.07
TRVI,"Trevi Therapeutics, Inc. - Common Stock",nasdaq,2016111854.0,896421.0,14.2
ATEN,"A10 Networks, Inc. Common Stock",other,2012348991.0,1120644.0,27.95
OCUL,"Ocular Therapeutix, Inc. - Common Stock",nasdaq,2005676879.0,2373763.0,9.16
PLGO,Pelagos Insurance Capital Limited Common Shares,other,2002880158.0,867741.0,23.16
HCI,"HCI Group, Inc. Common Stock",other,1996415971.0,144745.0,156.4
VRRM,Verra Mobility Corporation - Class A Common Stock,nasdaq,1989977154.0,1743344.0,13.1
NTST,NetSTREIT Corp. Common Stock,other,1988006807.0,1268140.0,20.44
AUPH,Aurinia Pharmaceuticals Inc - Common Shares,nasdaq,1985457591.0,1111062.0,15.28
TIC,"TIC Solutions, Inc. Common Stock",other,1980541732.0,2448669.0,8.96
WS,"Worthington Steel, Inc. Common Shares",other,1977890738.0,245337.0,38.93
GTY,Getty Realty Corporation Common Stock,other,1975457805.0,350785.0,32.67
NEXA,Nexa Resources S.A. Common Shares,other,1966719150.0,1244254.0,14.85
FIGS,"FIGS, Inc. Class A Common Stock",other,1966146168.0,2765796.0,11.77
OMCL,"Omnicell, Inc. - Common Stock",nasdaq,1961050556.0,549809.0,43.12
VET,Vermilion Energy Inc. Common (Canada),other,1960960000.0,1058256.0,12.8
NWBI,"Northwest Bancshares, Inc. - Common Stock",nasdaq,1960616323.0,1060166.0,13.4
KYN,"Kayne Anderson Energy Infrastructure Fund, Inc.",other,1958932717.0,378991.0,14.39
DEI,"Douglas Emmett, Inc. Common Stock",other,1956227919.0,2456383.0,11.68
GNL,"Global Net Lease, Inc. Common Stock",other,1956127293.0,1974998.0,9.23
BLX,"Banco Latinoamericano de Comercio Exterior, S.A.",other,1956075128.0,115149.0,52.54
BBAI,"BigBear.ai, Inc. Common Stock",other,1954113756.0,33802974.0,4.08
BAK,Braskem SA ADR,other,1953159193.0,2628925.0,4.9
FLYW,Flywire Corporation - Voting Common Stock,nasdaq,1952005634.0,1557532.0,16.06
RVT,"Royce Small-Cap Trust, Inc. Common Stock",other,1945380004.0,166058.0,18.02
RNW,ReNew Energy Global plc - Class A Shares,nasdaq,1940814920.0,956571.0,5.35
LTC,"LTC Properties, Inc. Common Stock",other,1940288997.0,352626.0,37.91
GRC,Gorman-Rupp Company (The) Common Stock,other,1935870812.0,126743.0,73.3
ESTA,Establishment Labs Holdings Inc. - Common Shares,nasdaq,1935342446.0,532874.0,65.76
BORR,Borr Drilling Limited Common Shares,other,1926208730.0,5016175.0,6.26
INVX,"Innovex International, Inc. Common Stock",other,1925270928.0,394127.0,28.0
IOSP,Innospec Inc. - Common Stock,nasdaq,1924916323.0,304641.0,78.15
ADMA,ADMA Biologics Inc - Common Stock,nasdaq,1916760353.0,3717676.0,8.27
KOS,Kosmos Energy Ltd. Common Shares (DE),other,1916001355.0,15773929.0,3.23
NTLA,"Intellia Therapeutics, Inc. - Common Stock",nasdaq,1910003527.0,14830520.0,13.67
AGYS,"Agilysys, Inc. - Common Stock",nasdaq,1892809353.0,256788.0,67.34
AGRO,Adecoagro S.A. Common Shares,other,1891883989.0,543711.0,13.11
SHO,"Sunstone Hotel Investors, Inc. Sunstone Hotel Investors, Inc. Common Shares",other,1890856391.0,2716200.0,10.15
TSAT,Telesat Corporation - Class A Common Shares and Class B Variable Voting Shares,nasdaq,1880663188.0,156982.0,52.01
AGM,Federal Agricultural Mortgage Corporation Common Stock,other,1880239843.0,112545.0,173.31
SPSC,"SPS Commerce, Inc. - Common Stock",nasdaq,1878588961.0,475398.0,51.17
CYD,China Yuchai International Limited Common Stock,other,1875916100.0,289115.0,50.0
SGML,Sigma Lithium Corporation - common shares,nasdaq,1873798107.0,9247577.0,16.82
STOK,"Stoke Therapeutics, Inc. - Common Stock",nasdaq,1873432182.0,673606.0,30.08
RAMP,"LiveRamp Holdings, Inc. Common Stock",other,1872284356.0,521460.0,29.66
TH,Target Hospitality Corp. - Common Stock,nasdaq,1869057273.0,1351912.0,18.66
SKWD,"Skyward Specialty Insurance Group, Inc. - Common Stock",nasdaq,1865386421.0,320751.0,46.01
TNET,"TriNet Group, Inc. Common Stock",other,1861676934.0,510587.0,40.52
NBHC,National Bank Holdings Corporation Common Stock,other,1860898618.0,405486.0,40.81
OFG,OFG Bancorp Common Stock,other,1858101452.0,223655.0,43.97
STEL,"Stellar Bancorp, Inc. Common Stock",other,1853004200.0,235717.0,36.39
SRPT,"Sarepta Therapeutics, Inc. - Common Stock",nasdaq,1852862696.0,4563651.0,17.55
MD,"Pediatrix Medical Group, Inc. Common Stock",other,1846921778.0,888888.0,22.49
IMAX,Imax Corporation Common Stock,other,1842585362.0,991219.0,33.59
ANAB,"AnaptysBio, Inc. - Common Stock",nasdaq,1837721961.0,448392.0,63.15
FCF,First Commonwealth Financial Corporation Common Stock,other,1836421257.0,573532.0,18.06
MGNI,"Magnite, Inc. - Common Stock",nasdaq,1836016338.0,2164966.0,12.82
PAX,Patria Investments Limited - Class A Common Shares,nasdaq,1833434102.0,1146163.0,11.36
CLOV,"Clover Health Investments, Corp.  - Class A Common stock",nasdaq,1827594604.0,10660609.0,3.47
SGRY,"Surgery Partners, Inc. - Common Stock",nasdaq,1824633523.0,1491348.0,13.95
PGNY,"Progyny, Inc. - Common Stock",nasdaq,1821227603.0,945159.0,23.25
SAM,"Boston Beer Company, Inc. (The) Common Stock",other,1819540721.0,293318.0,174.73
ENHA,Enhanced Group Inc. Class A Common Stock,other,1817696201.0,432112.0,4.77
HMN,Horace Mann Educators Corporation Common Stock,other,1816748928.0,190935.0,44.99
SION,"Sionna Therapeutics, Inc. - Common Stock",nasdaq,1815946273.0,273188.0,40.22
COTY,Coty Inc. Class A Common Stock,other,1813760862.0,7097867.0,2.06
MUJ,"Blackrock MuniHoldings New Jersey Quality Fund, Inc. Common Stock",other,1807464023.0,132341.0,12.15
SFL,SFL Corporation Ltd,other,1804394929.0,1190243.0,12.48
LC,LendingClub Corporation Common Stock,other,1798320921.0,1145607.0,15.59
XPRO,Expro Group Holdings N.V. Common Stock,other,1797315236.0,717050.0,15.85
SNDX,"Syndax Pharmaceuticals, Inc. - Common Stock",nasdaq,1792296028.0,1842922.0,20.23
ALG,"Alamo Group, Inc. Common Stock",other,1792031874.0,159228.0,147.27
SNDA,"Sonida Senior Living, Inc. Common Stock",other,1788628816.0,496440.0,37.78
SPB,"Spectrum Brands Holdings, Inc. Common Stock",other,1787816490.0,384295.0,77.08
PDFS,"PDF Solutions, Inc. - Common Stock",nasdaq,1784472723.0,2404191.0,44.7
NEOG,Neogen Corporation - Common Stock,nasdaq,1782742206.0,1515355.0,8.19
STRA,"Strategic Education, Inc. - Common Stock",nasdaq,1781671100.0,279735.0,78.79
VRE,"Veris Residential, Inc. Common Stock",other,1779168802.0,621203.0,18.96
ALKT,"Alkami Technology, Inc. - Common Stock",nasdaq,1777588480.0,1193483.0,16.61
RAPP,"Rapport Therapeutics, Inc. - Common Stock",nasdaq,1772944258.0,230914.0,37.07
FMC,FMC Corporation Common Stock,other,1771891915.0,4780331.0,14.17
SONO,"Sonos, Inc. - Common Stock",nasdaq,1766678191.0,1675446.0,14.83
OCS,Oculis Holding AG - Ordinary shares,nasdaq,1756348627.0,250917.0,30.29
WD,"Walker & Dunlop, Inc Common Stock",other,1754326415.0,233357.0,51.1
ANIP,"ANI Pharmaceuticals, Inc. - Common Stock",nasdaq,1751961686.0,324984.0,78.01
ECPG,Encore Capital Group Inc - Common Stock,nasdaq,1749966427.0,408800.0,81.62
AMRC,"Ameresco, Inc. Class A Common Stock",other,1748985304.0,1046631.0,33.03
KMPR,Kemper Corporation,other,1747975948.0,987150.0,29.69
LAC,Lithium Americas Corp. Common Shares,other,1747595244.0,11317653.0,5.01
ZYME,Zymeworks Inc. - Common Stock,nasdaq,1747441850.0,640809.0,23.93
LPG,Dorian LPG Ltd. Common Stock,other,1746951490.0,601979.0,40.87
HTZ,"Hertz Global Holdings, Inc - Common Stock",nasdaq,1746177812.0,6322108.0,5.53
HRMY,"Harmony Biosciences Holdings, Inc. - Common Stock",nasdaq,1741990621.0,471170.0,30.09
WMK,"Weis Markets, Inc. Common Stock",other,1739545169.0,126017.0,70.3
FLNG,FLEX LNG Ltd. Ordinary Shares,other,1737988041.0,346605.0,32.13
RQI,Cohen & Steers Quality Income Realty Fund Inc Common Shares,other,1736504275.0,382167.0,12.93
TPB,"Turning Point Brands, Inc. Common Stock",other,1734556345.0,311388.0,89.56
EPAC,Enerpac Tool Group Corp. Common Stock,other,1734427637.0,243098.0,33.65
VRDN,"Viridian Therapeutics, Inc.  - Common Stock",nasdaq,1733717127.0,1613559.0,16.82
SHLS,"Shoals Technologies Group, Inc. - Class A Common Stock",nasdaq,1733082870.0,11387984.0,10.33
OXLC,Oxford Lane Capital Corp. - Closed End Fund,nasdaq,1730792000.0,1177859.0,9.97
BAND,Bandwidth Inc. - Class A Common Stock,nasdaq,1727974059.0,1646313.0,53.97
AIN,Albany International Corporation Common Stock,other,1722460000.0,226390.0,60.65
SRCE,1st Source Corporation - Common Stock,nasdaq,1714667795.0,114537.0,71.24
PRLB,"Proto Labs, Inc. Common stock",other,1713409180.0,270428.0,72.01
TGLS,Tecnoglass Inc. Ordinary Shares,other,1712925546.0,332442.0,38.61
ARCO,Arcos Dorados Holdings Inc. Class A Shares,other,1712690653.0,1147344.0,8.13
TSHA,"Taysha Gene Therapies, Inc. - Common Stock",nasdaq,1712671679.0,3243269.0,5.96
HURN,Huron Consulting Group Inc. - Common Stock,nasdaq,1710023723.0,299762.0,105.48
MHD,"Blackrock MuniHoldings Fund, Inc. Common Stock",other,1709280792.0,332101.0,11.49
SKYT,"SkyWater Technology, Inc. - Common Stock",nasdaq,1708383781.0,929553.0,34.72
QURE,uniQure N.V. - Ordinary Shares,nasdaq,1705975469.0,1443125.0,27.05
JBLU,JetBlue Airways Corporation - Common Stock,nasdaq,1703846535.0,18284644.0,4.58
PWP,Perella Weinberg Partners - Class A Common Stock,nasdaq,1703488890.0,771983.0,18.33
PLPC,Preformed Line Products Company - Common Stock,nasdaq,1698290889.0,126321.0,347.44
ADUS,Addus HomeCare Corporation - Common Stock,nasdaq,1698121320.0,304611.0,90.98
SILA,"Sila Realty Trust, Inc. Common Stock",other,1687777215.0,275312.0,30.55
VCEL,Vericel Corporation - Common Stock,nasdaq,1686783571.0,449000.0,33.03
CASH,"Pathward Financial, Inc. - Common Stock",nasdaq,1686691717.0,183224.0,79.9
WLTH,Wealthfront Corporation - Common Stock,nasdaq,1686387286.0,1507430.0,11.28
TSLX,"Sixth Street Specialty Lending, Inc. Common Stock",other,1684697508.0,663489.0,17.73
GLOB,Globant S.A. Common Shares,other,1680116524.0,6513890.0,38.91
NBR,Nabors Industries Ltd.,other,1679813602.0,246074.0,105.27
EVCM,EverCommerce Inc. - Common Stock,nasdaq,1679262152.0,125383.0,9.49
AVAH,Aveanna Healthcare Holdings Inc. - Common Stock,nasdaq,1679177555.0,3574232.0,7.72
PLSE,"Pulse Biosciences, Inc - Common Stock",nasdaq,1677949169.0,569041.0,24.55
AGIO,"Agios Pharmaceuticals, Inc. - Common Stock",nasdaq,1675315226.0,604105.0,28.17
EFC,Ellington Financial Inc. Common Stock ,other,1671497008.0,936416.0,13.33
SID,Companhia Siderurgica Nacional S.A. Common Stock,other,1670878373.0,3370555.0,1.26
MQY,"Blackrock MuniYield Quality Fund, Inc. Common Stock",other,1670602549.0,407133.0,11.23
CTS,CTS Corporation Common Stock,other,1667538511.0,269951.0,58.32
CAPR,"Capricor Therapeutics, Inc. - Common Stock",nasdaq,1667283399.0,987937.0,28.79
BCAT,BlackRock Capital Allocation Term Trust Common Shares of Beneficial Interest,other,1665279000.0,1008009.0,15.4
FIVN,"Five9, Inc. - Common Stock",nasdaq,1656844700.0,3439143.0,21.64
UFPT,"UFP Technologies, Inc. - Common Stock",nasdaq,1655318099.0,262496.0,213.95
RZB,"Reinsurance Group of America, Incorporated 5.75% Fixed-To-Floating Rate Subordinated Debentures due 2056",other,1654862497.0,120102.0,25.26
REX,REX American Resources Corporation,other,1648862163.0,136960.0,50.06
SLSR,Solaris Resources Inc. Common Shares,other,1646968334.0,159686.0,9.86
LOB,"Live Oak Bancshares, Inc. Common Stock",other,1644628000.0,200387.0,35.55
SMA,"SmartStop Self Storage REIT, Inc. Common Stock",other,1641027344.0,669378.0,29.64
FRA,Blackrock Floating Rate Income Strategies Fund Inc  Common Stock,other,1640850055.0,164563.0,11.03
NRIX,"Nurix Therapeutics, Inc. - Common stock",nasdaq,1639499165.0,1000322.0,15.855
PVLA,"Palvella Therapeutics, Inc. - Common Stock",nasdaq,1638526499.0,258474.0,114.24
IMKTA,"Ingles Markets, Incorporated - Class A Common Stock",nasdaq,1636555436.0,191031.0,86.16
WBTN,WEBTOON Entertainment Inc. - Common stock,nasdaq,1634311712.0,273207.0,12.085
ADNT,Adient plc Ordinary Shares ,other,1634134985.0,1096077.0,20.84
LAR,Lithium Argentina AG Common Shares,other,1631786281.0,2640178.0,9.96
NWL,Newell Brands Inc. - Common Stock,nasdaq,1631722644.0,7790219.0,3.84
ECAT,BlackRock ESG Capital Allocation Term Trust Common Shares of Beneficial Interest,other,1629594450.0,485084.0,15.07
NCNO,"nCino, Inc. - Common Stock",nasdaq,1628655132.0,4324883.0,14.97
TILE,"Interface, Inc. - Common Stock",nasdaq,1628476186.0,613362.0,28.05
GAB,"Gabelli Equity Trust, Inc. (The) Common Stock",other,1624809188.0,1602077.0,5.53
INVA,"Innoviva, Inc. - Common Stock",nasdaq,1621578216.0,996966.0,21.97
GT,The Goodyear Tire & Rubber Company - Common Stock,nasdaq,1621153879.0,8901958.0,5.64
CNXN,"PC Connection, Inc. - Common Stock",nasdaq,1620773520.0,166651.0,64.25
VSTS,Vestis Corporation Common Stock,other,1618287255.0,2530929.0,12.25
INTA,"Intapp, Inc. - Common Stock",nasdaq,1617522879.0,1541323.0,20.99
MQ,"Marqeta, Inc. - Class A Common Stock",nasdaq,1615555493.0,3157901.0,3.81
FSUN,FirstSun Capital Bancorp - Common Stock,nasdaq,1611481588.0,194465.0,34.48
NVRI,Enviri Corporation Common Stock,other,1603661623.0,835963.0,19.39
MYI,"Blackrock MuniYield Quality Fund III, Inc Common Stock",other,1600684188.0,257589.0,10.76
BL,"BlackLine, Inc. - Common Stock",nasdaq,1598509988.0,1126295.0,27.25
STAA,STAAR Surgical Company - Common Stock,nasdaq,1596717035.0,1372853.0,32.07
PEB,Pebblebrook Hotel Trust Common Shares of Beneficial Interest,other,1593971444.0,1266850.0,14.06
ECVT,Ecovyst Inc. Common Stock,other,1593642727.0,1000539.0,14.56
INBX,"Inhibrx Biosciences, Inc. - Common Stock",nasdaq,1586935551.0,394335.0,108.64
TE,T1 Energy Inc. Common Stock,other,1583468725.0,18132867.0,5.67
BDJ,Blackrock Enhanced Equity Dividend Trust,other,1579416434.0,641980.0,8.93
MUC,"Blackrock MuniHoldings California Quality Fund, Inc.  Common Stock",other,1578369817.0,400786.0,10.61
PGEN,"Precigen, Inc. - Common Stock",nasdaq,1575778532.0,3614330.0,4.42
YSWY,"Yesway, Inc. - Class A Common Stock",nasdaq,1566164777.0,246087.0,25.84
STBA,"S&T Bancorp, Inc. - Common Stock",nasdaq,1557799164.0,325151.0,43.3
NVGS,Navigator Holdings Ltd. Ordinary Shares (Marshall Islands),other,1557528098.0,484624.0,23.87
LINC,Lincoln Educational Services Corporation - Common Stock,nasdaq,1557487745.0,637392.0,49.1
AIP,"Arteris, Inc.  - Common Stock",nasdaq,1556457513.0,1727862.0,33.71
BOBS,"Bob's Discount Furniture, Inc. Common Stock",other,1555773358.0,1307509.0,11.91
IIPR,"Innovative Industrial Properties, Inc. Common Stock",other,1553245891.0,316732.0,53.98
RXRX,"Recursion Pharmaceuticals, Inc. - Class A Common Stock",nasdaq,1552622233.0,17352127.0,2.93
CBZ,"CBIZ, Inc. Common Stock",other,1551521329.0,655747.0,28.92
CLVT,Clarivate Plc Ordinary Shares,other,1546903954.0,4297796.0,2.42
FDP,"Fresh Del Monte Produce, Inc. Common Stock",other,1545764026.0,601077.0,32.49
MBX,"MBX Biosciences, Inc. - Common Stock",nasdaq,1544540043.0,606418.0,32.45
IOVA,"Iovance Biotherapeutics, Inc. - Common Stock",nasdaq,1540433266.0,7831857.0,3.45
PAYO,Payoneer Global Inc. - Common Stock,nasdaq,1539981854.0,4807160.0,4.6
ARDX,"Ardelyx, Inc. - Common Stock",nasdaq,1538993081.0,3242629.0,6.23
BKT,BlackRock Income Trust Inc. (The),other,1538203950.0,204215.0,10.34
KW,Kennedy-Wilson Holdings Inc. Common Stock,other,1536515123.0,1322128.0,11.03
RES,"RPC, Inc. Common Stock",other,1533734510.0,1534905.0,6.92
GLUE,"Monte Rosa Therapeutics, Inc. - Common Stock",nasdaq,1533301437.0,926143.0,18.15
WEN,Wendy's Company (The) - Common Stock,nasdaq,1527654733.0,9951625.0,8.02
FLO,"Flowers Foods, Inc. Common Stock",other,1521129433.0,44900209.0,7.18
HOPE,"Hope Bancorp, Inc. - Common Stock",nasdaq,1516169152.0,853815.0,11.86
TRIN,Trinity Capital Inc. - Common Stock,nasdaq,1514606919.0,811358.0,16.85
DMRA,"Damora Therapeutics, Inc. - Common Stock",nasdaq,1514208572.0,439278.0,24.6
DCH,Dauch Corporation Common Stock,other,1509652416.0,4691874.0,6.36
AMBQ,"Ambiq Micro, Inc. Common Stock",other,1508486960.0,918716.0,70.57
NUVB,Nuvation Bio Inc. Class A Common Stock,other,1504232515.0,8028280.0,4.32
STGW,Stagwell Inc. - Class A Common Stock,nasdaq,1499578416.0,1429128.0,6.05
ASAN,"Asana, Inc. Class A Common Stock",other,1495074584.0,5666158.0,6.2
ALMR,"Alamar Biosciences, Inc. - Class A common stock",nasdaq,1492962946.0,253095.0,21.54
ZD,"Ziff Davis, Inc. - Common Stock",nasdaq,1492202054.0,510689.0,40.51
KDK,"Kodiak AI, Inc. - Common Stock",nasdaq,1491026866.0,916734.0,8.11
NVAX,"Novavax, Inc. - Common Stock",nasdaq,1489809358.0,4055371.0,9.06
PRCT,PROCEPT BioRobotics Corporation - Common Stock,nasdaq,1486720205.0,2135703.0,26.12
SLVM,Sylvamo Corporation Common Stock,other,1486528848.0,364281.0,37.41
VIR,"Vir Biotechnology, Inc. - Common Stock",nasdaq,1482450851.0,1712017.0,8.79
HLX,"Helix Energy Solutions Group, Inc. Common Stock",other,1480325725.0,1305026.0,10.05
ATAI,AtaiBeckley Inc. - Common Stock,nasdaq,1478189196.0,2884091.0,4.015
AMLX,"Amylyx Pharmaceuticals, Inc. - Common Stock",nasdaq,1477110221.0,997928.0,13.285
LILAK,Liberty Latin America Ltd. - Class C Common Stock,nasdaq,1474248000.0,440697.0,7.32
GBX,"Greenbrier Companies, Inc. (The) Common Stock",other,1473914618.0,864510.0,47.64
PRGO,Perrigo Company plc Ordinary Shares,other,1468082040.0,2437253.0,10.61
XHR,"Xenia Hotels & Resorts, Inc. Common Stock",other,1467631235.0,1227005.0,15.91
GSL,Global Ship Lease Inc New Class A Common Shares,other,1467619450.0,285955.0,40.86
TFIN,"Triumph Financial, Inc. Common Stock",other,1466465185.0,276150.0,61.6
GHRS,GH Research PLC - Ordinary Shares,nasdaq,1466437952.0,201168.0,21.39
CNXC,Concentrix Corporation - Common Stock,nasdaq,1465945969.0,1359225.0,24.03
DXC,DXC Technology Company Common Stock ,other,1461509931.0,9647831.0,8.94
WKC,World Kinect Corporation Common Stock,other,1461062581.0,741446.0,28.45
SATL,Satellogic Inc. - Class A Common Stock,nasdaq,1458721914.0,16279868.0,9.84
HCSG,"Healthcare Services Group, Inc. - Common Stock",nasdaq,1458710755.0,426726.0,21.25
IMTX,Immatics N.V. - Ordinary Shares,nasdaq,1457629781.0,358354.0,10.87
EVTC,"Evertec, Inc. Common Stock",other,1456088729.0,512331.0,23.63
CNOB,"ConnectOne Bancorp, Inc. - Common Stock",nasdaq,1455349016.0,272926.0,28.94
AHCO,AdaptHealth Corp.  - Common Stock,nasdaq,1450337260.0,1130719.0,10.66
ARDT,"Ardent Health, Inc. Common Stock",other,1447835313.0,519090.0,10.1
BY,"Byline Bancorp, Inc. Common Stock",other,1447647177.0,206395.0,31.88
LILA,Liberty Latin America Ltd. - Class A Common Stock,nasdaq,1446052000.0,315154.0,7.18
CBL,"CBL & Associates Properties, Inc. Common Stock",other,1442025723.0,198978.0,46.6
ARI,"Apollo Commercial Real Estate Finance, Inc",other,1440090770.0,1589706.0,10.84
BKSY,BlackSky Technology Inc. Class A Common Stock,other,1437974758.0,2461810.0,38.75
APPN,Appian Corporation - Class A Common Stock,nasdaq,1433738704.0,1092435.0,19.53
LKFN,Lakeland Financial Corporation - Common Stock,nasdaq,1426551934.0,207359.0,57.26
TTI,"Tetra Technologies, Inc. Common Stock",other,1424302653.0,1479502.0,10.52
ATRC,"AtriCure, Inc. - Common Stock",nasdaq,1424024076.0,1036903.0,28.12
KARO,Karooooo Ltd. - Ordinary shares,nasdaq,1422327532.0,177910.0,46.04
CSWC,Capital Southwest Corporation - Common Stock,nasdaq,1418018811.0,684365.0,23.57
BLKB,"Blackbaud, Inc. - Common Stock",nasdaq,1417005470.0,685685.0,30.85
HLMN,Hillman Solutions Corp. - Common Stock,nasdaq,1414671259.0,1232444.0,7.21
MAZE,"Maze Therapeutics, Inc. - Common Stock",nasdaq,1414624871.0,411790.0,25.56
CRML,Critical Metals Corp. - Ordinary Shares,nasdaq,1411234552.0,7957324.0,11.18
OBK,"Origin Bancorp, Inc. Common Stock",other,1405209109.0,131683.0,45.47
LZB,La-Z-Boy Incorporated Common Stock,other,1403683253.0,382097.0,34.3
URGN,UroGen Pharma Ltd. - Ordinary Shares,nasdaq,1402210555.0,944064.0,28.78
CMPS,COMPASS Pathways Plc - American Depository Shares,nasdaq,1399424448.0,3131549.0,10.37
ENOV,Enovis Corporation Common Stock,other,1398195627.0,1262413.0,24.29
EYE,"National Vision Holdings, Inc. - Common Stock",nasdaq,1398017517.0,3714941.0,17.45
PAHC,Phibro Animal Health Corporation - Class A Common Stock,nasdaq,1394209289.0,475739.0,34.37
NOMD,Nomad Foods Limited Ordinary Shares,other,1392443702.0,1813640.0,9.8
WLDN,"Willdan Group, Inc. - Common Stock",nasdaq,1391989025.0,484785.0,92.12
DV,"DoubleVerify Holdings, Inc. Common Stock",other,1390385552.0,4244538.0,9.06
ALGT,Allegiant Travel Company - Common Stock,nasdaq,1380953021.0,753683.0,74.9
WLFC,Willis Lease Finance Corporation - Common Stock,nasdaq,1380790313.0,257384.0,180.03
ARRY,"Array Technologies, Inc. - Common Stock",nasdaq,1379822611.0,5287597.0,8.97
TNC,Tennant Company Common Stock,other,1375380250.0,182866.0,80.72
ORC,"Orchid Island Capital, Inc. Common Stock",other,1369943550.0,4829836.0,6.86
LIFE,Ethos Technologies Inc. - Class A Common Stock,nasdaq,1367605428.0,1082674.0,21.71
MUX,McEwen Inc. Common Stock,other,1367114157.0,1071197.0,22.81
OLPX,"Olaplex Holdings, Inc. - Common Stock",nasdaq,1364245617.0,3185490.0,2.03
TBLA,Taboola.com Ltd. - Ordinary Shares,nasdaq,1363888516.0,2299063.0,4.99
AGL,"agilon health, inc. Common Stock",other,1363565830.0,443990.0,81.73
TRS,TriMas Corporation - Common Stock,nasdaq,1362526861.0,308646.0,38.03
PICS,PicS N.V. - Class A Common Shares,nasdaq,1360669202.0,1412027.0,10.5
HLIT,Harmonic Inc. - Common Stock,nasdaq,1360545307.0,2140240.0,12.54
RLJ,RLJ Lodging Trust Common Shares of Beneficial Interest $0.01 par value,other,1359771048.0,2335001.0,8.95
PLTK,Playtika Holding Corp. - Common Stock,nasdaq,1357954976.0,791539.0,3.57
PBT,Permian Basin Royalty Trust Common Stock,other,1352121172.0,282275.0,29.01
KALV,"KalVista Pharmaceuticals, Inc. - Common Stock",nasdaq,1351102412.0,8869885.0,26.73
DOLE,Dole plc Ordinary Shares,other,1341741195.0,1068632.0,14.1
BLDP,"Ballard Power Systems, Inc. - Common Shares",nasdaq,1341567528.0,32765044.0,4.45
GSHD,"Goosehead Insurance, Inc. - Class A Common Stock",nasdaq,1340567933.0,324973.0,37.65
JJSF,J & J Snack Foods Corp. - Common Stock,nasdaq,1338993902.0,254143.0,71.4
ARLO,"Arlo Technologies, Inc. Common Stock",other,1338072945.0,1678993.0,12.32
UVV,Universal Corporation Common Stock,other,1333157801.0,173398.0,53.49
RVLV,"Revolve Group, Inc. Class A Common Stock",other,1331648655.0,1367084.0,18.61
PRG,"PROG Holdings, Inc. Common Stock",other,1331378692.0,452231.0,33.23
HLF,Herbalife Ltd. Common Shares,other,1330078607.0,1459977.0,12.83
BCAX,Bicara Therapeutics Inc. - Common Stock,nasdaq,1329189209.0,552936.0,20.23
ENVX,Enovix Corporation - Common Stock,nasdaq,1329000672.0,7751164.0,6.11
GCT,GigaCloud Technology Inc - Class A Ordinary Shares,nasdaq,1326556817.0,514586.0,36.06
SBET,"Sharplink, Inc. - Common Stock",nasdaq,1325260689.0,7972551.0,6.72
TWO,Two Harbors Investment Corp,other,1323583796.0,2427868.0,12.6
KSS,Kohl's Corporation Common Stock,other,1321219587.0,3783623.0,11.77
BHVN,Biohaven Ltd. Common Shares ,other,1318436852.0,2023070.0,8.76
SLS,"SELLAS Life Sciences Group, Inc.  - Common Stock",nasdaq,1317110624.0,8486739.0,7.08
ACDC,ProFrac Holding Corp. - Class A Common Stock,nasdaq,1317103082.0,837756.0,7.28
RYZ,Ryerson Holding Corporation Common Stock,other,1316935815.0,552657.0,25.38
ELVR,Elevra Lithium Limited - American Depository Shares,nasdaq,1311992460.0,571096.0,77.46
IDT,IDT Corporation Class B Common Stock,other,1303963960.0,105605.0,52.0
WVE,Wave Life Sciences Ltd. - Ordinary Shares,nasdaq,1302562908.0,4224943.0,6.77
FOR,Forestar Group Inc Common Stock ,other,1301742866.0,164275.0,25.52
AVBP,"ArriVent BioPharma, Inc. - Common Stock",nasdaq,1298043243.0,278486.0,27.87
NNE,Nano Nuclear Energy Inc. - common stock,nasdaq,1297913194.0,2801615.0,24.92
VPG,"Vishay Precision Group, Inc. Common Stock",other,1294453320.0,617720.0,97.32
NSSC,"NAPCO Security Technologies, Inc. - Common Stock",nasdaq,1294044146.0,447625.0,36.22
FTRE,Fortrea Holdings Inc. - Common Stock,nasdaq,1292236000.0,1100962.0,13.66
MLTX,MoonLake Immunotherapeutics - Class A Ordinary Shares,nasdaq,1291950200.0,585229.0,17.55
NPKI,NPK International Inc. Common Stock,other,1291195180.0,551395.0,15.29
AEVA,"Aeva Technologies, Inc. - Common Stock",nasdaq,1290760810.0,1962557.0,20.475
TEN,Tsakos Energy Navigation Ltd Common Shares,other,1281929508.0,283670.0,42.55
OI,"O-I Glass, Inc. Common Stock",other,1280051351.0,1870498.0,8.35
IAUX,i-80 Gold Corp. Common Shares,other,1275835696.0,30286500.0,1.48
AAT,"American Assets Trust, Inc. Common Stock",other,1275089741.0,303774.0,20.77
TROX,Tronox Holdings plc Ordinary Shares (UK),other,1274597511.0,3123010.0,7.99
CDRE,"Cadre Holdings, Inc. Common Stock",other,1274508091.0,359924.0,29.78
UMH,"UMH Properties, Inc. Common Stock",other,1270679629.0,880380.0,14.92
MRTN,"Marten Transport, Ltd. - Common Stock",nasdaq,1266263375.0,873261.0,15.52
PRA,ProAssurance Corporation Common Stock,other,1264905364.0,1741916.0,24.51
WABC,Westamerica Bancorporation - Common Stock,nasdaq,1263182220.0,266263.0,53.78
RMIX,"Suncrete, Inc. - Class A Common Stock",nasdaq,1262695133.0,386845.0,17.635
LADR,Ladder Capital Corp Class A Common Stock,other,1262637351.0,914915.0,9.89
WWW,"Wolverine World Wide, Inc. Common Stock",other,1258408335.0,1634837.0,15.35
AI,"C3.ai, Inc. Class A Common Stock",other,1256769070.0,5218155.0,8.65
PRCH,"Porch Group, Inc. - Common Stock",nasdaq,1256720304.0,2810349.0,9.84
LEG,"Leggett & Platt, Incorporated Common Stock",other,1251085622.0,2735141.0,9.17
VTOL,"Bristow Group, Inc. Common Stock",other,1248485020.0,206355.0,42.17
AVLN,Avalyn Pharma Inc. - common stock,nasdaq,1247671482.0,205039.0,29.84
BHRB,Burke & Herbert Financial Services Corp. - Common Stock,nasdaq,1238608575.0,167185.0,61.47
PNTG,"The Pennant Group, Inc. - Common Stock",nasdaq,1235986651.0,402576.0,35.55
LSPD,Lightspeed Commerce Inc. Subordinate Voting Shares,other,1235112824.0,681428.0,8.83
DEC,Diversified Energy Company Common Stock,other,1234241159.0,691870.0,16.08
CRI,"Carter's, Inc. Common Stock",other,1233004915.0,835364.0,33.46
XZO,"Exzeo Group, Inc. Common Stock",other,1232853911.0,120529.0,13.56
CMP,Compass Minerals Intl Inc Common Stock,other,1231477514.0,771498.0,29.35
LIND,Lindblad Expeditions Holdings Inc.  - Common Stock,nasdaq,1224216507.0,551196.0,18.67
MPLT,"MapLight Therapeutics, Inc. - Common Stock",nasdaq,1224187570.0,176878.0,28.73
VZLA,Vizsla Silver Corp. Common Shares,other,1223245923.0,12425506.0,3.5
CCO,"Clear Channel Outdoor Holdings, Inc. Common Stock",other,1216470579.0,4791003.0,2.39
SEPN,"Septerna, Inc. - Common Stock",nasdaq,1214785614.0,573820.0,26.95
ASM,Avino Silver & Gold Mines Ltd. Common Shares (Canada),other,1213047158.0,7784643.0,7.14
CSIQ,Canadian Solar Inc. - Common Shares,nasdaq,1212563025.0,4461164.0,17.88
LOMA,Loma Negra Compania Industrial Argentina Sociedad Anonima ADS,other,1212477986.0,442279.0,10.39
GIII,"G-III Apparel Group, LTD. - Common Stock",nasdaq,1212098216.0,965557.0,28.73
WGS,GeneDx Holdings Corp. - Class A Common Stock,nasdaq,1209787100.0,1622515.0,40.75
MAN,ManpowerGroup Common Stock,other,1207795672.0,1015101.0,25.97
ADTN,"ADTRAN Holdings, Inc. - Common Stock",nasdaq,1207681671.0,1939492.0,14.91
VMET,Versamet Royalties Corporation - Common Stock,nasdaq,1205490438.0,231308.0,11.17
ABCL,AbCellera Biologics Inc. - Common Shares,nasdaq,1205182026.0,8847346.0,4.09
GPRE,"Green Plains, Inc. - Common Stock",nasdaq,1200317182.0,1373729.0,17.14
DFH,"Dream Finders Homes, Inc. Class A Common Stock",other,1199114159.0,982454.0,13.1
VIA,"Via Transportation, Inc. Class A Common Stock",other,1199114097.0,554621.0,14.75
CXM,"Sprinklr, Inc. Class A Common Stock",other,1195580767.0,2841875.0,5.11
COAG,"Hemab Therapeutics Holdings, Inc. - Common Stock",nasdaq,1191372484.0,118344.0,28.07
YELP,Yelp Inc. Common Stock,other,1190548742.0,1379505.0,21.65
OLMA,"Olema Pharmaceuticals, Inc. - Common Stock",nasdaq,1187052131.0,1223602.0,13.59
PEBO,Peoples Bancorp Inc. - Common Stock,nasdaq,1186552247.0,208362.0,33.03
AMAL,Amalgamated Financial Corp. - Common Stock,nasdaq,1185136329.0,170653.0,39.68
RDWR,Radware Ltd. - Ordinary Shares,nasdaq,1182902881.0,210233.0,27.96
ABTC,American Bitcoin Corp. - Class A Common Stock,nasdaq,1179944658.0,12099938.0,1.11
ATEC,"Alphatec Holdings, Inc. - Common Stock",nasdaq,1178026076.0,2883601.0,7.66
PRGS,Progress Software Corporation - Common Stock,nasdaq,1170206144.0,595156.0,27.81
RCAT,"Red Cat Holdings, Inc. - Common Stock",nasdaq,1164825006.0,8894461.0,9.49
AOSL,Alpha and Omega Semiconductor Limited - Common Shares,nasdaq,1163362697.0,702555.0,38.87
HROW,"Harrow, Inc. - Common Stock",nasdaq,1163356089.0,1194841.0,31.21
ASST,"Strive, Inc. - Class A Common Stock",nasdaq,1161176000.0,3105793.0,16.79
AGBK,AGI Inc Class A Common Shares,other,1159493008.0,346375.0,7.25
NAT,Nordic American Tankers Limited Common Stock,other,1158276127.0,3548272.0,5.47
ZBIO,"Zenas BioPharma, Inc. - Common Stock",nasdaq,1157866134.0,640920.0,18.34
AVNS,"Avanos Medical, Inc. Common Stock",other,1157040635.0,592067.0,24.71
KMTS,"Kestra Medical Technologies, Ltd. - Common Stock",nasdaq,1156959856.0,329169.0,19.82
INSP,"Inspire Medical Systems, Inc. Common Stock",other,1153966778.0,1676427.0,40.05
NSP,"Insperity, Inc. Common Stock",other,1153854372.0,492340.0,30.23
JBIO,"Jade Biosciences, Inc. - Common Stock",nasdaq,1152799881.0,555336.0,23.355
ENR,"Energizer Holdings, Inc. Common Stock",other,1151039283.0,1081508.0,16.81
PGY,Pagaya Technologies Ltd. - Class A Ordinary Shares,nasdaq,1149518771.0,3031678.0,13.54
TDOC,"Teladoc Health, Inc. Common Stock",other,1148063233.0,4378401.0,6.36
TK,Teekay Corporation Ltd. Common Stock,other,1147212193.0,496527.0,13.22
GHM,Graham Corporation Common Stock,other,1147205044.0,157714.0,98.28
GILT,Gilat Satellite Networks Ltd. - Ordinary Shares,nasdaq,1146403700.0,824523.0,15.19
XPEL,"XPEL, Inc. - Common Stock",nasdaq,1143505268.0,205100.0,41.49
PZZA,"Papa John's International, Inc. - Common Stock",nasdaq,1142686946.0,3069947.0,34.73
NAK,"Northern Dynasty Minerals, Ltd. Common Stock",other,1142377890.0,7182144.0,2.04
PRSU,"Pursuit Attractions and Hospitality, Inc. Common Stock",other,1141912882.0,260699.0,41.8
GTM,ZoomInfo Technologies Inc. - Common Stock,nasdaq,1137611611.0,11957190.0,3.86
ITRN,Ituran Location and Control Ltd. - Ordinary Shares,nasdaq,1137514904.0,133856.0,57.18
SBH,"Sally Beauty Holdings, Inc. (Name to be changed from Sally Holdings, Inc.) Common Stock",other,1135360983.0,1371355.0,11.9
FCEL,"FuelCell Energy, Inc. - Common Stock",nasdaq,1131607218.0,14996994.0,21.36
IVA,Inventiva S.A. - American Depository Shares,nasdaq,1129928664.0,284480.0,5.44
NEWP,New Pacific Metals Corp. Common Shares,other,1128824961.0,6320921.0,5.33
BRBR,"BellRing Brands, Inc. Common Stock ",other,1126732367.0,4950819.0,9.69
HSLV,Highlander Silver Corp. Common Shares,other,1124931502.0,175908.0,5.53
SCL,Stepan Company Common Stock,other,1117268358.0,120314.0,49.19
ABR,Arbor Realty Trust Common Stock,other,1113771365.0,4119693.0,5.79
AMN,AMN Healthcare Services Inc,other,1109668948.0,1120130.0,28.61
GIC,Global Industrial Company Common Stock,other,1109189260.0,153503.0,28.99
ICFI,"ICF International, Inc. - Common Stock",nasdaq,1106527482.0,254492.0,61.12
AORT,"Artivion, Inc. Common Stock",other,1105332080.0,863947.0,22.77
IRMD,iRadimed Corporation - Common Stock,nasdaq,1104965545.0,182211.0,86.44
GOLD,"Gold.com, Inc. Common Stock",other,1102799414.0,573128.0,38.73
JCAP,"Jefferson Capital, Inc. - Common Stock",nasdaq,1102786078.0,279953.0,17.87
TRIP,"TripAdvisor, Inc. - Common Stock",nasdaq,1100776659.0,2972938.0,9.46
SVV,"Savers Value Village, Inc. Common Stock",other,1097921307.0,1133485.0,7.13
IART,Integra LifeSciences Holdings Corporation - Common Stock,nasdaq,1096936332.0,864800.0,14.1
DSL,DoubleLine Income Solutions Fund Common Shares of Beneficial Interests,other,1096465901.0,813990.0,10.75
COLL,"Collegium Pharmaceutical, Inc. - Common Stock",nasdaq,1095613055.0,307694.0,33.78
LNN,Lindsay Corporation Common Stock,other,1094974341.0,134210.0,105.33
CIM,Chimera Investment Corporation Common Stock,other,1094926376.0,572914.0,13.09
PSEC,Prospect Capital Corporation - Closed End Fund,nasdaq,1092196684.0,6205583.0,2.18
REAL,"The RealReal, Inc. - Common Stock",nasdaq,1091618816.0,2797897.0,9.06
ULCC,"Frontier Group Holdings, Inc. - Common Stock",nasdaq,1091499341.0,3627559.0,4.75
GENI,Genius Sports Limited Ordinary Shares,other,1090740746.0,4180775.0,4.24
TDAY,"USA TODAY Co., Inc. Common Stock",other,1084128600.0,1677176.0,7.39
ELE,Elemental Royalty Corporation - Common Stock,nasdaq,1082836198.0,379686.0,16.86
BKKT,"Bakkt, Inc. Class A Common Stock",other,1082704152.0,2135320.0,8.28
PSUS,"Pershing Square USA, Ltd. Common Shares",other,1081825500.0,559142.0,41.37
ASTE,"Astec Industries, Inc. - Common Stock",nasdaq,1081573315.0,181813.0,47.04
UVE,UNIVERSAL INSURANCE HOLDINGS INC Common Stock,other,1081555823.0,189703.0,38.75
BTZ,BlackRock Credit Allocation Income Trust,other,1081350000.0,348651.0,10.0
AKTS,"Aktis Oncology, Inc. - Common stock",nasdaq,1080674089.0,142852.0,19.55
MCB,Metropolitan Bank Holding Corp. Common Stock,other,1079958663.0,258325.0,87.13
XERS,"Xeris Biopharma Holdings, Inc. - Common Stock",nasdaq,1077286423.0,1221815.0,6.24
SVC,Service Properties Trust - Shares of Beneficial Interest,nasdaq,1074363555.0,6676930.0,1.66
GNK,Genco Shipping & Trading Limited Ordinary Shares New (Marshall Islands),other,1073302766.0,574993.0,24.63
NEO,"NeoGenomics, Inc. - Common Stock",nasdaq,1072945067.0,1112188.0,8.24
HFWA,Heritage Financial Corporation - Common Stock,nasdaq,1072925807.0,323232.0,26.03
MRVI,"Maravai LifeSciences Holdings, Inc. - Class A common stock",nasdaq,1071489513.0,1538481.0,4.15
DEA,"Easterly Government Properties, Inc. Common Stock",other,1069264589.0,409004.0,23.02
ATEX,Anterix Inc. - Common Stock,nasdaq,1068898646.0,402584.0,57.06
CNMD,CONMED Corporation Common Stock,other,1068575295.0,384799.0,35.49
NWPX,"NWPX Infrastructure, Inc. - Common Stock",nasdaq,1067780486.0,102426.0,110.8
OCSL,Oaktree Specialty Lending Corporation - Closed End Fund,nasdaq,1065834828.0,584930.0,12.1
MMI,"Marcus & Millichap, Inc. Common Stock",other,1065818549.0,209846.0,28.18
DLX,Deluxe Corporation Common Stock,other,1060358853.0,436145.0,23.16
JBGS,JBG SMITH Properties Common Shares ,other,1059597413.0,498035.0,14.22
AIAI,AIAI Holdings Corporation - Class A common stock,nasdaq,1051897290.0,660914.0,14.96
OSBC,"Old Second Bancorp, Inc. - Common Stock",nasdaq,1050763360.0,364130.0,20.43
ROCK,"Gibraltar Industries, Inc. - Common Stock",nasdaq,1049438694.0,408961.0,35.38
OCFC,OceanFirst Financial Corp. - Common Stock,nasdaq,1048321256.0,751203.0,18.2
UVSP,Univest Financial Corporation - Common Stock,nasdaq,1047837529.0,145510.0,37.63
SMPL,The Simply Good Foods Company - Common Stock,nasdaq,1045148227.0,1893020.0,11.55
CCB,Coastal Financial Corporation - Common Stock,nasdaq,1043170955.0,108833.0,68.41
FUBO,FuboTV Inc. Class A Common Stock,other,1043078466.0,944532.0,9.62
LXU,"LSB Industries, Inc. Common Stock",other,1042870233.0,948390.0,14.5
ALNT,Allient Inc. - Common Stock,nasdaq,1042396081.0,325367.0,61.33
EVEX,"Eve Holding, Inc. Common Stock",other,1041430706.0,888604.0,2.99
EYPT,"EyePoint, Inc. - Common Stock",nasdaq,1035440030.0,538696.0,12.35
CRVS,"Corvus Pharmaceuticals, Inc. - Common Stock",nasdaq,1035153119.0,3485506.0,12.31
ACVA,ACV Auctions Inc. Class A Common Stock,other,1033542572.0,2892050.0,5.92
TBN,Tamboran Resources Corporation Common stock,other,1033356989.0,196177.0,36.49
ALVO,Alvotech - Ordinary Shares,nasdaq,1032879847.0,683710.0,3.31
NRGV,"Energy Vault Holdings, Inc. Common Stock",other,1032689551.0,7263851.0,5.93
CDNA,"CareDx, Inc. - Common Stock",nasdaq,1031639836.0,637626.0,19.97
SVRA,"Savara, Inc. - Common Stock",nasdaq,1030783876.0,2510786.0,5.03
HTLD,"Heartland Express, Inc. - Common Stock",nasdaq,1030612957.0,898704.0,13.3
LZ,"LegalZoom.com, Inc. - Common Stock",nasdaq,1029886584.0,3001087.0,6.0
LQDT,"Liquidity Services, Inc. - Common Stock",nasdaq,1027733374.0,149576.0,32.96
BTGO,"BitGo Holdings, Inc. Class A Common Stock",other,1026501319.0,3200510.0,8.89
EVLV,"Evolv Technologies Holdings, Inc. - Class A Common Stock",nasdaq,1025267037.0,4210713.0,5.7
PLOW,"Douglas Dynamics, Inc. Common Stock",other,1023058494.0,375032.0,44.24
RZLV,Rezolve AI PLC - Ordinary Shares,nasdaq,1020999003.0,13950009.0,2.55
BUR,Burford Capital Limited Ordinary Shares,other,1017473898.0,3036306.0,4.65
CEVA,"CEVA, Inc. - Common Stock",nasdaq,1017145562.0,646086.0,36.51
SAFE,Safehold Inc. New Common Stock ,other,1014713728.0,261769.0,14.17
BLFS,"BioLife Solutions, Inc. - Common Stock",nasdaq,1014279935.0,375012.0,20.76
UTZ,Utz Brands Inc Class A Common Stock ,other,1012957869.0,1997429.0,7.04
SBGI,"Sinclair, Inc. - Class A Common Stock",nasdaq,1011039790.0,377823.0,14.01
UPWK,Upwork Inc. - Common Stock,nasdaq,1009143179.0,3463468.0,8.17
BCX,BlackRock Resources Common Shares of Beneficial Interest,other,1008113159.0,239390.0,11.88
GLIBK,"GCI Liberty, Inc. - Series C GCI Group Common Stock",nasdaq,1008000148.0,646551.0,25.26
GSBD,"Goldman Sachs BDC, Inc. Common Stock",other,1005241768.0,1165453.0,8.93
BST,BlackRock Science and Technology Trust Common Shares of Beneficial Interest,other,1004414434.0,135666.0,45.33
TRON,Tron Inc. - Common Stock,nasdaq,1000946155.0,524255.0,2.11
BFLY,"Butterfly Network, Inc. Class A Common Stock",other,1000662970.0,4178447.0,3.83
UPBD,"Upbound Group, Inc. - Common Stock",nasdaq,998571526.0,743291.0,17.13
LXRX,"Lexicon Pharmaceuticals, Inc. - Common Stock",nasdaq,990557950.0,2117517.0,2.23
CRON,Cronos Group Inc. - Common Share,nasdaq,989593606.0,3907234.0,2.63
MLKN,"MillerKnoll, Inc. - Common Stock",nasdaq,988698625.0,659519.0,14.46
NPK,"National Presto Industries, Inc. Common Stock",other,988424835.0,107201.0,137.98
EEX,"Emerald Holding, Inc. Common Stock",other,987568220.0,1038568.0,4.99
HBT,"HBT Financial, Inc. - Common Stock",nasdaq,985927214.0,116199.0,27.1
OMDA,"Omada Health, Inc. - Common Stock",nasdaq,984467276.0,1336353.0,16.56
RR,Richtech Robotics Inc. - Class B Common Stock,nasdaq,984423641.0,13728899.0,2.68
TWFG,"TWFG, Inc. - Common Stock",nasdaq,983701286.0,160040.0,18.16
AEF,"abrdn Emerging Markets ex-China Fund, Inc. Common Stock",other,983440500.0,129135.0,9.16
INR,"Infinity Natural Resources, Inc. Class A Common Stock",other,978390290.0,433265.0,15.4
APEI,"American Public Education, Inc. - Common Stock",nasdaq,978074780.0,386159.0,53.32
WSR,Whitestone REIT Common Shares,other,975971623.0,413193.0,18.99
PDM,"Piedmont Realty Trust, Inc. Class A Common Stock",other,975148223.0,761516.0,7.8
KBDC,"Kayne Anderson BDC, Inc. Common Stock",other,974681529.0,148113.0,14.69
TRUP,"Trupanion, Inc. - Common Stock",nasdaq,974045140.0,362813.0,22.33
CGEM,"Cullinan Therapeutics, Inc. - Common Stock",nasdaq,966735064.0,766871.0,15.73
INNV,InnovAge Holding Corp. - Common Stock,nasdaq,966443118.0,194641.0,7.12
DFIN,"Donnelley Financial Solutions, Inc. Common Stock ",other,963070556.0,261883.0,38.55
SG,"Sweetgreen, Inc. Class A Common Stock",other,961315745.0,9945125.0,8.09
USPH,"U.S. Physical Therapy, Inc. Common Stock",other,955892137.0,354868.0,62.81
MNKD,MannKind Corporation - Common Stock,nasdaq,954656013.0,4961456.0,3.09
HMH,HMH Holding Inc. - Common Stock,nasdaq,954412577.0,123933.0,21.69
CFFN,"Capitol Federal Financial, Inc. - Common Stock",nasdaq,953309099.0,935971.0,7.52
INDI,"indie Semiconductor, Inc. - Class A Common Stock",nasdaq,950726662.0,3917978.0,4.19
PHAT,"Phathom Pharmaceuticals, Inc. - Common Stock",nasdaq,946703162.0,1110289.0,11.87
MFA,"MFA Financial, Inc.",other,945860920.0,1305058.0,9.31
KODK,Eastman Kodak Company Common New,other,945744000.0,1061267.0,9.69
METC,"Ramaco Resources, Inc. - Class A Common Stock",nasdaq,945361388.0,1700073.0,14.505
ACEL,"Accel Entertainment, Inc. ",other,944971569.0,239295.0,11.61
PURR,Hyperliquid Strategies Inc - Common Stock,nasdaq,941004781.0,10847622.0,6.99
LGIH,"LGI Homes, Inc. - Common Stock",nasdaq,938816394.0,491945.0,40.41
NBN,Northeast Bank - Common Stock,nasdaq,936413400.0,107506.0,115.18
MSEX,Middlesex Water Company - Common Stock,nasdaq,936245019.0,109584.0,50.27
SLI,Standard Lithium Ltd. Common Shares,other,936182505.0,1790818.0,3.85
AVTX,"Avalo Therapeutics, Inc. - Common Stock",nasdaq,932513247.0,1534111.0,17.74
AEBI,Aebi Schmidt Holding AG - Common Stock,nasdaq,930416614.0,400229.0,11.99
NMAX,"Newsmax, Inc. Class B Common Stock",other,929796876.0,1624133.0,7.2
GOOS,Canada Goose Holdings Inc. Subordinate Voting Shares,other,929519257.0,1198518.0,9.57
ODV,Osisko Development Corp. Common Shares,other,929400203.0,1812834.0,3.05
WYFI,"WhiteFiber, Inc. - Ordinary Shares",nasdaq,928441760.0,3366198.0,24.2
ESRT,"Empire State Realty Trust, Inc. Class A Common Stock",other,927674514.0,892972.0,5.38
BOW,Bowhead Specialty Holdings Inc. Common Stock,other,927674489.0,332505.0,28.25
THRM,Gentherm Inc - Common Stock,nasdaq,925232139.0,263411.0,30.17
KOPN,Kopin Corporation - Common Stock,nasdaq,923747566.0,8971367.0,5.05
DAKT,"Daktronics, Inc. - Common Stock",nasdaq,919596014.0,390004.0,19.04
VYX,NCR Voyix Corporation Common Stock,other,917795786.0,1925512.0,6.66
EQBK,"Equity Bancshares, Inc. Class A Common Stock",other,913767242.0,127388.0,44.27
DRTS,Alpha Tau Medical Ltd. - Ordinary Shares,nasdaq,911780875.0,899331.0,10.36
ESQ,"Esquire Financial Holdings, Inc. - Common Stock",nasdaq,910855210.0,119743.0,105.43
OBE,Obsidian Energy Ltd. Common Shares,other,910191297.0,551574.0,13.47
MFIC,MidCap Financial Investment Corporation - Closed End Fund,nasdaq,907746361.0,544438.0,11.02
RPC,"Ridgepost Capital, Inc. Class A Common Stock",other,904276617.0,439608.0,8.26
HBNC,"Horizon Bancorp, Inc. - Common Stock",nasdaq,903403846.0,268368.0,17.6
CODI,D/B/A Compass Diversified Holdings Shares of Beneficial Interest,other,900574513.0,1121685.0,11.97
BBDC,"Barings BDC, Inc. Common Stock",other,900479202.0,539102.0,8.6
DSGN,"Design Therapeutics, Inc. - Common Stock",nasdaq,897506716.0,623630.0,14.37
HPK,"HighPeak Energy, Inc. - Common Stock",nasdaq,897142538.0,909196.0,7.1
PMT,PennyMac Mortgage Investment Trust Common Shares of Beneficial Interest,other,896440281.0,1050009.0,10.28
MBC,"MasterBrand, Inc. Common Stock",other,895892130.0,3273004.0,7.0
MCBS,"MetroCity Bankshares, Inc. - Common Stock",nasdaq,894766511.0,114195.0,31.22
COUR,"Coursera, Inc. Common Stock",other,894080542.0,7466383.0,5.28
PSIX,"Power Solutions International, Inc. - Common Stock",nasdaq,893204938.0,1103576.0,38.75
SDGR,"Schrodinger, Inc. - Common Stock",nasdaq,892912652.0,1180455.0,11.95
PCRX,"Pacira BioSciences, Inc. - Common Stock",nasdaq,890836999.0,449737.0,22.64
CRAI,"CRA International,Inc. - Common Stock",nasdaq,890283485.0,156548.0,137.75
OMER,Omeros Corporation - Common Stock,nasdaq,886598099.0,3264163.0,12.25
BJRI,"BJ's Restaurants, Inc. - Common Stock",nasdaq,883971823.0,271617.0,42.06
BVS,Bioventus Inc. - Class A Common Stock,nasdaq,883798025.0,710398.0,10.58
MRAM,"Everspin Technologies, Inc. - Common Stock",nasdaq,880925468.0,4412143.0,37.57
INMD,InMode Ltd.  - Ordinary Shares,nasdaq,880686625.0,773429.0,13.9
SHEN,Shenandoah Telecommunications Co - Common Stock,nasdaq,880173036.0,218678.0,15.91
TNDM,"Tandem Diabetes Care, Inc. - Common Stock",nasdaq,878542921.0,6097147.0,12.82
CPF,Central Pacific Financial Corp New,other,878306356.0,130900.0,33.65
AMTB,Amerant Bancorp Inc. Class A Common Stock,other,877612910.0,226214.0,22.3
BFST,"Business First Bancshares, Inc. - Common Stock",nasdaq,877076661.0,205542.0,26.84
ROOT,"Root, Inc. - Common Stock",nasdaq,876302010.0,232368.0,55.37
JBSS,"John B. Sanfilippo & Son, Inc. - Common Stock",nasdaq,875666063.0,112245.0,74.91
ABX,"Abacus Global Management, Inc. Class A Common Stock",other,871934316.0,595865.0,9.09
CCNE,CNB Financial Corporation - Common Stock,nasdaq,870796692.0,154320.0,29.39
MGTX,MeiraGTx Holdings plc - Ordinary Shares,nasdaq,870191116.0,768602.0,9.4
SHAZ,"SharonAI Holdings, Inc. - Class A Common Stock",nasdaq,870169772.0,498342.0,53.93
BCSF,"Bain Capital Specialty Finance, Inc. Common Stock",other,866643254.0,273816.0,13.36
HAFC,Hanmi Financial Corporation - Common Stock,nasdaq,865905594.0,270473.0,29.09
LMB,"Limbach Holdings, Inc. - Common Stock",nasdaq,865350254.0,299366.0,72.59
FSBC,Five Star Bancorp - Common Stock,nasdaq,863382820.0,115222.0,40.39
SCHL,Scholastic Corporation - Common Stock,nasdaq,863172327.0,395328.0,39.7
CVLG,"Covenant Logistics Group, Inc. Class A Common Stock",other,862609793.0,233680.0,34.27
NBBK,"NB Bancorp, Inc. - Common Stock",nasdaq,857017145.0,217354.0,19.17
LYTS,LSI Industries Inc. - Common Stock,nasdaq,856133261.0,683963.0,23.32
SCSC,"ScanSource, Inc. - Common Stock",nasdaq,855865916.0,309215.0,42.11
HNRG,Hallador Energy Company - Common Stock,nasdaq,855416615.0,805152.0,18.15
SANA,"Sana Biotechnology, Inc. - Common Stock",nasdaq,854355181.0,3700582.0,3.07
ANNX,"Annexon, Inc. - common stock",nasdaq,853619623.0,1850612.0,5.21
SPTX,"Seaport Therapeutics, Inc. - Common Stock",nasdaq,851472665.0,611628.0,16.805
LBRX,LB Pharmaceuticals Inc - Common Stock,nasdaq,850549498.0,255974.0,29.66
RHLD,Resolute Holdings Management Common Stock ,other,848865038.0,248313.0,102.8
JANX,"Janux Therapeutics, Inc. - Common Stock",nasdaq,847072677.0,737338.0,13.89
AVO,"Mission Produce, Inc. - Common Stock",nasdaq,846614050.0,809064.0,11.95
TRST,TrustCo Bank Corp NY - Common Stock,nasdaq,845431356.0,124295.0,48.38
GROY,Gold Royalty Corp. Common Shares,other,844748622.0,3070903.0,3.32
ORIC,"Oric Pharmaceuticals, Inc. - Common Stock",nasdaq,843668130.0,1204922.0,8.15
PFLT,PennantPark Floating Rate Capital Ltd. Common Stock,other,841367758.0,1003557.0,8.48
ABUS,Arbutus Biopharma Corporation - Common Stock,nasdaq,837559890.0,1410862.0,4.24
TBPH,"Theravance Biopharma, Inc. - Ordinary Shares",nasdaq,836189741.0,556170.0,16.22
HYLN,Hyliion Holdings Corp. Class A Common Stock,other,832788211.0,10579507.0,4.67
XNCR,"Xencor, Inc. - Common Stock",nasdaq,831868707.0,895203.0,11.22
OPK,"Opko Health, Inc. - Common Stock",nasdaq,830601482.0,2667261.0,1.1
MYE,"Myers Industries, Inc. Common Stock",other,830392389.0,264544.0,22.11
ETON,"Eton Pharmaceuticals, Inc. - Common Stock",nasdaq,827907276.0,543186.0,30.26
GERN,Geron Corporation - Common Stock,nasdaq,827562056.0,16154798.0,1.29
MATW,Matthews International Corporation - Class A Common Stock,nasdaq,827176631.0,171220.0,26.51
EVMN,"Evommune, Inc. Common Stock",other,825541086.0,484102.0,22.92
CCOI,"Cogent Communications Holdings, Inc. - Common Stock",nasdaq,825279886.0,1006539.0,16.48
CRCT,"Cricut, Inc. - Class A common stock",nasdaq,824901632.0,587428.0,3.93
WEST,Westrock Coffee Company - Common Stock,nasdaq,824364779.0,816820.0,8.45
SMP,"Standard Motor Products, Inc. Common Stock",other,823741323.0,112606.0,37.0
GDRX,"GoodRx Holdings, Inc. - Class A Common Stock",nasdaq,822981156.0,1379253.0,2.43
KURA,"Kura Oncology, Inc. - Common Stock",nasdaq,818499645.0,1516208.0,9.22
WGO,"Winnebago Industries, Inc. Common Stock",other,814619981.0,650849.0,28.82
ARHS,"Arhaus, Inc. - Class A Common Stock",nasdaq,813855368.0,2799566.0,5.75
FMNB,Farmers National Banc Corp. - Common Stock,nasdaq,809469337.0,263268.0,13.67
ANRO,"Alto Neuroscience, Inc. Common Stock",other,806458741.0,376347.0,22.98
WOOF,"Petco Health and Wellness Company, Inc. - Class A Common Stock",nasdaq,805366065.0,2167876.0,2.5
SCZM,Santacruz Silver Mining Ltd. - Common Shares,nasdaq,804669081.0,447727.0,8.7
AMPL,"Amplitude, Inc. - Class A Common Stock",nasdaq,803672631.0,2922902.0,6.06
ESPR,"Esperion Therapeutics, Inc. - Common Stock",nasdaq,803187659.0,8133822.0,3.12
CAC,Camden National Corporation - Common Stock,nasdaq,800740951.0,114968.0,47.34
REPX,"Riley Exploration Permian, Inc. Common Stock",other,800363485.0,240959.0,36.89
AURA,"Aura Biosciences, Inc. - Common Stock",nasdaq,800211959.0,491730.0,7.74
ABSI,Absci Corporation - Common Stock,nasdaq,799792937.0,4071730.0,5.13
ODTX,"Odyssey Therapeutics, Inc. - Common Stock",nasdaq,792807830.0,405154.0,17.62
VOR,Vor Biopharma Inc. - Common Stock,nasdaq,792739381.0,649878.0,14.63
MPB,Mid Penn Bancorp - Common Stock,nasdaq,788734595.0,178022.0,31.12
CTMX,"CytomX Therapeutics, Inc. - Common Stock",nasdaq,785907538.0,3922659.0,3.61
CGBD,"Carlyle Secured Lending, Inc. - Closed End Fund",nasdaq,785410562.0,469420.0,11.2
BIOA,"BioAge Labs, Inc. - Common Stock",nasdaq,785035282.0,481518.0,17.66
ARKO,ARKO Corp. - Common Stock,nasdaq,784178190.0,775892.0,6.99
ADAM,"Adamas Trust, Inc. - Common Stock",nasdaq,783588862.0,695331.0,8.72
AMC,"AMC Entertainment Holdings, Inc. Class A Common Stock",other,783448864.0,19500163.0,1.28
KOP,Koppers Holdings Inc. Common Stock,other,782350682.0,233673.0,40.68
CSHR,CoinShares PLC - Ordinary Shares,nasdaq,781456639.0,497784.0,5.93
AGNT,"eXp World Holdings, Inc. - Common Stock",nasdaq,780538639.0,1769443.0,4.75
KRO,Kronos Worldwide Inc Common Stock,other,776608533.0,343899.0,6.75
NFGC,New Found Gold Corp Common Shares,other,775846749.0,1017267.0,2.02
NXDR,"Nextdoor Holdings, Inc. Class A Common Stock",other,774217082.0,3171981.0,2.03
UMAC,"Unusual Machines, Inc. Common Stock",other,774109678.0,5527286.0,16.2
ASC,Ardmore Shipping Corporation Common Stock,other,772393483.0,653491.0,18.93
VTS,"Vitesse Energy, Inc. Common Stock",other,771679844.0,570998.0,18.5
EIG,Employers Holdings Inc Common Stock,other,766202682.0,183423.0,42.0
NAVI,Navient Corporation - Common Stock,nasdaq,764997070.0,961642.0,8.14
NMFC,New Mountain Finance Corporation - Common Stock,nasdaq,764119835.0,415869.0,8.09
NX,Quanex Building Products Corporation Common Stock,other,762960651.0,546253.0,16.61
DC,Dakota Gold Corp. Common Stock,other,761047909.0,1220186.0,5.7
WRLD,World Acceptance Corporation - Common Stock,nasdaq,756181756.0,183890.0,153.17
SPFI,"South Plains Financial, Inc. - Common Stock",nasdaq,753959793.0,108068.0,39.38
EGBN,"Eagle Bancorp, Inc. - Common Stock",nasdaq,746227724.0,228111.0,24.47
MTUS,Metallus Inc. Common Shares,other,743888893.0,255815.0,17.87
AMPH,"Amphastar Pharmaceuticals, Inc. - Common Stock",nasdaq,743847544.0,679309.0,16.87
IVR,INVESCO MORTGAGE CAPITAL INC Common Stock,other,740729687.0,2713608.0,7.98
GSM,Ferroglobe PLC - Ordinary Shares,nasdaq,739967647.0,1214506.0,3.96
PGC,Peapack-Gladstone Financial Corporation - Common Stock,nasdaq,739387914.0,164315.0,41.73
EFOR,"Everforth, Inc. Common Stock",other,739138915.0,1071071.0,17.96
AZTA,"Azenta, Inc. - Common Stock",nasdaq,738406720.0,1401687.0,16.02
BBSI,"Barrett Business Services, Inc. - Common Stock",nasdaq,737771856.0,267757.0,30.04
SSYS,"Stratasys, Ltd. - Common Stock",nasdaq,737636934.0,684615.0,8.56
SPRY,"ARS Pharmaceuticals, Inc. - Common Stock",nasdaq,737307386.0,3673168.0,7.425
HSHP,Himalaya Shipping Ltd. Common Shares,other,735377500.0,387648.0,15.73
OPFI,OppFi Inc. Class A Common Stock,other,735235865.0,640392.0,8.61
EPC,Edgewell Personal Care Company Common Stock,other,734075523.0,1697045.0,15.93
GO,Grocery Outlet Holding Corp. - Common Stock,nasdaq,732027773.0,4320740.0,7.4
GSBC,"Great Southern Bancorp, Inc. - Common Stock",nasdaq,731805378.0,103106.0,67.18
ASPI,ASP Isotopes Inc. - Common Stock,nasdaq,730239993.0,4151494.0,5.8
HZO,"MarineMax, Inc.  (FL) Common Stock",other,727369645.0,308185.0,33.02
GRNT,"Granite Ridge Resources, Inc. Common Stock",other,726746905.0,896365.0,5.51
APOG,"Apogee Enterprises, Inc. - Common Stock",nasdaq,726147680.0,173620.0,34.01
RLMD,"Relmada Therapeutics, Inc. - Common Stock",nasdaq,723742539.0,1440485.0,6.9
LPTH,"LightPath Technologies, Inc. - Class A Common Stock",nasdaq,723333969.0,1902913.0,11.52
IHRT,"iHeartMedia, Inc. - Class A Common Stock",nasdaq,723264220.0,1012918.0,4.785
SLRC,SLR Investment Corp. - Closed End Fund,nasdaq,721757808.0,527521.0,13.23
EVC,Entravision Communications Corporation Common Stock,other,720666779.0,3160248.0,7.83
SB,"Safe Bulkers, Inc Common Stock ($0.001 par value)",other,719803265.0,667193.0,7.04
MAKO,Mako Mining Corp - Common Stock,nasdaq,718905752.0,356111.0,8.21
CRSR,"Corsair Gaming, Inc. - Common Stock",nasdaq,718248458.0,1629362.0,6.72
EIKN,"Eikon Therapeutics, Inc. - Common Stock",nasdaq,717336821.0,377635.0,13.25
IBTA,"Ibotta, Inc. Class A Common Stock",other,717101795.0,251401.0,30.81
ODD,ODDITY Tech Ltd. - Class A Ordinary Shares,nasdaq,716707065.0,1308455.0,12.65
NXRT,"NexPoint Residential Trust, Inc. Common Stock",other,716309436.0,159775.0,28.1
GDOT,"Green Dot Corporation Class A Common Stock, $0.001 par value",other,715871747.0,381024.0,12.63
FDUS,Fidus Investment Corporation - Closed End Fund,nasdaq,713162500.0,197937.0,18.79
CGNT,Cognyte Software Ltd. - Ordinary Shares,nasdaq,711497599.0,401738.0,9.79
HIVE,HIVE Digital Technologies Ltd - Common Shares,nasdaq,711366072.0,10800631.0,2.69
TMQ,Trilogy Metals Inc. Common Stock,other,710888033.0,4365751.0,4.12
HRTG,"Heritage Insurance Holdings, Inc. Common Stock",other,710795244.0,616954.0,23.42
FTK,"Flotek Industries, Inc. Common Stock",other,709440442.0,309240.0,19.61
WTI,"W&T Offshore, Inc. Common Stock",other,706694066.0,7641320.0,4.75
AVR,Anteris Technologies Global Corp. - Common Stock,nasdaq,704757550.0,1027851.0,7.24
KFRC,"Kforce, Inc. Common Stock",other,704185680.0,172507.0,39.49
QDEL,QuidelOrtho Corporation - Common Stock,nasdaq,703731006.0,2450596.0,10.32
TRNS,"Transcat, Inc. - Common Stock",nasdaq,701500572.0,175642.0,75.17
SPIR,"Spire Global, Inc. Class A Common Stock",other,700577814.0,2900640.0,20.01
FPH,"Five Point Holdings, LLC Class A Common Shares",other,699449582.0,354970.0,4.71
KRNT,Kornit Digital Ltd. - Ordinary Shares,nasdaq,697424179.0,456881.0,15.05
CERT,"Certara, Inc. - Common Stock",nasdaq,696929444.0,3042529.0,4.48
FBRT,"Franklin BSP Realty Trust, Inc. Common Stock",other,695745601.0,1400242.0,9.04
FWRG,"First Watch Restaurant Group, Inc. - Common Stock",nasdaq,692272059.0,1876429.0,11.23
ORRF,"Orrstown Financial Services, Inc. - Common Stock",nasdaq,691406504.0,123772.0,35.19
DSP,Viant Technology Inc. - common stock,nasdaq,691382877.0,210404.0,10.55
ALLO,"Allogene Therapeutics, Inc. - Common Stock",nasdaq,690309122.0,7665378.0,2.0
CTGO,Contango Silver & Gold Inc. Common Stock,other,690022595.0,902913.0,22.44
BLMN,"Bloomin' Brands, Inc. - Common Stock",nasdaq,688338867.0,2106803.0,8.04
CBRL,"Cracker Barrel Old Country Store, Inc. - Common Stock",nasdaq,686399916.0,1350933.0,30.71
CSV,"Carriage Services, Inc. Common Stock",other,686002016.0,134382.0,43.22
NB,NioCorp Developments Ltd. - Common Stock,nasdaq,684253599.0,4042010.0,5.46
RSKD,Riskified Ltd. Class A Ordinary Shares,other,683225585.0,1297724.0,4.61
CWH,"Camping World Holdings, Inc. Class A Common Stock",other,682802146.0,2042804.0,6.63
SWBI,"Smith & Wesson Brands, Inc. - Common Stock",nasdaq,682534048.0,548937.0,15.34
BBOT,"BridgeBio Oncology Therapeutics, Inc. - Common Stock",nasdaq,681711455.0,815020.0,8.51
SLDB,Solid Biosciences Inc. - Common Stock,nasdaq,681271274.0,2021851.0,6.92
ISOU,IsoEnergy Ltd. Common Shares,other,680256617.0,138576.0,11.22
EH,EHang Holdings Limited - ADS,nasdaq,679537060.0,618676.0,9.44
HIPO,Hippo Holdings Inc. Common Stock,other,678235638.0,180125.0,26.05
VTEX,VTEX Class A Common Shares,other,675790979.0,981430.0,3.55
LMRI,"Lumexa Imaging Holdings, Inc. - Common Stock",nasdaq,675447567.0,2947727.0,7.03
CTO,"CTO Realty Growth, Inc. Common Stock",other,674996168.0,198030.0,19.98
IBCP,Independent Bank Corporation - Common Stock,nasdaq,674233457.0,128222.0,32.72
FOXF,Fox Factory Holding Corp. - Common Stock,nasdaq,673913657.0,534479.0,16.07
VINP,Vinci Compass Investments Ltd. - Class A Common Shares,nasdaq,672539167.0,120399.0,10.28
OFRM,"Once Upon a Farm, PBC Common Stock",other,669175435.0,340920.0,15.97
ALRS,Alerus Financial Corporation - Common Stock,nasdaq,667165551.0,143226.0,26.55
PSNL,"Personalis, Inc. - Common Stock",nasdaq,666026183.0,1761772.0,6.36
NTGR,"NETGEAR, Inc. - Common Stock",nasdaq,664287599.0,353268.0,24.75
GRPN,"Groupon, Inc. - Common Stock",nasdaq,663200291.0,1651407.0,17.46
HSTM,"HealthStream, Inc. - Common Stock",nasdaq,663184768.0,430991.0,22.7
SKYH,Sky Harbour Group Corporation Class A Common Stock,other,663166913.0,669020.0,8.67
CYRX,"CryoPort, Inc. - Common Stock",nasdaq,662286393.0,439742.0,13.14
RDVT,"Red Violet, Inc. - Common Stock ",nasdaq,662131663.0,292175.0,46.93
URG,Ur Energy Inc Common Shares (Canada),other,659570876.0,8837678.0,1.66
CD,Chaince Digital Holdings Inc. - American Ordinary Shares,nasdaq,658307242.0,151918.0,8.29
JBI,"Janus International Group, Inc. Common Stock",other,656047728.0,1990336.0,4.81
NCDL,Nuveen Churchill Direct Lending Corp. Common Stock,other,655860223.0,214466.0,13.28
NGVC,"Natural Grocers by Vitamin Cottage, Inc. Common Stock",other,654127915.0,126688.0,28.39
GAIN,Gladstone Investment Corporation - Business Development Company,nasdaq,653478478.0,278692.0,16.41
THM,"International Tower Hill Mines, Ltd. Ordinary Shares (Canada)",other,651477308.0,966056.0,2.49
ZVRA,"Zevra Therapeutics, Inc.  - Common Stock",nasdaq,650857075.0,1728141.0,11.01
RWT,"Redwood Trust, Inc. Common Stock",other,648617518.0,851341.0,5.18
QNST,"QuinStreet, Inc. - Common Stock",nasdaq,647983774.0,1312838.0,11.28
SLDP,"Solid Power, Inc. - Class A Common Stock",nasdaq,647953033.0,6945463.0,2.88
SXC,"SunCoke Energy, Inc. Common Stock",other,646581369.0,1975105.0,7.62
STRO,"Sutro Biopharma, Inc. - Common Stock",nasdaq,645650556.0,261227.0,38.97
MITK,"Mitek Systems, Inc. - Common Stock",nasdaq,643965215.0,1318596.0,14.26
CADL,"Candel Therapeutics, Inc. - Common Stock",nasdaq,642579996.0,3655338.0,8.77
HY,"Hyster-Yale, Inc. Class A common stock",other,640314337.0,178599.0,35.74
LAES,SEALSQ Corp - Ordinary Shares,nasdaq,639361377.0,8042543.0,2.87
NABL,"N-able, Inc. Common Stock",other,638602403.0,2753302.0,3.39
SERV,Serve Robotics Inc. - Common Stock,nasdaq,637555959.0,6284017.0,8.24
SHBI,"Shore Bancshares, Inc. - Common Stock",nasdaq,637335486.0,265352.0,19.05
FET,"Forum Energy Technologies, Inc. Common Stock",other,637222602.0,176847.0,56.37
MTA,Metalla Royalty & Streaming Ltd. Common Shares,other,636345209.0,471486.0,6.81
DGICA,"Donegal Group, Inc. - Class A Common Stock",nasdaq,632807219.0,162642.0,17.08
WRN,Western Copper and Gold Corporation Common Stock,other,631773660.0,6668957.0,2.8
ACRS,"Aclaris Therapeutics, Inc. - Common Stock",nasdaq,631279834.0,929172.0,4.52
SABR,Sabre Corporation - Common Stock,nasdaq,630524670.0,9575751.0,1.595
SIBN,"SI-BONE, Inc. - Common Stock",nasdaq,627985847.0,762889.0,14.16
GMTL,Guardian Metal Resources PLC ADS,other,627033791.0,276770.0,16.16
PSTL,"Postal Realty Trust, Inc. Class A Common Stock",other,626509099.0,345875.0,22.68
TRTX,"TPG RE Finance Trust, Inc. Common Stock",other,626196493.0,473499.0,8.1
TIPT,Tiptree Inc. - Common Stock,nasdaq,623663245.0,196095.0,16.6
EGY,"VAALCO Energy, Inc.  Common Stock",other,623464353.0,1162429.0,5.98
TLRY,"Tilray Brands, Inc. - Common Stock",nasdaq,619900232.0,4329269.0,5.32
CBLL,"CeriBell, Inc. - Common Stock",nasdaq,618466010.0,387022.0,16.3
CLYM,"Climb Bio, Inc. - Common Stock",nasdaq,618413648.0,655230.0,10.8
EVER,"EverQuote, Inc. - Class A Common Stock",nasdaq,618324899.0,779055.0,17.48
BSTZ,BlackRock Science and Technology Term Trust Common Shares of Beneficial Interest,other,617538722.0,224558.0,27.87
MRLN,"Merlin, Inc. - Common Stock",nasdaq,615429437.0,1673663.0,6.61
HQ,Horizon Quantum Holdings Ltd. - Class A Ordinary Shares,nasdaq,614295576.0,101445.0,11.91
KRUS,"Kura Sushi USA, Inc. - Class A Common Stock",nasdaq,612982126.0,249077.0,50.46
HPP,"Hudson Pacific Properties, Inc. Common Stock",other,610765190.0,619700.0,11.26
ORN,"Orion Group Holdings, Inc. Common",other,608808341.0,373264.0,15.04
MNTN,"MNTN, Inc. Class A Common Stock",other,606981293.0,795701.0,7.78
SSTK,"Shutterstock, Inc. Common Stock",other,606911991.0,502986.0,16.52
PAR,PAR Technology Corporation Common Stock,other,606319125.0,1442682.0,14.7
GAU,Galiano Gold Inc.,other,606015932.0,3344744.0,2.32
BZH,"Beazer Homes USA, Inc. Common Stock",other,604624209.0,710095.0,22.12
IDR,"Idaho Strategic Resources, Inc. Common Stock",other,603721230.0,520024.0,38.19
AIV,Apartment Investment and Management Company Common Stock,other,602757407.0,1270426.0,4.19
CLB,Core Laboratories Inc. Common Stock,other,602483634.0,459181.0,13.07
IMSR,Terrestrial Energy Inc. - Common Stock,nasdaq,600754610.0,2819597.0,7.3
MOV,Movado Group Inc. Common Stock,other,599468474.0,167256.0,26.97
BCAL,California BanCorp - Common Stock,nasdaq,598265726.0,248034.0,18.6
EVGO,EVgo Inc. - Common Stock,nasdaq,596332794.0,3100581.0,1.9
GOOD,Gladstone Commercial Corporation - Real Estate Investment Trust,nasdaq,595890084.0,315462.0,12.31
DDI,"DoubleDown Interactive Co., Ltd. - American Depository Shares",nasdaq,594641280.0,125044.0,12.0
RMR,The RMR Group Inc. - Class A Common Stock,nasdaq,594194511.0,143184.0,19.11
QNC,Quantum eMotion Corp. Common Shares,other,592298109.0,563907.0,2.7
CRMD,CorMedix Inc. - Common Stock,nasdaq,592239290.0,2835154.0,7.55
CLFD,"Clearfield, Inc. - Common Stock",nasdaq,591141510.0,375110.0,43.5
NPB,"Northpointe Bancshares, Inc. Common Stock",other,590539266.0,217808.0,17.12
KE,"Kimball Electronics, Inc. - Common Stock",nasdaq,589920130.0,170391.0,24.53
TRAX,"First Tracks Biotherapeutics, Inc. - Ordinary Shares",nasdaq,589681239.0,196066.0,16.9
WASH,"Washington Trust Bancorp, Inc. - Common Stock",nasdaq,589508136.0,170116.0,30.92
BTBT,"Bit Digital, Inc. - Ordinary Share",nasdaq,589471880.0,31570369.0,1.805
IRWD,"Ironwood Pharmaceuticals, Inc. - Class A Common Stock",nasdaq,589315993.0,2173501.0,3.58
RYAM,Rayonier Advanced Materials Inc. Common Stock,other,588064147.0,1746220.0,8.72
MAMA,"Mama's Creations, Inc. - Common Stock",nasdaq,587493650.0,398631.0,14.45
OXM,"Oxford Industries, Inc. Common Stock",other,586496236.0,261300.0,39.36
NFBK,"Northfield Bancorp, Inc. - Common Stock",nasdaq,586364482.0,300375.0,14.04
ARVN,"Arvinas, Inc. - Common Stock",nasdaq,585852478.0,968133.0,9.08
ASIX,AdvanSix Inc. Common Stock ,other,582854358.0,285566.0,21.62
CARE,"Carter Bankshares, Inc. - Common Stock",nasdaq,582438882.0,302514.0,26.21
GLRE,"Greenlight Reinsurance, Ltd. - Class A Ordinary Shares",nasdaq,581076169.0,141045.0,17.52
CSTL,"Castle Biosciences, Inc. - Common stock",nasdaq,580211982.0,554932.0,19.13
PRAA,"PRA Group, Inc. - Common Stock",nasdaq,578215862.0,634594.0,15.16
CNNE,"Cannae Holdings, Inc. Common Stock",other,577817654.0,325082.0,13.15
KYTX,"Kyverna Therapeutics, Inc. - Common Stock",nasdaq,576946562.0,1193489.0,9.49
PD,"PagerDuty, Inc. Common Stock",other,575354509.0,1553845.0,6.77
SUJA,"Suja Life, Inc. - Class A Common Stock",nasdaq,573195178.0,631444.0,14.84
AMSF,"AMERISAFE, Inc. - Common Stock",nasdaq,572522430.0,217147.0,30.61
HOV,"Hovnanian Enterprises, Inc. Class A Common Stock",other,571016735.0,147555.0,96.16
INN,"Summit Hotel Properties, Inc. Common Stock",other,567833009.0,784604.0,5.24
SD,"SandRidge Energy, Inc. Common Stock",other,563741815.0,506957.0,15.27
FEIM,"Frequency Electronics, Inc. - Common Stock",nasdaq,562761386.0,123967.0,57.18
IPI,"Intrepid Potash, Inc Common Stock",other,562172306.0,223754.0,41.85
BHB,"Bar Harbor Bankshares, Inc. Common Stock",other,561530168.0,101344.0,33.54
GDYN,"Grid Dynamics Holdings, Inc. - Class A Common Stock",nasdaq,561130822.0,2578881.0,6.71
TYG,Tortoise Energy Infrastructure Corporation Common Stock,other,558941535.0,184608.0,46.86
SWIM,"Latham Group, Inc. - Common Stock",nasdaq,558879164.0,845621.0,4.76
DNUT,"Krispy Kreme, Inc. - Common Stock",nasdaq,556852000.0,2451413.0,3.23
ALT,"Altimmune, Inc. - Common Stock",nasdaq,554251339.0,2282917.0,2.85
ONT,"Onterris, Inc. Common Stock",other,553291565.0,669434.0,15.31
INV,"Innventure, Inc. - Common Stock",nasdaq,551677688.0,2255256.0,6.72
CARS,Cars.com Inc. Common Stock ,other,550644816.0,827703.0,9.85
CBIO,"Crescent Biopharma, Inc. - Common Stock",nasdaq,550611542.0,260496.0,19.97
MSBI,"Midland States Bancorp, Inc. - Common Stock",nasdaq,550376163.0,139965.0,26.55
UROY,Uranium Royalty Corp. - Common Stock,nasdaq,549309401.0,3924865.0,3.75
ASTL,Algoma Steel Group Inc. - Common Shares,nasdaq,548016226.0,2534414.0,5.21
FIP,FTAI Infrastructure Inc. - Common Stock,nasdaq,547097260.0,1054394.0,4.63
MSIF,"MSC Income Fund, Inc. Common Stock",other,546863462.0,215056.0,12.06
VGM,Invesco Trust for Investment Grade Municipals Common Stock (DE),other,546658237.0,252854.0,10.08
BWMN,Bowman Consulting Group Ltd. - Common Stock,nasdaq,545540991.0,114520.0,31.16
RFI,"Cohen & Steers Total Return Realty Fund, Inc. Common Stock",other,545438771.0,172306.0,11.1
ACHV,"Achieve Life Sciences, Inc.  - Common Shares",nasdaq,543066412.0,1284165.0,5.29
OIS,"Oil States International, Inc. Common Stock",other,542342669.0,611962.0,9.01
MG,Mistras Group Inc Common Stock,other,540883577.0,222276.0,17.0
IMMX,"Immix Biopharma, Inc. - Common Stock",nasdaq,540849584.0,603262.0,9.94
RIGL,"Rigel Pharmaceuticals, Inc. - Common Stock",nasdaq,536745341.0,500325.0,29.01
PANL,Pangaea Logistics Solutions Ltd. - Common Stock,nasdaq,535748219.0,1205272.0,8.19
KRT,Karat Packaging Inc. - Common Stock,nasdaq,534429079.0,122983.0,26.77
NGS,"Natural Gas Services Group, Inc. Common Stock",other,534170676.0,189695.0,42.4
MLAB,"Mesa Laboratories, Inc. - Common Stock",nasdaq,532978710.0,139306.0,96.47
PHR,"Phreesia, Inc. Common Stock",other,532892080.0,1550958.0,8.77
MCS,Marcus Corporation (The) Common Stock,other,532829294.0,113550.0,17.34
MLR,"Miller Industries, Inc. Common Stock",other,532635766.0,108766.0,46.74
MDXG,"MiMedx Group, Inc - Common Stock",nasdaq,530246802.0,1221190.0,3.56
PRME,"Prime Medicine, Inc. - Common Stock",nasdaq,529209131.0,3109240.0,2.93
TDUP,ThredUp Inc. - Class A Common Stock,nasdaq,529067469.0,2402318.0,4.1
VKQ,Invesco Municipal Trust Common Stock,other,527347458.0,188991.0,9.53
IIIV,"i3 Verticals, Inc. - Common Stock",nasdaq,527346984.0,412402.0,18.88
DGXX,Digi Power X Inc. - Common Subordinate Voting Shares,nasdaq,526348165.0,22507166.0,7.54
TECX,"Tectonic Therapeutic, Inc. - Common Stock",nasdaq,526261598.0,298116.0,27.89
HELE,Helen of Troy Limited - Common Stock,nasdaq,525856710.0,551913.0,22.61
ACIC,American Coastal Insurance Corporation - Common Stock,nasdaq,525834910.0,368248.0,10.85
LEGH,Legacy Housing Corporation - Common Stock,nasdaq,525573382.0,112098.0,22.1
GOGO,Gogo Inc. - Common Stock,nasdaq,524725469.0,1719751.0,3.88
XWIN,"XMAX, Inc. - Common Stock",nasdaq,524083166.0,1391072.0,8.24
ILPT,Industrial Logistics Properties Trust - Common Shares of Beneficial Interest,nasdaq,523990602.0,375890.0,7.86
NPCE,"Neuropace, Inc. - Common Stock",nasdaq,523679923.0,129996.0,15.36
XOMA,XOMA Royalty Corporation - Common Stock,nasdaq,523588003.0,102524.0,41.75
AQST,"Aquestive Therapeutics, Inc. - Common Stock",nasdaq,523126996.0,3417211.0,4.17
FFIC,Flushing Financial Corporation - Common Stock,nasdaq,522485513.0,249162.0,15.42
NRIM,Northrim BanCorp Inc - Common Stock,nasdaq,521194867.0,146449.0,23.43
CCSI,"Consensus Cloud Solutions, Inc. - Common Stock",nasdaq,521029944.0,160484.0,28.32
BDN,Brandywine Realty Trust Common Stock,other,519398417.0,1295615.0,2.99
MEC,"Mayville Engineering Company, Inc. Common Stock",other,518293412.0,342002.0,25.29
OOMA,"Ooma, Inc. Common Stock",other,517734587.0,222172.0,18.82
ITRG,Integra Resources Corp. Common Shares,other,515741736.0,2855269.0,2.55
MBUU,"Malibu Boats, Inc. - Common Stock",nasdaq,514883530.0,301386.0,26.22
AMWD,American Woodmark Corporation - Common Stock,nasdaq,514743791.0,321625.0,35.33
CTNM,"Contineum Therapeutics, Inc. - Common stock",nasdaq,512941092.0,181205.0,13.72
TCMD,"Tactile Systems Technology, Inc. - Common Stock",nasdaq,512929352.0,331482.0,22.74
IQI,Invesco Quality Municipal Income Trust Common Stock,other,511915155.0,109237.0,9.68
NRDS,"NerdWallet, Inc. - Class A Common Stock",nasdaq,511256544.0,2163106.0,7.77
PRTA,Prothena Corporation plc - Ordinary Shares,nasdaq,510967593.0,700076.0,9.76
TROO,"TROOPS, Inc.  - Ordinary Shares",nasdaq,510629494.0,354537.0,4.18
KRNY,Kearny Financial - Common Stock,nasdaq,510144510.0,257308.0,7.88
BETR,Better Home & Finance Holding Company - Class A Common Stock,nasdaq,509485221.0,330931.0,27.0
APPS,"Digital Turbine, Inc. - Common Stock",nasdaq,505977717.0,2477486.0,4.22
NEXN,Nexxen International Ltd. - Ordinary Shares,nasdaq,504176932.0,474148.0,7.69
CABA,"Cabaletta Bio, Inc. - Common Stock",nasdaq,503796309.0,3192486.0,3.31
ANGX,"Angel Studios, Inc. Class A Common Stock",other,503313383.0,1036575.0,2.7
TASK,"TaskUs, Inc. - Class A Common Stock",nasdaq,502764345.0,682779.0,5.49
MAX,"MediaAlpha, Inc. Class A Common Stock",other,502544401.0,497063.0,8.06
PROK,ProKidney Corp. - Class A Ordinary Shares,nasdaq,501264153.0,883995.0,1.66
IIIN,"Insteel Industries, Inc. Common Stock",other,499240115.0,176213.0,25.69
TREE,"LendingTree, Inc. - Common Stock",nasdaq,498541333.0,338969.0,35.73
GPRK,Geopark Ltd Common Shares,other,495354957.0,375474.0,9.58
UPB,"Upstream Bio, Inc. - Common Stock",nasdaq,494677673.0,979911.0,9.09
ALOY,REalloys Inc. - Common Stock,nasdaq,493585929.0,909121.0,8.64
AHRT,"AH Realty Trust, Inc. Common Stock",other,492950520.0,1015741.0,6.49
PACK,Ranpak Holdings Corp Class A Common Stock,other,491883031.0,757129.0,5.75
PSFE,Paysafe Limited Common Shares,other,490944913.0,555191.0,7.71
OVID,Ovid Therapeutics Inc. - Common Stock,nasdaq,490863468.0,1251260.0,2.63
VELO,"Velo3D, Inc. - Common stock",nasdaq,487370721.0,2655673.0,18.59
TWI,"Titan International, Inc. (DE) Common Stock",other,487295737.0,449577.0,7.57
OFIX,Orthofix Medical Inc.  - Common Stock,nasdaq,485464041.0,221535.0,12.01
NUAI,"New Era Energy & Digital, Inc. - Common Stock",nasdaq,484832529.0,5375375.0,4.88
PRTH,"Priority Technology Holdings, Inc. - Common Stock",nasdaq,481777745.0,198261.0,5.85
STTK,"Shattuck Labs, Inc. - Common Stock",nasdaq,480020036.0,265444.0,6.26
ETD,Ethan Allen Interiors Inc. Common Stock,other,479409027.0,550062.0,18.84
DNA,"Ginkgo Bioworks Holdings, Inc. Class A Common Stock",other,479064296.0,1045297.0,7.71
NPWR,NET Power Inc. Class A Common Stock,other,478742381.0,1167060.0,2.13
TOYO,"TOYO Co., Ltd - Ordinary Shares",nasdaq,478406492.0,237837.0,12.67
FDMT,"4D Molecular Therapeutics, Inc. - Common Stock",nasdaq,478327724.0,574837.0,9.15
CPS,Cooper-Standard Holdings Inc. Common Stock,other,476906928.0,159747.0,26.86
ZSQR,Z Squared Inc. - Common Stock,nasdaq,476375000.0,173010.0,9.25
KLC,"KinderCare Learning Companies, Inc. Common Stock",other,476081762.0,3031968.0,4.02
SKBL,Skyline Builders Group Holding Limited - Class A Ordinary Shares,nasdaq,473299074.0,174884.0,3.4
FBRX,"Forte Biosciences, Inc.  - Common Stock",nasdaq,473265461.0,177704.0,23.11
MNRO,"Monro, Inc.  - Common Stock",nasdaq,473109842.0,796540.0,15.76
MVST,"Microvast Holdings, Inc. - Common Stock",nasdaq,473083485.0,18205598.0,1.42
CVGW,"Calavo Growers, Inc. - Common Stock",nasdaq,472948130.0,177551.0,26.46
ELVA,Electrovaya Inc. - Common Shares,nasdaq,472796434.0,1213755.0,9.55
YORW,The York Water Company - Common Stock,nasdaq,471367578.0,130040.0,29.08
OCGN,"Ocugen, Inc. - Common Stock",nasdaq,470545380.0,4777358.0,1.39
CERS,Cerus Corporation - Common Stock,nasdaq,468863399.0,2622292.0,2.34
ADUR,Aduro Clean Technologies Inc. - Common Stock,nasdaq,466088393.0,380395.0,13.76
ASPN,"Aspen Aerogels, Inc. Common Stock",other,464113737.0,2019362.0,5.6
CWCO,Consolidated Water Co. Ltd. - Ordinary Shares,nasdaq,463525504.0,173569.0,28.97
IMXI,"International Money Express, Inc. - Common Stock",nasdaq,462251397.0,673322.0,15.36
CLDT,Chatham Lodging Trust (REIT) Common Shares of Beneficial Interest,other,461677266.0,349420.0,9.89
TITN,Titan Machinery Inc. - Common Stock,nasdaq,459656773.0,233940.0,19.72
SUPX,SuperX AI Technology Limited - Ordinary Shares,nasdaq,455502279.0,348208.0,10.54
ASMB,"Assembly Biosciences, Inc. - Common Stock",nasdaq,455323219.0,122217.0,28.65
KIDS,OrthoPediatrics Corp. - Common Stock,nasdaq,455138094.0,136678.0,17.72
ALMU,"Aeluma, Inc. - Common Stock",nasdaq,455070628.0,1957293.0,24.86
OSPN,OneSpan Inc. - Common Stock,nasdaq,454513141.0,391372.0,12.26
GUT,Gabelli Utility Trust (The) Common Stock,other,454339990.0,168312.0,6.19
RBBN,Ribbon Communications Inc.  - Common Stock,nasdaq,452677402.0,1000498.0,2.57
SRTA,"Strata Critical Medical, Inc. - Class A Common Stock",nasdaq,451668695.0,1048183.0,5.22
PUBM,"PubMatic, Inc. - Class A Common Stock",nasdaq,451429119.0,551986.0,9.72
MATV,"Mativ Holdings, Inc. Common Stock",other,451411735.0,366789.0,8.19
ELMT,The Elmet Group Co. - Common Stock,nasdaq,449940678.0,282164.0,15.45
ZURA,Zura Bio Limited - Class A Ordinary shares,nasdaq,448389191.0,525759.0,4.72
CLNE,Clean Energy Fuels Corp. - Common Stock,nasdaq,447056007.0,1318222.0,2.03
CGC,Canopy Growth Corporation - Common Shares,nasdaq,446805753.0,10754901.0,1.04
FLGT,"Fulgent Genetics, Inc. - Common Stock",nasdaq,445889781.0,471589.0,15.7
FULC,"Fulcrum Therapeutics, Inc. - Common Stock",nasdaq,445608162.0,431160.0,6.69
EVH,"Evolent Health, Inc Class A Common Stock",other,445425025.0,2847150.0,3.96
ANGO,"AngioDynamics, Inc. - Common Stock",nasdaq,445004715.0,245951.0,10.77
CMCL,Caledonia Mining Corporation Plc Common Shares,other,444972165.0,280088.0,23.04
BBW,"Build-A-Bear Workshop, Inc. Common Stock",other,444342518.0,374073.0,35.32
DDD,3D Systems Corporation Common Stock,other,443780100.0,3694396.0,3.02
XRN,Chiron Real Estate Inc. Common Stock,other,443763850.0,113740.0,33.53
FPI,Farmland Partners Inc. Common Stock,other,443150762.0,413713.0,10.16
DCBO,Docebo Inc. - Common Shares,nasdaq,442849251.0,175248.0,17.23
BLW,Blackrock Limited Duration Income Trust,other,442462425.0,113725.0,12.39
CRNC,Cerence Inc. - Common Stock,nasdaq,442388650.0,762985.0,9.79
ACTG,Acacia Research Corporation - Common Stock,nasdaq,442378225.0,179911.0,4.58
CTKB,"Cytek Biosciences, Inc. - Common Stock",nasdaq,439730509.0,1622117.0,3.405
CATX,"Perspective Therapeutics, Inc. Common Stock",other,439077858.0,885279.0,3.85
MTW,"Manitowoc Company, Inc. (The) Common Stock",other,438096925.0,241939.0,12.2
RPD,"Rapid7, Inc. - Common Stock",nasdaq,434399017.0,1253455.0,6.5
NVEC,NVE Corporation - Common Stock,nasdaq,434087277.0,156837.0,89.74
GLAD,Gladstone Capital Corporation - Closed End Fund,nasdaq,434012855.0,104517.0,19.21
ERII,"Energy Recovery, Inc. - Common Stock",nasdaq,433495628.0,1246521.0,8.41
AIOT,"PowerFleet, Inc. - Common Stock",nasdaq,433295705.0,1594014.0,3.23
FTW,Presidio Production Company Class A Common Stock,other,431728526.0,212805.0,11.86
SCVL,"Shoe Carnival, Inc. - Common Stock",nasdaq,431226800.0,443304.0,15.69
REPL,"Replimune Group, Inc. - Common Stock",nasdaq,431029071.0,5870185.0,5.22
REA,"Rare Earths Americas, Inc. Common Stock",other,428546824.0,204812.0,22.1
EOLS,"Evolus, Inc. - Common Stock",nasdaq,428055882.0,559763.0,6.5
VOXR,Vox Royalty Corp. - common stock,nasdaq,427872794.0,607229.0,6.21
ABAT,American Battery Technology Company - Common Stock,nasdaq,426977100.0,4719666.0,3.13
GTN,"Gray Media, Inc. Common Stock",other,426364588.0,1685792.0,4.15
SGMT,Sagimet Biosciences Inc. - Series A Common Stock,nasdaq,426087468.0,742101.0,6.9
EPRX,Eupraxia Pharmaceuticals Inc. - Common Stock,nasdaq,425602006.0,185424.0,6.92
CCRN,"Cross Country Healthcare, Inc. - Common Stock",nasdaq,424527839.0,593925.0,13.13
LSAK,"Lesaka Technologies, Inc. - Common Stock",nasdaq,423536942.0,252661.0,4.94
ALIT,"Alight, Inc. Class A Common Stock",other,422379645.0,10261948.0,0.7862
LDI,"loanDepot, Inc. Class A Common Stock",other,422279874.0,1612023.0,1.25
NHP,"National Healthcare Properties, Inc. - Class A Common Stock",nasdaq,422205039.0,550578.0,14.86
IPSC,"Century Therapeutics, Inc. - Common Stock",nasdaq,422030253.0,750045.0,2.34
BLZE,"Backblaze, Inc. - Common Stock",nasdaq,421800000.0,1113311.0,7.03
BBNX,"Beta Bionics, Inc. - Common Stock",nasdaq,421553635.0,906275.0,9.46
LXFR,Luxfer Holdings PLC Ordinary Shares,other,421351393.0,235128.0,15.47
FRPH,"FRP Holdings, Inc. - Common Stock",nasdaq,420586180.0,112951.0,21.94
WEAV,"Weave Communications, Inc. Common Stock",other,420106553.0,1073755.0,5.28
NRC,NRC Health - Common Stock,nasdaq,419633280.0,120118.0,18.62
LYEL,"Lyell Immunopharma, Inc. - Common Stock",nasdaq,418146839.0,107626.0,17.92
SFIX,"Stitch Fix, Inc. - Class A Common Stock",nasdaq,417758911.0,1286780.0,3.06
SES,SES AI Corporation Class A Common Stock,other,417290201.0,8409418.0,1.13
TATT,TAT Technologies Ltd. - Ordinary Shares,nasdaq,416499035.0,133978.0,32.08
ECX,ECARX Holdings Inc. - Class A Ordinary shares,nasdaq,415355383.0,1642527.0,1.09
BYND,"Beyond Meat, Inc. - Common stock",nasdaq,414489886.0,38746057.0,0.8043
BTQ,BTQ Technologies Corp. - Common Stock,nasdaq,414041025.0,2595167.0,2.93
ADCT,ADC Therapeutics SA Common Shares,other,413371264.0,1103274.0,3.25
LZM,Lifezone Metals Limited Ordinary Shares,other,411755780.0,515055.0,4.89
BMRC,Bank of Marin Bancorp - Common Stock,nasdaq,411542352.0,126733.0,25.42
NKLR,Terra Innovatum Global N.V. - Ordinary shares,nasdaq,410557536.0,454237.0,5.84
CMCO,Columbus McKinnon Corporation - Common Stock,nasdaq,410398146.0,303523.0,14.28
CCAP,"Crescent Capital BDC, Inc. - Common Stock",nasdaq,410095446.0,966225.0,11.13
EBS,Emergent BioSolutions Inc. Common Stock,other,409674590.0,508191.0,7.94
BMBL,Bumble Inc. - common stock,nasdaq,409553868.0,1743831.0,3.14
LOCO,"El Pollo Loco Holdings, Inc. - Common Stock",nasdaq,409319205.0,225795.0,13.44
IBEX,IBEX Limited - Common Share,nasdaq,409171385.0,155910.0,30.56
GEVO,"Gevo, Inc. - Common Stock",nasdaq,408931033.0,1996628.0,1.68
OSS,"One Stop Systems, Inc. - Common Stock",nasdaq,407945710.0,1698453.0,16.47
CBAN,"Colony Bankcorp, Inc. Common Stock",other,407746822.0,113087.0,19.27
KREF,KKR Real Estate Finance Trust Inc. Common Stock,other,407021640.0,751624.0,6.33
VREX,Varex Imaging Corporation - Common Stock,nasdaq,406686000.0,696724.0,9.66
LAND,Gladstone Land Corporation - Common Stock,nasdaq,405483786.0,498890.0,9.4
PERI,Perion Network Ltd - Ordinary Shares,nasdaq,404315679.0,256676.0,10.28
CURR,Currenc Group Inc. - Ordinary Shares,nasdaq,403091967.0,309429.0,3.59
LTBR,Lightbridge Corporation - Common Stock,nasdaq,401906643.0,1099954.0,11.435
LXEO,"Lexeo Therapeutics, Inc. - Common Stock",nasdaq,399675117.0,787397.0,5.09
BRCC,BRC Inc. Class A Common Stock,other,399203669.0,1718655.0,1.6
TOI,"The Oncology Institute, Inc. - Common Stock",nasdaq,397932073.0,1049258.0,3.98
MNPR,Monopar Therapeutics Inc. - Common Stock,nasdaq,397036572.0,135516.0,59.27
BNTC,Benitec Biopharma Inc. - Common Stock,nasdaq,394731298.0,103041.0,11.49
MOBI,"Mobia Medical, Inc. - Common Stock",nasdaq,393716153.0,102181.0,11.9
CCCC,"C4 Therapeutics, Inc. - Common Stock",nasdaq,393619310.0,2280728.0,3.56
BXC,Bluelinx Holdings Inc. Common Stock,other,393322243.0,188677.0,50.54
LEO,"BNY Mellon Strategic Municipals, Inc. Common Stock",other,391186563.0,201020.0,6.28
RNGR,"Ranger Energy Services, Inc. Class A Common Stock",other,390878698.0,274341.0,16.45
ZUMZ,Zumiez Inc. - Common Stock,nasdaq,390842103.0,117841.0,22.65
IRD,"Opus Genetics, Inc. - Common Stock",nasdaq,390698587.0,917784.0,4.8
OEC,Orion S.A. Common Shares,other,390209451.0,413998.0,6.92
ENTA,"Enanta Pharmaceuticals, Inc. - Common Stock",nasdaq,389941076.0,221940.0,13.41
MGPI,"MGP Ingredients, Inc. - Common Stock",nasdaq,389597651.0,249316.0,18.23
RLGT,"Radiant Logistics, Inc. Common Stock",other,388234511.0,116135.0,8.29
STRZ,Starz Entertainment Corp. - Common Shares,nasdaq,388163506.0,522809.0,23.12
TBRG,"TruBridge, Inc. - Common Stock",nasdaq,387877657.0,131950.0,25.86
MCFT,"MasterCraft Boat Holdings, Inc. - Common Stock",nasdaq,385833393.0,135583.0,23.7
LAB,Standard BioTools Inc. - Common Stock,nasdaq,384434524.0,1659322.0,0.9848
DVLT,Datavault AI Inc. - Common Stock,nasdaq,384134020.0,112827476.0,0.5146
OPTU,"Optimum Communications, Inc. Class A common stock",other,383223735.0,4867165.0,0.8043
DCTH,"Delcath Systems, Inc. - Common Stock",nasdaq,382154632.0,550653.0,11.07
SHMD,SCHMID Group N.V. - Class A Ordinary Shares,nasdaq,381992376.0,1252858.0,6.87
VSTM,"Verastem, Inc. - Common Stock",nasdaq,379614120.0,2201453.0,4.32
DIN,"Dine Brands Global, Inc. Common Stock",other,377891363.0,391677.0,29.79
VNDA,Vanda Pharmaceuticals Inc. - Common Stock,nasdaq,377651329.0,1106119.0,6.28
GLSI,"Greenwich LifeSciences, Inc. - Common stock",nasdaq,376982006.0,218946.0,27.21
SPT,"Sprout Social, Inc - Class A Common Stock",nasdaq,375659613.0,1122103.0,6.25
TTGT,"TechTarget, Inc. - Common Stock",nasdaq,375234109.0,944758.0,5.19
CAL,"Caleres, Inc. Common Stock",other,374633586.0,485882.0,11.07
MEI,"Methode Electronics, Inc. Common Stock",other,373082333.0,1402433.0,10.53
FWDI,"Forward Industries, Inc. - Common Stock",nasdaq,372462886.0,1178349.0,4.48
SNDL,SNDL Inc. - Common Shares,nasdaq,372229000.0,2371372.0,1.43
XPER,Xperi Inc. Common Stock ,other,372172926.0,476150.0,7.71
FVRR,"Fiverr International Ltd. Ordinary Shares, no par value",other,372090035.0,587259.0,10.35
LRMR,"Larimar Therapeutics, Inc. - Common Stock",nasdaq,371900914.0,3491837.0,3.58
NL,"NL Industries, Inc. Common Stock",other,371845406.0,354353.0,7.61
QUAD,"Quad Graphics, Inc Class A Common Stock",other,371744161.0,174341.0,7.21
XFOR,"X4 Pharmaceuticals, Inc. - Common Stock",nasdaq,371619602.0,263899.0,3.94
LWAY,"Lifeway Foods, Inc. - Common Stock",nasdaq,369974508.0,641948.0,24.21
TRX,TRX Gold Corporation Common Stock,other,368302784.0,3226533.0,1.13
BBCP,"Concrete Pumping Holdings, Inc.  - Common Stock",nasdaq,367211379.0,114385.0,7.27
SWMR,"Swarmer, Inc - common stock",nasdaq,366011882.0,438406.0,29.64
NEWT,"NewtekOne, Inc. - Common Stock",nasdaq,365931118.0,168495.0,12.68
REAX,"The Real Brokerage, Inc. - Common Shares",nasdaq,365081920.0,6184987.0,1.71
AMCX,AMC Global Media Inc. - Class A Common Stock,nasdaq,364600010.0,311291.0,8.3
CLMB,"Climb Global Solutions, Inc. - Common Stock",nasdaq,364319148.0,205629.0,19.59
GRRR,Gorilla Technology Group Inc. - Ordinary shares,nasdaq,363648246.0,766869.0,13.15
VITL,"Vital Farms, Inc. - Common Stock",nasdaq,363354890.0,4425336.0,8.48
ALTO,"Alto Ingredients, Inc. - Common Stock",nasdaq,361855665.0,1145069.0,4.67
GETY,"Getty Images Holdings, Inc. Class A Common Stock",other,361394244.0,7648233.0,0.8626
GCO,Genesco Inc. Common Stock,other,358972885.0,162530.0,33.06
VMD,"Viemed Healthcare, Inc. - Common Shares",nasdaq,358449099.0,299648.0,9.35
PRLD,Prelude Therapeutics Incorporated - Common Stock,nasdaq,356810975.0,472193.0,4.48
MAGN,Magnera Corporation Common Stock,other,355852000.0,522668.0,9.94
AUNA,Auna SA Class A Ordinary Shares,other,355262232.0,253298.0,4.8
KTF,DWS Municipal Income Trust,other,355113433.0,132719.0,8.99
RCKT,"Rocket Pharmaceuticals, Inc. - Common Stock",nasdaq,354879034.0,1928781.0,3.25
GNE,Genie Energy Ltd. Class B Common Stock Stock,other,352710920.0,101638.0,13.36
PBYI,Puma Biotechnology Inc - Common Stock,nasdaq,352224236.0,188804.0,6.92
PLAY,"Dave & Buster's Entertainment, Inc. - Common Stock",nasdaq,351215385.0,1178675.0,10.11
BLND,"Blend Labs, Inc. Class A Common Stock",other,351069151.0,7158055.0,1.45
BRCB,"Black Rock Coffee Bar, Inc. - Class A Common Stock",nasdaq,350891207.0,1057629.0,7.01
CLPT,ClearPoint Neuro Inc. - Common Stock,nasdaq,349078513.0,725755.0,11.64
ALLT,Allot Ltd. - Ordinary Shares,nasdaq,348821696.0,538349.0,7.13
GSIT,"GSI Technology, Inc. - Common Stock",nasdaq,348654066.0,2005417.0,9.635
TCPC,BlackRock TCP Capital Corp. - Closed End Fund,nasdaq,348196516.0,508069.0,4.15
QUIK,QuickLogic Corporation - Common Stock,nasdaq,348093795.0,774626.0,19.1
PACB,"Pacific Biosciences of California, Inc. - Common Stock",nasdaq,347873891.0,9295458.0,1.12
ACCO,Acco Brands Corporation Common Stock,other,346889305.0,1078586.0,3.76
YEXT,"Yext, Inc. Common Stock",other,346463398.0,1041393.0,3.46
CDZI,"Cadiz, Inc. - Common Stock",nasdaq,344849298.0,1999647.0,4.12
SSSS,SuRo Capital Corp. - Closed End Fund,nasdaq,344387448.0,115824.0,13.21
ESOA,Energy Services of America Corporation - Common Stock,nasdaq,343897884.0,242796.0,18.43
SHIP,Seanergy Maritime Holdings Corp. - Common Stock,nasdaq,343657620.0,153177.0,15.86
HNST,"The Honest Company, Inc. - Common Stock",nasdaq,343445279.0,1066323.0,3.12
PPT,Putnam Premier Income Trust Common Stock,other,343372507.0,141267.0,3.45
FRST,Primis Financial Corp. - Common Stock,nasdaq,342350035.0,123568.0,13.82
IVVD,"Invivyd, Inc. - Common Stock",nasdaq,342192674.0,7274904.0,1.21
NMRA,"Neumora Therapeutics, Inc. - Common Stock",nasdaq,340923009.0,829152.0,1.84
ATOM,Atomera Incorporated - Common Stock,nasdaq,340705200.0,1336998.0,8.8
BOC,Boston Omaha Corporation Class A Common Stock,other,339166823.0,379332.0,11.06
OPAL,OPAL Fuels Inc. - Class A Common Stock,nasdaq,339027767.0,387997.0,1.94
AIRS,"AirSculpt Technologies, Inc. - Common Stock",nasdaq,338619269.0,1128280.0,4.8
BGS,"B&G Foods, Inc. Common Stock",other,338466394.0,3594416.0,4.17
FENC,Fennec Pharmaceuticals Inc. - Common Stock,nasdaq,338449371.0,602632.0,9.75
FUFU,BitFuFu Inc. - Class A Ordinary Shares,nasdaq,338306804.0,170478.0,2.03
MYGN,"Myriad Genetics, Inc. - Common Stock",nasdaq,338124592.0,1641139.0,3.58
BBBY,"Bed Bath & Beyond, Inc. Common Stock",other,337898922.0,1878807.0,4.57
XRX,Xerox Holdings Corporation - Common Stock,nasdaq,337402733.0,9064262.0,2.58
LE,"Lands' End, Inc. - Common Stock",nasdaq,336558393.0,280370.0,10.97
CION,CION Investment Corporation Common Stock,other,335081383.0,581362.0,6.73
CMPX,"Compass Therapeutics, Inc. - Common Stock",nasdaq,334963522.0,3846011.0,1.86
HVT,"Haverty Furniture Companies, Inc. Common Stock",other,334944296.0,100724.0,20.81
RILY,"BRC Group Holdings, Inc. - Common Stock",nasdaq,334546634.0,711248.0,9.01
IMRX,Immuneering Corporation - Class A Common Stock,nasdaq,333837691.0,639978.0,5.16
MTRX,Matrix Service Company - Common Stock,nasdaq,333386123.0,196399.0,11.85
KELYA,"Kelly Services, Inc. - Class A Common Stock",nasdaq,332824224.0,683869.0,9.6
USNA,"USANA Health Sciences, Inc. Common Stock",other,331964938.0,174978.0,17.98
DSX,Diana Shipping inc. common stock,other,329851151.0,808760.0,2.67
SVCO,"Silvaco Group, Inc. - Common Stock",nasdaq,329827540.0,350212.0,10.09
API,"Agora, Inc. - ADS",nasdaq,328898664.0,241602.0,3.89
AVIR,"Atea Pharmaceuticals, Inc. - common stock",nasdaq,328111106.0,459921.0,4.1
DMAC,DiaMedica Therapeutics Inc. - Common Stock,nasdaq,326533071.0,123198.0,6.06
DBI,Designer Brands Inc. Class A Common Stock,other,325304430.0,389592.0,6.41
SI,"Shoulder Innovations, Inc. Common Stock",other,324138472.0,295223.0,15.63
GTE,Gran Tierra Energy Inc. Common Stock,other,323689758.0,327936.0,9.17
CV,"CapsoVision, Inc. - Common Stock",nasdaq,321779994.0,124374.0,6.455
RZLT,"Rezolute, Inc. - Common Stock (NV)",nasdaq,321616386.0,890846.0,3.34
VLN,Valens Semiconductor Ltd. Ordinary Shares,other,321142735.0,5336634.0,3.05
HLLY,Holley Inc. Common Stock,other,320663899.0,752893.0,2.64
CXDO,"Crexendo, Inc. - Common Stock",nasdaq,320588039.0,437656.0,9.89
RMNI,"Rimini Street, Inc. - Common Stock",nasdaq,320257600.0,438477.0,3.46
NAUT,"Nautilus Biotechnology, Inc. - Common Stock",nasdaq,318967926.0,332914.0,2.51
TENX,"Tenax Therapeutics, Inc. - Common Stock",nasdaq,317771405.0,773606.0,11.98
PALI,"Palisade Bio, Inc. - Common Stock",nasdaq,317650796.0,1809734.0,1.83
VGZ,Vista Gold Corp Common Stock,other,316757821.0,1194406.0,2.17
OABI,"OmniAb, Inc. - Common Stock",nasdaq,316040222.0,915360.0,2.18
TLS,Telos Corporation - Common Stock,nasdaq,314240535.0,590907.0,4.2
PAYS,"Paysign, Inc. - Common Stock",nasdaq,314190444.0,494666.0,5.62
SLNH,"Soluna Holdings, Inc. - Common Stock",nasdaq,313790462.0,38003039.0,2.22
NUCL,Eagle Nuclear Energy Corp. - Common stock,nasdaq,312949132.0,191698.0,10.58
ABEO,Abeona Therapeutics Inc. - Common Stock,nasdaq,312903341.0,1515905.0,5.49
TSSI,"TSS, Inc. - Common Stock",nasdaq,312182391.0,970119.0,11.12
EGHT,8x8 Inc - Common stock,nasdaq,312073104.0,1874208.0,2.24
LCTX,"Lineage Cell Therapeutics, Inc. Common Stock",other,311622869.0,1057154.0,1.25
RPAY,Repay Holdings Corporation - Class A Common Stock,nasdaq,311165581.0,601927.0,3.47
ORGO,Organogenesis Holdings Inc.  - Class A ,nasdaq,310105661.0,1948418.0,2.41
SSP,E.W. Scripps Company (The) - Class A Common Stock,nasdaq,309407985.0,759848.0,3.38
NMG,Nouveau Monde Graphite Inc. Common Shares,other,308786955.0,1291160.0,1.92
ORBS,Eightco Holdings Inc. - Common Stock,nasdaq,308135733.0,13964484.0,0.82
BNED,"Barnes & Noble Education, Inc Common Stock",other,307636187.0,265406.0,8.97
ASYS,"Amtech Systems, Inc. - Common Stock",nasdaq,305640775.0,248676.0,21.08
RDNW,"RideNow Group, Inc. - Class B Common Stock",nasdaq,304927209.0,172193.0,7.91
PDYN,Palladyne AI Corp. - Common stock,nasdaq,304725251.0,1010655.0,6.45
SBC,SBC Medical Group Holdings Incorporated - Common Stock,nasdaq,304653521.0,122555.0,2.97
ASLE,AerSale Corporation - Common Stock,nasdaq,302418106.0,470996.0,6.4
PTLO,Portillo's Inc. - Class A Common Stock,nasdaq,301705906.0,2117231.0,3.98
TYGO,"Tigo Energy, Inc. - Common Stock",nasdaq,299847636.0,432044.0,3.95
AIFU,AIFU Inc. - Class A Ordinary Share,nasdaq,299697344.0,102499.0,2.31
CARL,"Carlsmed, Inc. - Common Stock",nasdaq,299306112.0,322352.0,11.01
SIGA,SIGA Technologies Inc. - Common Stock,nasdaq,299089484.0,700168.0,4.17
MBI,MBIA Inc. Common Stock,other,298473469.0,322403.0,5.86
VFF,"Village Farms International, Inc. - Common Shares",nasdaq,298293470.0,899660.0,2.61
NUS,"Nu Skin Enterprises, Inc. Common Stock",other,297129323.0,688483.0,6.12
CMTG,"Claros Mortgage Trust, Inc. Common Stock",other,295861592.0,434807.0,2.11
ELMD,"Electromed, Inc. Common Stock",other,295432684.0,158718.0,35.68
RGNX,REGENXBIO Inc. - Common Stock,nasdaq,295250573.0,4334336.0,5.72
EU,enCore Energy Corp. - Common Stock,nasdaq,295208553.0,2526913.0,1.52
ELDN,"Eledon Pharmaceuticals, Inc. - Common Stock",nasdaq,293313727.0,992396.0,3.8
BRBS,"Blue Ridge Bankshares, Inc. Common Stock",other,293112178.0,162049.0,3.26
NVCT,"Nuvectis Pharma, Inc. - Common Stock",nasdaq,292841884.0,187499.0,11.04
ARDC,"Ares Dynamic Credit Allocation Fund, Inc. Common Shares",other,290790576.0,130088.0,12.69
NAGE,"Niagen Bioscience, Inc. - Common Stock",nasdaq,290701794.0,1403727.0,3.65
YOOV,Concorde International Group Ltd - Class A Ordinary Shares,nasdaq,290541399.0,2308808.0,1.28
HRZN,Horizon Technology Finance Corporation - Common Stock,nasdaq,290109722.0,882594.0,4.25
ISSC,"Innovative Solutions and Support, Inc. - Common Stock",nasdaq,289342532.0,757889.0,16.275
ZNTL,"Zentalis Pharmaceuticals, Inc. - common stock",nasdaq,288304709.0,918103.0,4.05
TARA,"Protara Therapeutics, Inc.  - Common Stock",nasdaq,286641609.0,1122917.0,5.1
ZIP,"ZipRecruiter, Inc. Class A Common Stock",other,286144151.0,421288.0,3.51
SY,So-Young International Inc. - American Depository Shares,nasdaq,285861187.0,429259.0,2.85
RC,Ready Capital Corporation Common Stock,other,285828993.0,2288533.0,1.73
SLN,Silence Therapeutics Plc - American Depository Share,nasdaq,285480000.0,188522.0,6.1
REI,"Ring Energy, Inc. Common Stock",other,284796485.0,8293172.0,1.36
AKBA,"Akebia Therapeutics, Inc. - Common Stock",nasdaq,284353738.0,4818607.0,1.06
ACIU,AC Immune SA - Common Stock,nasdaq,283948269.0,357202.0,2.79
FNKO,"Funko, Inc. - Class A Common Stock",nasdaq,283010152.0,491897.0,5.06
SABS,"SAB Biotherapeutics, Inc. - Common Stock",nasdaq,282917148.0,942459.0,3.7
SITC,SITE Centers Corp. Common Stock,other,282839571.0,637941.0,5.39
RWAY,Runway Growth Finance Corp. - Common Stock,nasdaq,282389231.0,1208852.0,6.65
WNC,Wabash National Corporation Common Stock,other,280243633.0,1027831.0,6.89
STRT,STRATTEC SECURITY CORPORATION - Common Stock,nasdaq,279603441.0,137609.0,66.91
TG,Tredegar Corporation Common Stock,other,279084047.0,216616.0,7.97
OPTX,"Syntec Optics Holdings, Inc. - Class A Common Stock",nasdaq,278224784.0,760004.0,7.16
FLWS,"1-800-FLOWERS.COM, Inc. - Class A Common Stock",nasdaq,277546431.0,451463.0,4.33
FWRD,Forward Air Corporation - Common Stock,nasdaq,277035403.0,1473262.0,8.76
CABO,"Cable One, Inc. Common Stock",other,276665041.0,212515.0,48.77
CNCK,Coincheck Group N.V. - Ordinary Shares,nasdaq,275932058.0,357106.0,2.03
DEFT,"Defi Technologies, Inc. - Common Stock",nasdaq,275360617.0,6700623.0,0.7101
SMWB,Similarweb Ltd. Ordinary Shares,other,274813988.0,680063.0,3.16
SILC,Silicom Ltd - Ordinary Shares,nasdaq,274351307.0,227536.0,48.08
ALXO,ALX Oncology Holdings Inc. - Common Stock,nasdaq,273162722.0,467178.0,2.03
SGHT,"Sight Sciences, Inc. - Common Stock",nasdaq,270961511.0,200855.0,4.98
MGNX,"MacroGenics, Inc. - Common Stock",nasdaq,270143273.0,1997061.0,4.25
AVXL,Anavex Life Sciences Corp. - Common Stock,nasdaq,269674816.0,1214773.0,2.91
SLP,"Simulations Plus, Inc. - Common Stock",nasdaq,269541130.0,300610.0,13.34
PRE,Prenetics Global Limited - Class A Ordinary Share,nasdaq,267609457.0,384017.0,15.61
PNNT,PennantPark Investment Corporation Common Stock,other,267061024.0,939444.0,4.09
LODE,Comstock Inc. Common Stock,other,264936663.0,1641693.0,3.49
CIA,"Citizens, Inc. Class A Common Stock ($1.00 Par)",other,263889604.0,125241.0,5.22
RDCM,Radcom Ltd. - Ordinary Shares,nasdaq,262874698.0,122897.0,15.75
DUOT,"Duos Technologies Group, Inc. - Common Stock",nasdaq,262781613.0,1390369.0,8.97
NCMI,"National CineMedia, Inc. - Common Stock",nasdaq,262584809.0,523830.0,2.8
SCM,Stellus Capital Investment Corporation Common Stock,other,262551594.0,201898.0,9.07
USAU,U.S. Gold Corp. - Common Stock,nasdaq,262203480.0,189928.0,15.89
AZ,A2Z Cust2Mate Solutions Corp. - Common Shares,nasdaq,261924653.0,3949505.0,5.88
MASS,908 Devices Inc. - Common Stock,nasdaq,260913985.0,258995.0,6.9
CGEN,Compugen Ltd. - Ordinary Shares,nasdaq,260023849.0,833537.0,2.75
NGEN,NervGen Pharma Corp. - Common stock,nasdaq,259659591.0,409932.0,3.565
APC,ARKO Petroleum Corp. - Class A Common Stock,nasdaq,258569487.0,136534.0,20.57
EDIT,"Editas Medicine, Inc. - Common Stock",nasdaq,256514459.0,1277203.0,2.62
AIRJ,AirJoule Technologies Corporation - Class A Common Stock,nasdaq,255403320.0,1056099.0,3.73
ACRE,Ares Commercial Real Estate Corporation Common Stock,other,255213120.0,372516.0,4.6
OSG,"Octave Specialty Group, Inc. Common Stock",other,254776931.0,446821.0,5.66
RCKY,"Rocky Brands, Inc. - Common Stock",nasdaq,254294760.0,116483.0,33.72
SBMT,Silver Bow Mining Corp. Common Shares,other,253563915.0,120951.0,8.59
CNTN,"Canton Strategic Holdings, Inc. - Common Stock",nasdaq,252693666.0,429969.0,3.62
TNXP,Tonix Pharmaceuticals Holding Corp. - Common Stock,nasdaq,250908208.0,720229.0,15.74
LTRX,"Lantronix, Inc. - Common Stock",nasdaq,249652151.0,592029.0,6.27
HUHU,HUHUTECH International Group Inc. - Ordinary Shares,nasdaq,249583803.0,124662.0,9.79
VUZI,Vuzix Corporation  - Common Stock,nasdaq,249474774.0,3390921.0,3.0
FBLA,"FB Bancorp, Inc. - Common Stock",nasdaq,248794408.0,120783.0,13.96
TRDA,"Entrada Therapeutics, Inc. - Common Stock",nasdaq,247675530.0,327052.0,6.38
RELL,"Richardson Electronics, Ltd. - Common Stock",nasdaq,246885397.0,1114306.0,16.96
TII,Titan Mining Corporation Common Shares,other,245720260.0,328789.0,2.5
LAW,"CS Disco, Inc. Common Stock",other,245634775.0,531154.0,3.83
ECC,Eagle Point Credit Company Inc. Common Stock,other,244469972.0,466396.0,4.03
CHRS,"Coherus Oncology, Inc. - Common Stock",nasdaq,242172343.0,1505596.0,1.57
ARTV,"Artiva Biotherapeutics, Inc. - Common Stock",nasdaq,241729052.0,523811.0,9.78
SENS,"Senseonics Holdings, Inc. - Common Stock",nasdaq,241203108.0,364327.0,5.77
OPRT,Oportun Financial Corporation - common stock,nasdaq,240127351.0,387748.0,5.25
ALEC,"Alector, Inc. - Common Stock",nasdaq,239814404.0,1104569.0,2.16
REFI,"Chicago Atlantic Real Estate Finance, Inc. - Common Stock",nasdaq,238793387.0,166209.0,11.26
HCKT,"The Hackett Group, Inc. - Common Stock",nasdaq,238286871.0,451501.0,9.46
MITT,"TPG Mortgage Investment Trust, Inc. Common Stock",other,237889993.0,142630.0,7.48
TPVG,TriplePoint Venture Growth BDC Corp. Common Stock,other,237504039.0,279661.0,5.85
FTF,Franklin Limited Duration Income Trust Common Shares of Beneficial Interest,other,237179545.0,148345.0,5.87
FOSL,"Fossil Group, Inc. - Common Stock",nasdaq,236923184.0,1439676.0,4.06
CTEV,Claritev Corporation Class A Common Stock,other,236452833.0,704419.0,13.87
XPOF,"Xponential Fitness, Inc. Class A Common Stock",other,235548250.0,598099.0,4.79
GLDG,GoldMining Inc. Common Shares,other,235399908.0,3602346.0,1.1
AREC,American Resources Corporation - Class A Common Stock,nasdaq,235236802.0,1685407.0,2.2
RXST,"RxSight, Inc. - Common Stock",nasdaq,235132739.0,572058.0,5.68
EAF,GrafTech International Ltd. Common Stock,other,233909558.0,173302.0,8.98
HELP,Cybin Inc. - Common Stock,nasdaq,233667163.0,989859.0,4.67
WHWK,"Whitehawk Therapeutics, Inc. - Common Stock",nasdaq,232426576.0,245313.0,4.7
INTT,inTest Corporation Common Stock,other,231692275.0,586289.0,18.44
LENZ,"LENZ Therapeutics, Inc. - Common Stock",nasdaq,230141252.0,994335.0,7.34
SPCE,"Virgin Galactic Holdings, Inc. Common Stock",other,228758489.0,13342228.0,2.81
ANNA,"AleAnna, Inc. - Class A Common Stock",nasdaq,228624184.0,478231.0,3.43
IKT,"Inhibikase Therapeutics, Inc. - Common Stock",nasdaq,228416460.0,947917.0,1.73
CRNT,Ceragon Networks Ltd. - Ordinary Shares,nasdaq,228143174.0,291453.0,2.51
VYGR,"Voyager Therapeutics, Inc. - Common Stock",nasdaq,227486146.0,835673.0,3.765
MFIN,Medallion Financial Corp. - Common Stock,nasdaq,227290186.0,116536.0,9.53
SPOK,"Spok Holdings, Inc. - Common Stock",nasdaq,226624059.0,134916.0,10.85
LOVE,The Lovesac Company - Common Stock,nasdaq,225984671.0,193163.0,15.29
VENU,Venu Holding Corporation Common Stock,other,225698969.0,263527.0,3.74
CMRC,"Commerce.com, Inc. - Series 1 Common Stock",nasdaq,224433304.0,747480.0,2.72
POWW,Outdoor Holding Company - Common Stock,nasdaq,224021459.0,371828.0,1.91
CDXS,"Codexis, Inc. - Common Stock",nasdaq,223605555.0,773427.0,2.46
ACH,"Accendra Health, Inc. Common Stock",other,222858573.0,818444.0,2.91
OBIO,"Orchestra BioMed Holdings, Inc. - Ordinary Shares",nasdaq,222756260.0,439072.0,3.72
FHTX,Foghorn Therapeutics Inc. - Common Stock,nasdaq,222525764.0,257881.0,3.79
INSG,Inseego Corp. - Common Stock,nasdaq,222502585.0,263329.0,13.67
UNCY,"Unicycive Therapeutics, Inc. - Common Stock",nasdaq,220542223.0,828479.0,8.26
KLTR,"Kaltura, Inc. - Common Stock",nasdaq,219547123.0,294619.0,1.46
FLYX,"flyExclusive, Inc. Class A Common Stock",other,218958204.0,161752.0,2.28
LPRO,Open Lending Corporation - Common Stock,nasdaq,218701602.0,839934.0,1.85
IMPP,Imperial Petroleum Inc. - Common Shares,nasdaq,218381968.0,262311.0,4.83
UIS,Unisys Corporation New Common Stock,other,217986458.0,613206.0,2.99
DMRC,Digimarc Corporation - Common Stock,nasdaq,217971355.0,244902.0,9.8
MNTK,"Montauk Renewables, Inc. - Common Stock",nasdaq,217781943.0,216426.0,1.53
KGEI,Kolibri Global Energy Inc. - Common stock,nasdaq,217001440.0,441673.0,6.11
PLG,Platinum Group Metals Ltd. Ordinary Shares (Canada),other,216872253.0,2002495.0,1.71
RNAC,"Cartesian Therapeutics, Inc. - Common Stock",nasdaq,216835573.0,120348.0,7.38
SMRT,"SmartRent, Inc. Class A Common Stock",other,215978637.0,858601.0,1.12
AMPY,Amplify Energy Corp. Common Stock,other,215933296.0,550708.0,5.23
CNDT,Conduent Incorporated - Common Stock,nasdaq,215584571.0,1862430.0,1.39
TBCH,Turtle Beach Corporation - Common Stock,nasdaq,215146044.0,257215.0,10.84
KINS,"Kingstone Companies, Inc - Common Stock",nasdaq,213796253.0,181084.0,14.76
CLW,Clearwater Paper Corporation Common Stock,other,213659602.0,143803.0,13.25
USBC,"USBC, Inc. Common Stock",other,213479436.0,1474219.0,0.55
ARCT,Arcturus Therapeutics Holdings Inc. - Common Stock,nasdaq,212320325.0,548305.0,7.47
CRBU,"Caribou Biosciences, Inc. - Common Stock",nasdaq,212246431.0,1923720.0,2.14
GORO,Gold Resource Corporation Common Stock,other,212066611.0,1242814.0,1.31
HITI,High Tide Inc. - Common Shares,nasdaq,211833884.0,509757.0,2.41
LFMD,"LifeMD, Inc. - Common Stock",nasdaq,209409668.0,811665.0,4.33
ARQQ,Arqit Quantum Inc. - Ordinary Shares,nasdaq,208795799.0,335730.0,13.34
KVHI,"KVH Industries, Inc. - Common Stock",nasdaq,208430958.0,128105.0,10.69
ALTG,Alta Equipment Group Inc. Class A Common Stock,other,207902101.0,315217.0,6.39
KROS,"Keros Therapeutics, Inc. - common stock",nasdaq,207772289.0,572203.0,10.5
TONX,TON Strategy Company - Common Stock,nasdaq,207467364.0,639265.0,3.67
JACK,Jack In The Box Inc. - Common Stock,nasdaq,207330206.0,936889.0,10.87
AOMR,"Angel Oak Mortgage REIT, Inc. Common Stock",other,207040717.0,115883.0,8.31
AVNW,"Aviat Networks, Inc. - Common Stock",nasdaq,207031408.0,376930.0,16.0
IMDX,Insight Molecular Diagnostics Inc. - Common Stock,nasdaq,206979970.0,453308.0,6.41
HDSN,"Hudson Technologies, Inc. - Common Stock",nasdaq,206978437.0,797868.0,4.92
OSUR,"OraSure Technologies, Inc. - Common Stock",nasdaq,206545659.0,1389253.0,3.0
HUMA,"Humacyte, Inc. - Common Stock",nasdaq,206499972.0,7477909.0,0.9301
SLQT,"SelectQuote, Inc. Common Stock",other,204563418.0,1098742.0,1.16
FATE,"Fate Therapeutics, Inc. - Common Stock",nasdaq,204561371.0,2064453.0,1.755
CRBP,"Corbus Pharmaceuticals Holdings, Inc. - Common Stock",nasdaq,204361579.0,166822.0,11.03
SND,"Smart Sand, Inc. - Common Stock",nasdaq,204181985.0,277198.0,4.75
IMMR,Immersion Corporation - Common Stock,nasdaq,203567780.0,314944.0,6.15
ELTX,"Elicio Therapeutics, Inc. - Common Stock",nasdaq,202885041.0,119033.0,10.63
ANGI,Angi Inc. - Class A Common Stock,nasdaq,201804276.0,1503448.0,4.98
LUCD,Lucid Diagnostics Inc. - Common Stock,nasdaq,201259489.0,1375502.0,0.9911
AIRO,"AIRO Group Holdings, Inc. - Common Stock",nasdaq,200262493.0,518079.0,6.37
NFE,New Fortress Energy Inc. - Class A Common Stock,nasdaq,198601772.0,5252693.0,0.6953
CNTX,Context Therapeutics Inc. - Common Stock,nasdaq,198459022.0,570983.0,2.16
SJT,San Juan Basin Royalty Trust Common Stock,other,197621295.0,407165.0,4.24
III,"Information Services Group, Inc. - Common Stock",nasdaq,197097809.0,456547.0,4.12
ACB,Aurora Cannabis Inc. - Common Shares,nasdaq,196232873.0,1002094.0,3.32
TGEN,Tecogen Inc. Common Stock,other,195065047.0,1108857.0,6.52
QSI,Quantum-Si Incorporated - Class A Common Stock,nasdaq,193828321.0,3679891.0,0.8901
LEE,"Lee Enterprises, Incorporated - Common Stock",nasdaq,193622743.0,127319.0,8.71
RFIL,"RF Industries, Ltd. - Common Stock",nasdaq,192602095.0,212249.0,17.81
VERI,"Veritone, Inc. - Common Stock",nasdaq,192398489.0,2591942.0,2.07
JRVR,"James River Group Holdings, Inc. - Common Stock",nasdaq,191882952.0,614019.0,4.15
RMAX,"RE/MAX Holdings, Inc. Class A Common Stock",other,190458360.0,840053.0,8.97
GPRO,"GoPro, Inc. - Class A Common Stock",nasdaq,189791108.0,5101690.0,1.11
SRI,"Stoneridge, Inc. Common Stock",other,189740846.0,171496.0,6.72
NKTX,"Nkarta, Inc. - Common Stock",nasdaq,188879745.0,729457.0,2.64
WALD,Waldencast plc - Class A Ordinary Share,nasdaq,188542012.0,239519.0,1.47
TKNO,"Alpha Teknova, Inc. - Common Stock",nasdaq,188185238.0,130354.0,3.51
ORMP,Oramed Pharmaceuticals Inc. - Common Stock,nasdaq,187670271.0,175427.0,4.64
DTIL,"Precision BioSciences, Inc. - Common Stock",nasdaq,187582336.0,238079.0,7.27
MIST,Milestone Pharmaceuticals Inc. - Common Shares,nasdaq,187369460.0,2015519.0,1.505
EPSN,Epsilon Energy Ltd. - Common Shares,nasdaq,186936453.0,172914.0,6.18
EMBC,Embecta Corp. - Common Stock,nasdaq,186288906.0,2782879.0,3.14
TNYA,"Tenaya Therapeutics, Inc. - Common Stock",nasdaq,186033136.0,7243259.0,0.8573
CVGI,"Commercial Vehicle Group, Inc. - Common Stock",nasdaq,185640704.0,337969.0,5.12
BMEZ,BlackRock Health Sciences Term Trust Common Shares of Beneficial Interest,other,184662299.0,252667.0,13.85
DPRO,Draganfly Inc. - Common Shares,nasdaq,183567685.0,878336.0,5.34
UP,Wheels Up Experience Inc. Class A Common Stock,other,182232559.0,159916.0,5.03
MVIS,"MicroVision, Inc. - Common Stock",nasdaq,182063982.0,21650228.0,0.5568
EARN,Ellington Credit Company Common Shares of Beneficial Interest,other,181035320.0,335430.0,4.82
PESI,"Perma-Fix Environmental Services, Inc. - Common Stock",nasdaq,180819019.0,1310988.0,9.74
STXS,"Stereotaxis, Inc. Common Stock",other,180812895.0,364598.0,1.85
SHIM,Shimmick Corporation - Common Stock,nasdaq,180415612.0,218927.0,4.97
TRT,Trio-Tech International Common Stock,other,179706325.0,4638461.0,20.05
KRMD,"KORU Medical Systems, Inc. - Common Stock",nasdaq,179138700.0,147086.0,3.9
IFRX,InflaRx N.V. - Common Stock,nasdaq,178563362.0,1450499.0,2.47
EGAN,eGain Corporation - Common Stock,nasdaq,177735854.0,902346.0,6.49
INFU,"InfuSystems Holdings, Inc. Common Stock",other,176993535.0,172776.0,8.77
FF,FutureFuel Corp.  Common shares,other,176769933.0,314140.0,4.03
TRAK,"ReposiTrak, Inc. Common Stock",other,176573077.0,206723.0,9.7
DERM,Journey Medical Corporation - Common Stock,nasdaq,174293683.0,406184.0,6.33
ENLV,Enlivex Ltd. - Ordinary Shares,nasdaq,173699711.0,224888.0,0.7206
KPTI,Karyopharm Therapeutics Inc. - Common Stock,nasdaq,172968088.0,998007.0,7.67
INGN,"Inogen, Inc - Common Stock",nasdaq,172735412.0,293372.0,6.38
TMCI,"Treace Medical Concepts, Inc. - Common Stock",nasdaq,172562116.0,985735.0,2.66
TBI,"TrueBlue, Inc. Common Stock",other,171783114.0,272512.0,5.65
BHR,Braemar Hotels & Resorts Inc. Common Stock,other,171698295.0,404775.0,2.5
ANTX,"AN2 Therapeutics, Inc. - Common Stock",nasdaq,171076765.0,408731.0,4.75
NLOP,Net Lease Office Properties Common Shares of Beneficial Interest,other,169917440.0,104487.0,11.47
APYX,Apyx Medical Corporation - Common Stock,nasdaq,169589502.0,173721.0,4.05
LCUT,"Lifetime Brands, Inc. - Common Stock",nasdaq,167527209.0,119088.0,7.33
PRQR,ProQR Therapeutics N.V. - Ordinary Shares,nasdaq,167524092.0,413323.0,1.59
EPM,"Evolution Petroleum Corporation, Inc. Common Stock",other,167166899.0,529791.0,4.66
KULR,"KULR Technology Group, Inc. Common Stock",other,166514544.0,2330218.0,3.6
LFCR,"Lifecore Biomedical, Inc. - Common Stock",nasdaq,165041391.0,182222.0,4.4
ONL,Orion Properties Inc. Common Stock,other,164807197.0,227016.0,2.9
ABOS,"Acumen Pharmaceuticals, Inc. - Common Stock",nasdaq,164678882.0,387740.0,2.28
TLSI,"TriSalus Life Sciences, Inc. - Common Stock",nasdaq,164596314.0,2166234.0,2.68
IMUX,"Immunic, Inc.  - Common Stock",nasdaq,164548034.0,161739.0,12.08
BRR,"ProCap Financial, Inc. - Common Stock",nasdaq,164136906.0,695242.0,2.01
RCMT,"RCM Technologies, Inc. - Common Stock",nasdaq,162403596.0,206857.0,23.12
CHPT,"ChargePoint Holdings, Inc. Common Stock",other,161879645.0,394058.0,6.63
SPRO,"Spero Therapeutics, Inc. - Common Stock",nasdaq,161545165.0,936833.0,2.79
BZAI,"Blaize Holdings, Inc. - Common Stock",nasdaq,161532198.0,21407693.0,1.31
AMTX,"Aemetis, Inc - Common Stock",nasdaq,161139232.0,1147383.0,2.29
OWLT,"Owlet, Inc. Class A Common Stock",other,160956482.0,130511.0,5.55
HRTX,"Heron Therapeutics, Inc.   - Common Stock",nasdaq,160887464.0,1965006.0,0.85
PLX,"Protalix BioTherapeutics, Inc. (DE) Common Stock",other,159531851.0,1097426.0,1.98
PIM,Putnam Master Intermediate Income Trust Common Stock,other,159303259.0,417909.0,3.17
CVRX,"CVRx, Inc. - Common Stock",nasdaq,158950305.0,1074942.0,5.99
DOMO,"Domo, Inc. - Class B Common Stock",nasdaq,158463857.0,460367.0,3.51
TORO,Toro Corp. - Common stock,nasdaq,158397941.0,116484.0,5.49
MX,Magnachip Semiconductor Corporation Common Stock,other,158153306.0,1624928.0,4.34
INVZ,Innoviz Technologies Ltd. - Ordinary shares,nasdaq,157889341.0,4880626.0,0.736
DIBS,"1stdibs.com, Inc. - Common Stock",nasdaq,157587459.0,145774.0,4.46
BDTX,"Black Diamond Therapeutics, Inc. - Common Stock",nasdaq,157579879.0,625186.0,2.75
NRDY,Nerdy Inc. Class A Common Stock,other,156117207.0,286244.0,0.8212
DHX,"DHI Group, Inc. Common Stock",other,155946610.0,147932.0,3.61
OXSQ,Oxford Square Capital Corp. - Closed End Fund,nasdaq,154319694.0,3170213.0,1.65
PLBY,"Playboy, Inc. - Common Stock",nasdaq,154236191.0,1482348.0,1.33
TUSK,"Mammoth Energy Services, Inc. - Common Stock",nasdaq,154146070.0,430524.0,3.2
HYPR,"Hyperfine, Inc.  - Class A Common Stock",nasdaq,153869021.0,451999.0,1.55
NXG,NXG NextGen Infrastructure Income Fund Common Shares of Beneficial Interest,other,153397057.0,125999.0,58.96
GCTS,"GCT Semiconductor Holding, Inc. Common Stock",other,152038825.0,10433450.0,1.83
RAIL,"Freightcar America, Inc. - Common Stock",nasdaq,151949432.0,125864.0,7.94
THRY,"Thryv Holdings, Inc. - Common Stock",nasdaq,151232770.0,855616.0,3.41
RGP,"Resources Connection, Inc. - Common Stock",nasdaq,151049114.0,321035.0,4.4
ASRT,"Assertio Holdings, Inc. - Common Stock",nasdaq,150698038.0,275459.0,23.32
OGI,Organigram Global Inc. - Common Shares,nasdaq,150621423.0,1263461.0,1.07
LGCY,Legacy Education Inc. Common Stock,other,150347985.0,124132.0,11.92
CNTB,Connect Biopharma Holdings Limited - Ordinary Shares,nasdaq,149853970.0,114107.0,2.38
CURI,CuriosityStream Inc.  - Class A Common Stock,nasdaq,149404752.0,2436991.0,2.52
AGEN,Agenus Inc. - Common Stock,nasdaq,149079903.0,508524.0,3.58
CRDL,Cardiol Therapeutics Inc. - Class A Common Shares,nasdaq,147671151.0,465628.0,1.32
ALPS,ALPS Group Inc - Ordinary Share,nasdaq,147264289.0,124986.0,0.885
HURA,"TuHURA Biosciences, Inc. - Common Stock",nasdaq,146866400.0,614163.0,2.31
KRRO,"Korro Bio, Inc. - Common Stock",nasdaq,146821773.0,110068.0,10.18
SKYX,SKYX Platforms Corp. - Common Stock,nasdaq,145242813.0,1660990.0,1.08
DOUG,Douglas Elliman Inc. Common Stock,other,143631610.0,757618.0,1.58
PYXS,"Pyxis Oncology, Inc. - Common Stock",nasdaq,143310458.0,986706.0,2.28
GALT,Galectin Therapeutics Inc. - Common Stock,nasdaq,142845562.0,366275.0,2.17
GRO,Brazil Potash Corp. Common Shares,other,142664126.0,775198.0,2.63
BOOM,DMC Global Inc. - Common Stock,nasdaq,141848833.0,147625.0,6.93
DFDV,DeFi Development Corp. - Common Stock,nasdaq,141587491.0,762520.0,4.8
RDZN,"Roadzen, Inc. - Ordinary Shares",nasdaq,141061339.0,427566.0,1.77
RCEL,"Avita Medical, Inc. - Common Stock",nasdaq,140341702.0,1218385.0,4.56
MED,MEDIFAST INC Common Stock,other,138766555.0,132279.0,12.48
EQ,"Equillium, Inc. - Common Stock",nasdaq,137833892.0,507480.0,2.18
PAL,"Proficient Auto Logistics, Inc. - Common Stock",nasdaq,136816300.0,505815.0,4.92
GUTS,"Fractyl Health, Inc. - Common Stock",nasdaq,136533298.0,2774916.0,0.8606
WTF,Waton Financial Limited - Ordinary Shares,nasdaq,136512046.0,536508.0,2.83
SRG,Seritage Growth Properties Class A Common Stock,other,135742303.0,422494.0,2.41
WATT,Energous Corporation - Common Stock,nasdaq,134886947.0,385258.0,24.52
RANI,"Rani Therapeutics Holdings, Inc. - Class A Common Stock",nasdaq,133587669.0,991933.0,1.08
VWAV,"VisionWave Holdings, Inc. - Common Stock",nasdaq,133305496.0,341211.0,5.59
NVX,NOVONIX Limited - American Depository Shares,nasdaq,132311624.0,330780.0,0.63
ZONE,CleanCore Solutions Inc. Class B Common Stock,other,131343415.0,2399237.0,0.5918
GNLX,Genelux Corporation - Common Stock,nasdaq,130934015.0,152237.0,2.92
BNAI,Brand Engagement Network Inc. - Common Stock,nasdaq,130866715.0,174450.0,22.34
NAKA,Nakamoto Inc. - Common Stock,nasdaq,130516047.0,5386084.0,0.1875
CURV,Torrid Holdings Inc. Common Stock,other,130343002.0,381603.0,1.31
QTRX,Quanterix Corporation - Common Stock,nasdaq,129541448.0,1500874.0,2.75
SPWR,SunPower Inc. - Common Stock,nasdaq,129185824.0,879937.0,1.02
AIFC,AI Financial Corporation - Common Stock,nasdaq,127802085.0,879018.0,1.005
OKUR,"OnKure Therapeutics, Inc. - Class A Common Stock",nasdaq,127649717.0,130977.0,3.16
GLND,Greenland Energy Company - Common Stock,nasdaq,126817563.0,625373.0,2.9
VTIX,Virtuix Holdings Inc. - Class A Common Stock,nasdaq,126649275.0,131925.0,3.86
JELD,"JELD-WEN Holding, Inc. Common Stock",other,126642442.0,815252.0,1.47
ATLX,Atlas Lithium Corporation - Common Stock,nasdaq,126515905.0,1477696.0,4.29
HSDT,Solana Company - Class A Common Stock,nasdaq,126410548.0,147840.0,2.3
PLYX,"Polaryx Therapeutics, Inc. - Common Stock",nasdaq,126406603.0,313151.0,2.67
PNBK,Patriot National Bancorp Inc. - Common Stock,nasdaq,125281713.0,204384.0,1.07
VIVO,VivoPower PLC - Ordinary Shares,nasdaq,125050332.0,2896926.0,4.54
MBOT,Microbot Medical Inc.  - Common Stock,nasdaq,124254882.0,1784100.0,1.85
TLYS,"Tilly's, Inc. Common Stock",other,123173217.0,158898.0,4.04
SUIG,Sui Group Holdings Limited - Common Stock,nasdaq,122884595.0,441986.0,1.6
QMCO,Quantum Corporation - Common Stock,nasdaq,122227542.0,401081.0,8.35
DWSN,Dawson Geophysical Company - Common Stock,nasdaq,121416604.0,562540.0,3.91
PZG,Paramount Gold Nevada Corp. Common Stock,other,120955977.0,2735697.0,1.41
NNOX,NANO-X IMAGING LTD - Ordinary Shares,nasdaq,119695192.0,906494.0,1.72
BLNK,Blink Charging Co. - Common Stock,nasdaq,119457430.0,2194307.0,0.8314
TTEC,"TTEC Holdings, Inc. - Common Stock",nasdaq,119213033.0,274779.0,2.45
SRFM,Surf Air Mobility Inc. Common Stock,other,118468310.0,2128512.0,1.18
NXTT,Next Technology Holding Inc. - Ordinary Shares,nasdaq,118209780.0,210910.0,1.55
JYNT,The Joint Corp. - Common Stock,nasdaq,117321909.0,126670.0,8.23
NNBR,"NN, Inc. - Common Stock",nasdaq,117157197.0,645923.0,2.22
BNC,CEA Industries Inc. - Common Stock,nasdaq,117105646.0,208067.0,2.73
LICN,Lichen International Limited - Class A Ordinary Shares,nasdaq,116372721.0,220625.0,7.08
COYA,"Coya Therapeutics, Inc. - Common Stock",nasdaq,116347628.0,152064.0,4.96
DH,Definitive Healthcare Corp. - Class A Common Stock,nasdaq,116135278.0,265695.0,0.8079
ENGN,enGene Therapeutics Inc. - Common Stock,nasdaq,115221882.0,2740598.0,1.72
SAFX,"XCF Global, Inc. - Class A Common Stock",nasdaq,114889648.0,2919900.0,0.4171
ARBE,Arbe Robotics Ltd. - Ordinary Shares,nasdaq,114647518.0,2738681.0,1.05
GGT,"Gabelli Multi-Media Trust, Inc. (The) Common Stock",other,114273367.0,246283.0,4.15
CHGG,"Chegg, Inc. Common Stock",other,114198015.0,1088420.0,1.02
CRDF,"Cardiff Oncology, Inc. - Common Stock",nasdaq,114177726.0,879127.0,1.67
ATLN,Atlantic International Corp. - Common Stock,nasdaq,112688745.0,137223.0,1.42
FURY,Fury Gold Mines Limited Common Shares,other,112534313.0,581702.0,0.5919
BYRN,"Byrna Technologies, Inc. - Common Stock",nasdaq,112520844.0,383754.0,4.96
ARQ,"Arq, Inc. - Common Stock",nasdaq,112466796.0,174551.0,2.62
CMTL,Comtech Telecommunications Corp. - Common Stock,nasdaq,111800287.0,154169.0,3.76
PSIG,PS International Group Ltd. - Ordinary Shares,nasdaq,111480147.0,2112928.0,7.25
MXCT,"MaxCyte, Inc. - Common Stock",nasdaq,111406539.0,1017198.0,1.04
FFAI,Faraday Future Intelligent Electric Inc. - Class A Common Stock,nasdaq,111336695.0,9052657.0,0.36
VHUB,"VenHub Global, Inc. - Common Stock",nasdaq,110575214.0,496247.0,1.3
EXFY,"Expensify, Inc. - Class A Common Stock",nasdaq,109939456.0,496130.0,1.14
SEAT,Vivid Seats Inc. - Class A common stock,nasdaq,109434614.0,121020.0,9.96
NEOV,NeoVolta Inc. - Common Stock,nasdaq,109340931.0,508381.0,2.56
EDSA,"Edesa Biotech, Inc. - Common Shares",nasdaq,108943501.0,167584.0,13.05
NRXP,"NRX Pharmaceuticals, Inc. - Common Stock",nasdaq,108461826.0,2218626.0,3.28
HFFG,HF Foods Group Inc. - Common Stock,nasdaq,108020342.0,371416.0,2.02
PEPG,PepGen Inc. - Common Stock,nasdaq,107212283.0,716367.0,1.55
INO,"Inovio Pharmaceuticals, Inc. - Common Stock",nasdaq,106955208.0,1948166.0,1.3
QTTB,Q32 Bio Inc. - Common Stock,nasdaq,106825415.0,113351.0,6.3
WW,"WW International, Inc.  - Common Stock",nasdaq,106786757.0,350736.0,10.68
CYPH,Cypherpunk Technologies Inc. - Common Stock,nasdaq,105981420.0,2458856.0,1.085
BWEN,"Broadwind, Inc. - Common Stock",nasdaq,105786604.0,2842459.0,4.52
DTI,Drilling Tools International Corporation  - Common Stock,nasdaq,105768673.0,150618.0,3.01
REKR,"Rekor Systems, Inc. - Common Stock",nasdaq,105462859.0,3954287.0,0.7664
CLAR,Clarus Corporation - Common Stock,nasdaq,104945257.0,225272.0,2.73
OCC,Optical Cable Corporation - Common Stock,nasdaq,104036224.0,311752.0,11.78
HOVR,New Horizon Aircraft Ltd. - Class A Ordinary Shares,nasdaq,102995457.0,2756867.0,2.21
ZVIA,Zevia PBC Class A Common Stock,other,102388888.0,1820789.0,1.33
CGTX,"Cognition Therapeutics, Inc. - Common Stock",nasdaq,102027737.0,763673.0,1.14
LGO,Largo Inc. - Common Shares,nasdaq,101939064.0,845521.0,1.01
UPXI,"Upexi, Inc. - Common Stock",nasdaq,101879651.0,3049212.0,1.45
WYY,WidePoint Corporation Common Stock,other,101688408.0,444111.0,10.3
ALDX,"Aldeyra Therapeutics, Inc. - Common Stock",nasdaq,101339394.0,1313331.0,1.68
MCRP,Micropolis AI Robotics Ordinary Shares,other,101176496.0,156148.0,2.9
VANI,"Vivani Medical, Inc.  - Common Stock",nasdaq,100895072.0,183140.0,1.17
CBUS,"Cibus, Inc. - Class A Common Stock",nasdaq,100012914.0,342072.0,1.31
